episode_id,create_time,avg_score,min_score,sum_score,agent_count,size_bytes,crawl_date,source_manifest,is_representative,dedup_reason
102844256,2026-08-29 23:20:46.555607100,3026.224305,3020.037415,6052.44861,2,32132264,2026-08-29,/home/nk/Projects/data-mining/Chapter_4/Bai_3/output/manifest_snapshots/manifest_2026-08-29.csv,False,duplicate_episode_id_removed
102844254,2026-08-29 23:20:46.554467800,3026.224305,3024.471426,6052.44861,2,32527178,2026-08-29,/home/nk/Projects/data-mining/Chapter_4/Bai_3/output/manifest_snapshots/manifest_2026-08-29.csv,False,duplicate_episode_id_removed
102819708,2026-08-29 22:36:39.966156000,3026.224305,3023.392108,6052.44861,2,31340103,2026-08-29,/home/nk/Projects/data-mining/Chapter_4/Bai_3/output/manifest_snapshots/manifest_2026-08-29.csv,False,duplicate_episode_id_removed
102748473,2026-08-29 20:28:41.848355100,3024.648527,3015.01822,6049.297054,2,32081807,2026-08-29,/home/nk/Projects/data-mining/Chapter_4/Bai_3/output/manifest_snapshots/manifest_2026-08-29.csv,False,duplicate_episode_id_removed
102788602,2026-08-29 21:40:40.340352700,3024.648527,3015.496937,6049.297054,2,32246054,2026-08-29,/home/nk/Projects/data-mining/Chapter_4/Bai_3/output/manifest_snapshots/manifest_2026-08-29.csv,False,duplicate_episode_id_removed
102694947,2026-08-29 18:52:34.947598400,3024.648527,3023.800108,6049.297054,2,32233411,2026-08-29,/home/nk/Projects/data-mining/Chapter_4/Bai_3/output/manifest_snapshots/manifest_2026-08-29.csv,False,duplicate_episode_id_removed
102630221,2026-08-29 16:56:31.739164000,3024.648527,3023.581854,6049.297054,2,32287274,2026-08-29,/home/nk/Projects/data-mining/Chapter_4/Bai_3/output/manifest_snapshots/manifest_2026-08-29.csv,False,duplicate_episode_id_removed
102788601,2026-08-29 21:40:40.339069400,3024.648527,3019.831198,6049.297054,2,31295915,2026-08-29,/home/nk/Projects/data-mining/Chapter_4/Bai_3/output/manifest_snapshots/manifest_2026-08-29.csv,False,duplicate_episode_id_removed
102505140,2026-08-29 13:12:36.217425300,3024.648527,3018.399626,6049.297054,2,32265601,2026-08-29,/home/nk/Projects/data-mining/Chapter_4/Bai_3/output/manifest_snapshots/manifest_2026-08-29.csv,False,duplicate_episode_id_removed
102563171,2026-08-29 14:56:37.769579400,3024.648527,3018.658013,6049.297054,2,32085264,2026-08-29,/home/nk/Projects/data-mining/Chapter_4/Bai_3/output/manifest_snapshots/manifest_2026-08-29.csv,False,duplicate_episode_id_removed
102505146,2026-08-29 13:12:36.226742200,3024.648527,3023.098666,6049.297054,2,30471850,2026-08-29,/home/nk/Projects/data-mining/Chapter_4/Bai_3/output/manifest_snapshots/manifest_2026-08-29.csv,False,duplicate_episode_id_removed
102748471,2026-08-29 20:28:41.846124600,3024.648527,3019.33647,6049.297054,2,32045623,2026-08-29,/home/nk/Projects/data-mining/Chapter_4/Bai_3/output/manifest_snapshots/manifest_2026-08-29.csv,False,duplicate_episode_id_removed
102630220,2026-08-29 16:56:31.738078900,3024.648527,3018.899563,6049.297054,2,31615156,2026-08-29,/home/nk/Projects/data-mining/Chapter_4/Bai_3/output/manifest_snapshots/manifest_2026-08-29.csv,False,duplicate_episode_id_removed
102563172,2026-08-29 14:56:37.771180700,3024.648527,3023.348394,6049.297054,2,32171268,2026-08-29,/home/nk/Projects/data-mining/Chapter_4/Bai_3/output/manifest_snapshots/manifest_2026-08-29.csv,False,duplicate_episode_id_removed
102694950,2026-08-29 18:52:34.952579200,3024.648527,3019.125373,6049.297054,2,31963321,2026-08-29,/home/nk/Projects/data-mining/Chapter_4/Bai_3/output/manifest_snapshots/manifest_2026-08-29.csv,False,duplicate_episode_id_removed
102083031,2026-08-29 00:36:28.618224700,3021.279202,3017.834721,6042.558403,2,32065772,2026-08-29,/home/nk/Projects/data-mining/Chapter_4/Bai_3/output/manifest_snapshots/manifest_2026-08-29.csv,False,duplicate_episode_id_removed
102397878,2026-08-29 10:00:28.653370100,3020.199013,3019.941404,6040.398027,2,31954315,2026-08-29,/home/nk/Projects/data-mining/Chapter_4/Bai_3/output/manifest_snapshots/manifest_2026-08-29.csv,False,duplicate_episode_id_removed
102091987,2026-08-29 00:52:29.342825800,3019.14529,3017.758669,6038.29058,2,32056444,2026-08-29,/home/nk/Projects/data-mining/Chapter_4/Bai_3/output/manifest_snapshots/manifest_2026-08-29.csv,False,duplicate_episode_id_removed
102089752,2026-08-29 00:48:31.311377500,3018.739006,3015.118839,6037.478012,2,31900912,2026-08-29,/home/nk/Projects/data-mining/Chapter_4/Bai_3/output/manifest_snapshots/manifest_2026-08-29.csv,False,duplicate_episode_id_removed
102346581,2026-08-29 08:28:30.447871800,3018.69799,3012.818056,6037.395981,2,32130397,2026-08-29,/home/nk/Projects/data-mining/Chapter_4/Bai_3/output/manifest_snapshots/manifest_2026-08-29.csv,False,duplicate_episode_id_removed
102076339,2026-08-29 00:24:29.677061900,3018.118538,3013.065396,6036.237076,2,31666559,2026-08-29,/home/nk/Projects/data-mining/Chapter_4/Bai_3/output/manifest_snapshots/manifest_2026-08-29.csv,False,duplicate_episode_id_removed
102297457,2026-08-29 07:00:32.836055300,3017.066273,3013.999018,6034.132547,2,31346358,2026-08-29,/home/nk/Projects/data-mining/Chapter_4/Bai_3/output/manifest_snapshots/manifest_2026-08-29.csv,False,duplicate_episode_id_removed
102201447,2026-08-29 04:08:34.244516800,3015.45601,3005.210932,6030.912021,2,31220719,2026-08-29,/home/nk/Projects/data-mining/Chapter_4/Bai_3/output/manifest_snapshots/manifest_2026-08-29.csv,False,duplicate_episode_id_removed
102201446,2026-08-29 04:08:34.242707000,3015.45601,3001.050907,6030.912021,2,31908235,2026-08-29,/home/nk/Projects/data-mining/Chapter_4/Bai_3/output/manifest_snapshots/manifest_2026-08-29.csv,False,duplicate_episode_id_removed
102248387,2026-08-29 05:32:32.498104500,3015.45601,3006.026686,6030.912021,2,32207340,2026-08-29,/home/nk/Projects/data-mining/Chapter_4/Bai_3/output/manifest_snapshots/manifest_2026-08-29.csv,False,duplicate_episode_id_removed
102161315,2026-08-29 02:56:44.314984400,3015.45601,3009.508659,6030.912021,2,32107308,2026-08-29,/home/nk/Projects/data-mining/Chapter_4/Bai_3/output/manifest_snapshots/manifest_2026-08-29.csv,False,duplicate_episode_id_removed
102100943,2026-08-29 01:08:34.707772900,3014.110943,3013.145119,6028.221886,2,31397111,2026-08-29,/home/nk/Projects/data-mining/Chapter_4/Bai_3/output/manifest_snapshots/manifest_2026-08-29.csv,False,duplicate_episode_id_removed
102103185,2026-08-29 01:12:34.857101900,3013.955514,3010.246624,6027.911028,2,31990319,2026-08-29,/home/nk/Projects/data-mining/Chapter_4/Bai_3/output/manifest_snapshots/manifest_2026-08-29.csv,False,duplicate_episode_id_removed
102105487,2026-08-29 01:16:30.524454600,3013.846395,3005.660898,6027.692791,2,32164459,2026-08-29,/home/nk/Projects/data-mining/Chapter_4/Bai_3/output/manifest_snapshots/manifest_2026-08-29.csv,False,duplicate_episode_id_removed
102125565,2026-08-29 01:52:29.121826200,3013.778667,3001.301312,6027.557334,2,32097116,2026-08-29,/home/nk/Projects/data-mining/Chapter_4/Bai_3/output/manifest_snapshots/manifest_2026-08-29.csv,False,duplicate_episode_id_removed
102069628,2026-08-29 00:12:29.161161500,3012.887642,3008.231681,6025.775284,2,31240753,2026-08-29,/home/nk/Projects/data-mining/Chapter_4/Bai_3/output/manifest_snapshots/manifest_2026-08-29.csv,False,duplicate_episode_id_removed
102449276,2026-08-29 11:32:29.806140800,2977.055088,2927.644662,5954.110176,2,31206882,2026-08-29,/home/nk/Projects/data-mining/Chapter_4/Bai_3/output/manifest_snapshots/manifest_2026-08-29.csv,False,duplicate_episode_id_removed
102080807,2026-08-29 00:32:28.645111700,2974.458816,2918.101514,5948.917633,2,32268037,2026-08-29,/home/nk/Projects/data-mining/Chapter_4/Bai_3/output/manifest_snapshots/manifest_2026-08-29.csv,False,duplicate_episode_id_removed
102297456,2026-08-29 07:00:32.832818500,2973.995197,2930.727943,5947.990395,2,31651663,2026-08-29,/home/nk/Projects/data-mining/Chapter_4/Bai_3/output/manifest_snapshots/manifest_2026-08-29.csv,False,duplicate_episode_id_removed
102078571,2026-08-29 00:28:30.639090700,2971.793,2916.537878,5943.586,2,31048226,2026-08-29,/home/nk/Projects/data-mining/Chapter_4/Bai_3/output/manifest_snapshots/manifest_2026-08-29.csv,False,duplicate_episode_id_removed
102819709,2026-08-29 22:36:39.966089100,2971.492015,2924.335538,5942.98403,2,32415298,2026-08-29,/home/nk/Projects/data-mining/Chapter_4/Bai_3/output/manifest_snapshots/manifest_2026-08-29.csv,False,duplicate_episode_id_removed
102098706,2026-08-29 01:04:29.654350400,2971.004839,2931.954596,5942.009678,2,31098096,2026-08-29,/home/nk/Projects/data-mining/Chapter_4/Bai_3/output/manifest_snapshots/manifest_2026-08-29.csv,False,duplicate_episode_id_removed
102087512,2026-08-29 00:44:30.815143900,2970.959009,2921.368449,5941.918017,2,32123993,2026-08-29,/home/nk/Projects/data-mining/Chapter_4/Bai_3/output/manifest_snapshots/manifest_2026-08-29.csv,False,duplicate_episode_id_removed
102085269,2026-08-29 00:40:31.705777600,2970.618372,2924.454252,5941.236744,2,32126645,2026-08-29,/home/nk/Projects/data-mining/Chapter_4/Bai_3/output/manifest_snapshots/manifest_2026-08-29.csv,False,duplicate_episode_id_removed
102094229,2026-08-29 00:56:29.758493300,2969.597005,2925.879699,5939.19401,2,30335252,2026-08-29,/home/nk/Projects/data-mining/Chapter_4/Bai_3/output/manifest_snapshots/manifest_2026-08-29.csv,False,duplicate_episode_id_removed
102074098,2026-08-29 00:20:28.573270200,2969.056239,2921.00028,5938.112479,2,32013725,2026-08-29,/home/nk/Projects/data-mining/Chapter_4/Bai_3/output/manifest_snapshots/manifest_2026-08-29.csv,False,duplicate_episode_id_removed
102071863,2026-08-29 00:16:28.462565300,2968.462061,2924.132825,5936.924123,2,31622632,2026-08-29,/home/nk/Projects/data-mining/Chapter_4/Bai_3/output/manifest_snapshots/manifest_2026-08-29.csv,False,duplicate_episode_id_removed
102397877,2026-08-29 10:00:28.651877900,2968.098325,2912.817692,5936.19665,2,32335337,2026-08-29,/home/nk/Projects/data-mining/Chapter_4/Bai_3/output/manifest_snapshots/manifest_2026-08-29.csv,False,duplicate_episode_id_removed
102096467,2026-08-29 01:00:30.007684900,2967.540665,2918.275234,5935.08133,2,32000274,2026-08-29,/home/nk/Projects/data-mining/Chapter_4/Bai_3/output/manifest_snapshots/manifest_2026-08-29.csv,False,duplicate_episode_id_removed
102449287,2026-08-29 11:32:29.812268300,2966.379548,2909.927556,5932.759096,2,31480445,2026-08-29,/home/nk/Projects/data-mining/Chapter_4/Bai_3/output/manifest_snapshots/manifest_2026-08-29.csv,False,duplicate_episode_id_removed
102248386,2026-08-29 05:32:32.477834500,2964.485989,2919.724766,5928.971978,2,32331960,2026-08-29,/home/nk/Projects/data-mining/Chapter_4/Bai_3/output/manifest_snapshots/manifest_2026-08-29.csv,False,duplicate_episode_id_removed
102346579,2026-08-29 08:28:30.446737600,2963.409926,2910.99975,5926.819852,2,32181580,2026-08-29,/home/nk/Projects/data-mining/Chapter_4/Bai_3/output/manifest_snapshots/manifest_2026-08-29.csv,False,duplicate_episode_id_removed
102150079,2026-08-29 02:36:29.458879800,2962.542336,2920.430608,5925.084672,2,32293201,2026-08-29,/home/nk/Projects/data-mining/Chapter_4/Bai_3/output/manifest_snapshots/manifest_2026-08-29.csv,False,duplicate_episode_id_removed
102065135,2026-08-29 00:04:28.663317400,2962.225696,2927.373187,5924.451393,2,31380517,2026-08-29,/home/nk/Projects/data-mining/Chapter_4/Bai_3/output/manifest_snapshots/manifest_2026-08-29.csv,False,duplicate_episode_id_removed
102062874,2026-08-29 00:00:29.131224500,2955.624277,2919.467398,5911.248553,2,31103670,2026-08-29,/home/nk/Projects/data-mining/Chapter_4/Bai_3/output/manifest_snapshots/manifest_2026-08-29.csv,False,duplicate_episode_id_removed
102067390,2026-08-29 00:08:30.532894800,2943.526304,2885.763218,5887.052608,2,32257905,2026-08-29,/home/nk/Projects/data-mining/Chapter_4/Bai_3/output/manifest_snapshots/manifest_2026-08-29.csv,False,duplicate_episode_id_removed
102844281,2026-08-29 23:20:46.607468500,2928.442128,2925.004815,5856.884256,2,32080777,2026-08-29,/home/nk/Projects/data-mining/Chapter_4/Bai_3/output/manifest_snapshots/manifest_2026-08-29.csv,False,duplicate_episode_id_removed
102592229,2026-08-29 15:48:48.212163200,2926.630824,2913.316697,5853.261647,2,32082228,2026-08-29,/home/nk/Projects/data-mining/Chapter_4/Bai_3/output/manifest_snapshots/manifest_2026-08-29.csv,False,duplicate_episode_id_removed
102661454,2026-08-29 17:52:35.634628800,2926.191078,2917.393506,5852.382157,2,32044939,2026-08-29,/home/nk/Projects/data-mining/Chapter_4/Bai_3/output/manifest_snapshots/manifest_2026-08-29.csv,False,duplicate_episode_id_removed
102786270,2026-08-29 21:36:40.898646900,2926.176789,2920.623032,5852.353577,2,32241492,2026-08-29,/home/nk/Projects/data-mining/Chapter_4/Bai_3/output/manifest_snapshots/manifest_2026-08-29.csv,False,duplicate_episode_id_removed
102141061,2026-08-29 02:20:29.472350100,2925.938614,2912.062288,5851.877228,2,30849919,2026-08-29,/home/nk/Projects/data-mining/Chapter_4/Bai_3/output/manifest_snapshots/manifest_2026-08-29.csv,False,duplicate_episode_id_removed
102165685,2026-08-29 03:04:29.732036800,2925.762816,2916.676245,5851.525633,2,30966530,2026-08-29,/home/nk/Projects/data-mining/Chapter_4/Bai_3/output/manifest_snapshots/manifest_2026-08-29.csv,False,duplicate_episode_id_removed
102226065,2026-08-29 04:52:29.422257500,2924.17713,2923.040326,5848.354259,2,31284729,2026-08-29,/home/nk/Projects/data-mining/Chapter_4/Bai_3/output/manifest_snapshots/manifest_2026-08-29.csv,False,duplicate_episode_id_removed
102192503,2026-08-29 03:52:31.000542300,2924.12843,2918.257442,5848.256861,2,30426038,2026-08-29,/home/nk/Projects/data-mining/Chapter_4/Bai_3/output/manifest_snapshots/manifest_2026-08-29.csv,False,duplicate_episode_id_removed
102288474,2026-08-29 06:44:33.220312800,2923.854665,2913.717954,5847.70933,2,31347689,2026-08-29,/home/nk/Projects/data-mining/Chapter_4/Bai_3/output/manifest_snapshots/manifest_2026-08-29.csv,False,duplicate_episode_id_removed
102337644,2026-08-29 08:12:36.440432300,2922.222948,2918.492888,5844.445896,2,30938241,2026-08-29,/home/nk/Projects/data-mining/Chapter_4/Bai_3/output/manifest_snapshots/manifest_2026-08-29.csv,False,duplicate_episode_id_removed
102386801,2026-08-29 09:40:28.607563100,2922.11099,2916.750727,5844.22198,2,30988945,2026-08-29,/home/nk/Projects/data-mining/Chapter_4/Bai_3/output/manifest_snapshots/manifest_2026-08-29.csv,False,duplicate_episode_id_removed
102237246,2026-08-29 05:12:33.510113600,2921.785688,2913.881341,5843.571375,2,30559023,2026-08-29,/home/nk/Projects/data-mining/Chapter_4/Bai_3/output/manifest_snapshots/manifest_2026-08-29.csv,False,duplicate_episode_id_removed
102576520,2026-08-29 15:20:38.407101400,2921.314953,2905.585059,5842.629907,2,32121133,2026-08-29,/home/nk/Projects/data-mining/Chapter_4/Bai_3/output/manifest_snapshots/manifest_2026-08-29.csv,False,duplicate_episode_id_removed
102578775,2026-08-29 15:24:36.730396400,2920.426872,2899.841752,5840.853745,2,32103215,2026-08-29,/home/nk/Projects/data-mining/Chapter_4/Bai_3/output/manifest_snapshots/manifest_2026-08-29.csv,False,duplicate_episode_id_removed
102337643,2026-08-29 08:12:36.439826600,2918.505522,2914.001796,5837.011045,2,32252372,2026-08-29,/home/nk/Projects/data-mining/Chapter_4/Bai_3/output/manifest_snapshots/manifest_2026-08-29.csv,False,duplicate_episode_id_removed
102386803,2026-08-29 09:40:28.607264700,2918.476379,2915.740027,5836.952758,2,30747857,2026-08-29,/home/nk/Projects/data-mining/Chapter_4/Bai_3/output/manifest_snapshots/manifest_2026-08-29.csv,False,duplicate_episode_id_removed
102583251,2026-08-29 15:32:35.973460500,2918.360032,2900.975566,5836.720064,2,31999149,2026-08-29,/home/nk/Projects/data-mining/Chapter_4/Bai_3/output/manifest_snapshots/manifest_2026-08-29.csv,False,duplicate_episode_id_removed
102288473,2026-08-29 06:44:33.218985500,2918.268726,2918.019295,5836.537452,2,31670607,2026-08-29,/home/nk/Projects/data-mining/Chapter_4/Bai_3/output/manifest_snapshots/manifest_2026-08-29.csv,False,duplicate_episode_id_removed
102724002,2026-08-29 19:44:35.703647600,2917.176928,2901.167597,5834.353856,2,31929872,2026-08-29,/home/nk/Projects/data-mining/Chapter_4/Bai_3/output/manifest_snapshots/manifest_2026-08-29.csv,False,duplicate_episode_id_removed
102567547,2026-08-29 15:04:39.645788600,2916.73293,2894.990083,5833.465861,2,32197100,2026-08-29,/home/nk/Projects/data-mining/Chapter_4/Bai_3/output/manifest_snapshots/manifest_2026-08-29.csv,False,duplicate_episode_id_removed
102569808,2026-08-29 15:08:41.713945600,2915.626464,2888.999088,5831.252927,2,32154391,2026-08-29,/home/nk/Projects/data-mining/Chapter_4/Bai_3/output/manifest_snapshots/manifest_2026-08-29.csv,False,duplicate_episode_id_removed
102152262,2026-08-29 02:40:33.901485600,2913.960287,2913.407474,5827.920574,2,32279227,2026-08-29,/home/nk/Projects/data-mining/Chapter_4/Bai_3/output/manifest_snapshots/manifest_2026-08-29.csv,False,duplicate_episode_id_removed
102138834,2026-08-29 02:16:30.015365300,2913.322016,2908.738698,5826.644031,2,31907574,2026-08-29,/home/nk/Projects/data-mining/Chapter_4/Bai_3/output/manifest_snapshots/manifest_2026-08-29.csv,False,duplicate_episode_id_removed
102589974,2026-08-29 15:44:48.728452100,2910.687164,2902.745888,5821.374329,2,32438379,2026-08-29,/home/nk/Projects/data-mining/Chapter_4/Bai_3/output/manifest_snapshots/manifest_2026-08-29.csv,False,duplicate_episode_id_removed
102587748,2026-08-29 15:40:46.236906200,2910.048708,2907.125595,5820.097416,2,32185406,2026-08-29,/home/nk/Projects/data-mining/Chapter_4/Bai_3/output/manifest_snapshots/manifest_2026-08-29.csv,False,duplicate_episode_id_removed
102699430,2026-08-29 19:00:35.424648300,2909.514733,2907.16348,5819.029467,2,32436749,2026-08-29,/home/nk/Projects/data-mining/Chapter_4/Bai_3/output/manifest_snapshots/manifest_2026-08-29.csv,False,duplicate_episode_id_removed
102645860,2026-08-29 17:24:40.244777100,2909.47241,2907.46429,5818.944819,2,32764760,2026-08-29,/home/nk/Projects/data-mining/Chapter_4/Bai_3/output/manifest_snapshots/manifest_2026-08-29.csv,False,duplicate_episode_id_removed
102848668,2026-08-29 23:28:51.939696500,2908.121084,2880.622482,5816.242168,2,32192193,2026-08-29,/home/nk/Projects/data-mining/Chapter_4/Bai_3/output/manifest_snapshots/manifest_2026-08-29.csv,False,duplicate_episode_id_removed
102864378,2026-08-29 23:56:44.327044000,2907.50018,2884.836081,5815.000361,2,32522368,2026-08-29,/home/nk/Projects/data-mining/Chapter_4/Bai_3/output/manifest_snapshots/manifest_2026-08-29.csv,False,duplicate_episode_id_removed
102449280,2026-08-29 11:32:29.807844600,2907.401592,2900.466874,5814.803184,2,30902084,2026-08-29,/home/nk/Projects/data-mining/Chapter_4/Bai_3/output/manifest_snapshots/manifest_2026-08-29.csv,False,duplicate_episode_id_removed
102757361,2026-08-29 20:44:39.277723600,2906.331626,2891.295189,5812.663251,2,32598223,2026-08-29,/home/nk/Projects/data-mining/Chapter_4/Bai_3/output/manifest_snapshots/manifest_2026-08-29.csv,False,duplicate_episode_id_removed
102127848,2026-08-29 01:56:28.905868400,2906.073028,2876.515296,5812.146055,2,30812925,2026-08-29,/home/nk/Projects/data-mining/Chapter_4/Bai_3/output/manifest_snapshots/manifest_2026-08-29.csv,False,duplicate_episode_id_removed
102565304,2026-08-29 15:00:40.736513700,2904.35788,2901.386481,5808.715759,2,32335934,2026-08-29,/home/nk/Projects/data-mining/Chapter_4/Bai_3/output/manifest_snapshots/manifest_2026-08-29.csv,False,duplicate_episode_id_removed
102730697,2026-08-29 19:56:34.517757500,2904.263132,2891.816746,5808.526265,2,32231943,2026-08-29,/home/nk/Projects/data-mining/Chapter_4/Bai_3/output/manifest_snapshots/manifest_2026-08-29.csv,False,duplicate_episode_id_removed
102547398,2026-08-29 14:28:33.302099600,2903.678658,2872.814754,5807.357315,2,31396437,2026-08-29,/home/nk/Projects/data-mining/Chapter_4/Bai_3/output/manifest_snapshots/manifest_2026-08-29.csv,False,duplicate_episode_id_removed
102563063,2026-08-29 14:56:37.604920500,2902.756988,2893.425698,5805.513975,2,32362037,2026-08-29,/home/nk/Projects/data-mining/Chapter_4/Bai_3/output/manifest_snapshots/manifest_2026-08-29.csv,False,duplicate_episode_id_removed
102581007,2026-08-29 15:28:37.836456300,2902.682817,2893.689856,5805.365634,2,32087257,2026-08-29,/home/nk/Projects/data-mining/Chapter_4/Bai_3/output/manifest_snapshots/manifest_2026-08-29.csv,False,duplicate_episode_id_removed
102554117,2026-08-29 14:40:35.123177200,2902.510814,2897.273565,5805.021628,2,32325525,2026-08-29,/home/nk/Projects/data-mining/Chapter_4/Bai_3/output/manifest_snapshots/manifest_2026-08-29.csv,False,duplicate_episode_id_removed
102114263,2026-08-29 01:32:30.337208400,2902.375722,2891.517345,5804.751444,2,32120828,2026-08-29,/home/nk/Projects/data-mining/Chapter_4/Bai_3/output/manifest_snapshots/manifest_2026-08-29.csv,False,duplicate_episode_id_removed
102585501,2026-08-29 15:36:41.915766100,2900.695898,2894.427124,5801.391796,2,30625931,2026-08-29,/home/nk/Projects/data-mining/Chapter_4/Bai_3/output/manifest_snapshots/manifest_2026-08-29.csv,False,duplicate_episode_id_removed
102835347,2026-08-29 23:04:37.714435700,2900.274509,2871.016671,5800.549019,2,30788276,2026-08-29,/home/nk/Projects/data-mining/Chapter_4/Bai_3/output/manifest_snapshots/manifest_2026-08-29.csv,False,duplicate_episode_id_removed
102808633,2026-08-29 22:16:39.421734000,2900.01508,2864.796826,5800.03016,2,30176792,2026-08-29,/home/nk/Projects/data-mining/Chapter_4/Bai_3/output/manifest_snapshots/manifest_2026-08-29.csv,False,duplicate_episode_id_removed
102665877,2026-08-29 18:00:37.064518800,2899.832034,2861.265837,5799.664068,2,32045409,2026-08-29,/home/nk/Projects/data-mining/Chapter_4/Bai_3/output/manifest_snapshots/manifest_2026-08-29.csv,False,duplicate_episode_id_removed
102801934,2026-08-29 22:04:38.508388400,2898.844339,2873.016591,5797.688678,2,32433684,2026-08-29,/home/nk/Projects/data-mining/Chapter_4/Bai_3/output/manifest_snapshots/manifest_2026-08-29.csv,False,duplicate_episode_id_removed
102775250,2026-08-29 21:16:40.344440400,2896.882364,2868.299615,5793.764729,2,31032905,2026-08-29,/home/nk/Projects/data-mining/Chapter_4/Bai_3/output/manifest_snapshots/manifest_2026-08-29.csv,False,duplicate_episode_id_removed
102545173,2026-08-29 14:24:33.207611800,2896.565833,2880.541582,5793.131665,2,32296886,2026-08-29,/home/nk/Projects/data-mining/Chapter_4/Bai_3/output/manifest_snapshots/manifest_2026-08-29.csv,False,duplicate_episode_id_removed
102167933,2026-08-29 03:08:31.758158400,2894.757938,2868.653479,5789.515876,2,31977822,2026-08-29,/home/nk/Projects/data-mining/Chapter_4/Bai_3/output/manifest_snapshots/manifest_2026-08-29.csv,False,duplicate_episode_id_removed
102556360,2026-08-29 14:44:35.875844900,2893.878894,2888.893659,5787.757788,2,30030926,2026-08-29,/home/nk/Projects/data-mining/Chapter_4/Bai_3/output/manifest_snapshots/manifest_2026-08-29.csv,False,duplicate_episode_id_removed
102743881,2026-08-29 20:20:40.131091700,2892.584949,2857.896222,5785.169898,2,32526038,2026-08-29,/home/nk/Projects/data-mining/Chapter_4/Bai_3/output/manifest_snapshots/manifest_2026-08-29.csv,False,duplicate_episode_id_removed
102652522,2026-08-29 17:36:40.535326500,2891.735976,2881.038021,5783.471952,2,32397335,2026-08-29,/home/nk/Projects/data-mining/Chapter_4/Bai_3/output/manifest_snapshots/manifest_2026-08-29.csv,False,duplicate_episode_id_removed
102192548,2026-08-29 03:52:31.046561700,2891.507563,2864.884638,5783.015125,2,31974414,2026-08-29,/home/nk/Projects/data-mining/Chapter_4/Bai_3/output/manifest_snapshots/manifest_2026-08-29.csv,False,duplicate_episode_id_removed
102551911,2026-08-29 14:36:32.769555200,2891.154708,2887.934089,5782.309416,2,30974095,2026-08-29,/home/nk/Projects/data-mining/Chapter_4/Bai_3/output/manifest_snapshots/manifest_2026-08-29.csv,False,duplicate_episode_id_removed
102134373,2026-08-29 02:08:32.854020400,2889.677604,2872.439328,5779.355207,2,32107301,2026-08-29,/home/nk/Projects/data-mining/Chapter_4/Bai_3/output/manifest_snapshots/manifest_2026-08-29.csv,False,duplicate_episode_id_removed
102426925,2026-08-29 10:52:29.019456000,2887.345166,2843.959115,5774.690332,2,31759641,2026-08-29,/home/nk/Projects/data-mining/Chapter_4/Bai_3/output/manifest_snapshots/manifest_2026-08-29.csv,False,duplicate_episode_id_removed
102505139,2026-08-29 13:12:36.215585700,2886.880204,2842.873861,5773.760408,2,31265307,2026-08-29,/home/nk/Projects/data-mining/Chapter_4/Bai_3/output/manifest_snapshots/manifest_2026-08-29.csv,False,duplicate_episode_id_removed
102824223,2026-08-29 22:44:40.408903400,2884.111207,2883.859688,5768.222415,2,32575557,2026-08-29,/home/nk/Projects/data-mining/Chapter_4/Bai_3/output/manifest_snapshots/manifest_2026-08-29.csv,False,duplicate_episode_id_removed
102542924,2026-08-29 14:20:31.468645200,2884.102719,2869.057488,5768.205438,2,31199090,2026-08-29,/home/nk/Projects/data-mining/Chapter_4/Bai_3/output/manifest_snapshots/manifest_2026-08-29.csv,False,duplicate_episode_id_removed
102121175,2026-08-29 01:44:29.239524000,2884.088149,2880.19146,5768.176297,2,31752693,2026-08-29,/home/nk/Projects/data-mining/Chapter_4/Bai_3/output/manifest_snapshots/manifest_2026-08-29.csv,False,duplicate_episode_id_removed
102728398,2026-08-29 19:52:35.715739800,2882.555906,2869.067977,5765.111812,2,32439022,2026-08-29,/home/nk/Projects/data-mining/Chapter_4/Bai_3/output/manifest_snapshots/manifest_2026-08-29.csv,False,duplicate_episode_id_removed
102120962,2026-08-29 01:44:28.943960600,2882.428979,2880.142867,5764.857958,2,32154886,2026-08-29,/home/nk/Projects/data-mining/Chapter_4/Bai_3/output/manifest_snapshots/manifest_2026-08-29.csv,False,duplicate_episode_id_removed
102498438,2026-08-29 13:00:34.441459700,2881.967844,2846.115746,5763.935689,2,32110356,2026-08-29,/home/nk/Projects/data-mining/Chapter_4/Bai_3/output/manifest_snapshots/manifest_2026-08-29.csv,False,duplicate_episode_id_removed
102773027,2026-08-29 21:12:40.640774400,2881.171383,2872.231222,5762.342766,2,32247857,2026-08-29,/home/nk/Projects/data-mining/Chapter_4/Bai_3/output/manifest_snapshots/manifest_2026-08-29.csv,False,duplicate_episode_id_removed
102795265,2026-08-29 21:52:40.848717000,2880.683902,2872.350984,5761.367805,2,32517278,2026-08-29,/home/nk/Projects/data-mining/Chapter_4/Bai_3/output/manifest_snapshots/manifest_2026-08-29.csv,False,duplicate_episode_id_removed
102442578,2026-08-29 11:20:30.008351400,2877.237503,2849.599379,5754.475007,2,30422060,2026-08-29,/home/nk/Projects/data-mining/Chapter_4/Bai_3/output/manifest_snapshots/manifest_2026-08-29.csv,False,duplicate_episode_id_removed
102145554,2026-08-29 02:28:31.856865200,2874.792503,2828.747276,5749.585005,2,32400610,2026-08-29,/home/nk/Projects/data-mining/Chapter_4/Bai_3/output/manifest_snapshots/manifest_2026-08-29.csv,False,duplicate_episode_id_removed
102143303,2026-08-29 02:24:29.926055500,2874.251592,2831.936696,5748.503185,2,32590019,2026-08-29,/home/nk/Projects/data-mining/Chapter_4/Bai_3/output/manifest_snapshots/manifest_2026-08-29.csv,False,duplicate_episode_id_removed
102161236,2026-08-29 02:56:44.020278400,2874.063727,2840.777933,5748.127454,2,32420163,2026-08-29,/home/nk/Projects/data-mining/Chapter_4/Bai_3/output/manifest_snapshots/manifest_2026-08-29.csv,False,duplicate_episode_id_removed
102857635,2026-08-29 23:44:44.898031700,2873.241442,2870.901274,5746.482884,2,30384959,2026-08-29,/home/nk/Projects/data-mining/Chapter_4/Bai_3/output/manifest_snapshots/manifest_2026-08-29.csv,False,duplicate_episode_id_removed
102708231,2026-08-29 19:16:34.999430300,2872.802524,2849.649423,5745.605048,2,32531558,2026-08-29,/home/nk/Projects/data-mining/Chapter_4/Bai_3/output/manifest_snapshots/manifest_2026-08-29.csv,False,duplicate_episode_id_removed
102784142,2026-08-29 21:32:38.042173700,2871.962737,2866.996988,5743.925473,2,32386514,2026-08-29,/home/nk/Projects/data-mining/Chapter_4/Bai_3/output/manifest_snapshots/manifest_2026-08-29.csv,False,duplicate_episode_id_removed
102821817,2026-08-29 22:40:38.171828200,2871.778939,2816.235864,5743.557877,2,32604638,2026-08-29,/home/nk/Projects/data-mining/Chapter_4/Bai_3/output/manifest_snapshots/manifest_2026-08-29.csv,False,duplicate_episode_id_removed
102170159,2026-08-29 03:12:32.228783700,2871.680848,2829.245453,5743.361696,2,32119987,2026-08-29,/home/nk/Projects/data-mining/Chapter_4/Bai_3/output/manifest_snapshots/manifest_2026-08-29.csv,False,duplicate_episode_id_removed
102505144,2026-08-29 13:12:36.219843700,2871.670368,2848.353391,5743.340735,2,30368224,2026-08-29,/home/nk/Projects/data-mining/Chapter_4/Bai_3/output/manifest_snapshots/manifest_2026-08-29.csv,False,duplicate_episode_id_removed
102705997,2026-08-29 19:12:35.774557600,2871.621489,2841.807786,5743.242977,2,32400090,2026-08-29,/home/nk/Projects/data-mining/Chapter_4/Bai_3/output/manifest_snapshots/manifest_2026-08-29.csv,False,duplicate_episode_id_removed
102817591,2026-08-29 22:32:37.909977700,2870.52165,2860.491139,5741.0433,2,31695614,2026-08-29,/home/nk/Projects/data-mining/Chapter_4/Bai_3/output/manifest_snapshots/manifest_2026-08-29.csv,False,duplicate_episode_id_removed
102833169,2026-08-29 23:00:38.829634800,2870.449573,2865.315685,5740.899147,2,31015315,2026-08-29,/home/nk/Projects/data-mining/Chapter_4/Bai_3/output/manifest_snapshots/manifest_2026-08-29.csv,False,duplicate_episode_id_removed
102127660,2026-08-29 01:56:28.610991000,2870.240976,2851.078208,5740.481952,2,31839617,2026-08-29,/home/nk/Projects/data-mining/Chapter_4/Bai_3/output/manifest_snapshots/manifest_2026-08-29.csv,False,duplicate_episode_id_removed
102612351,2026-08-29 16:24:37.458918600,2870.065736,2822.904751,5740.131472,2,32153390,2026-08-29,/home/nk/Projects/data-mining/Chapter_4/Bai_3/output/manifest_snapshots/manifest_2026-08-29.csv,False,duplicate_episode_id_removed
102788635,2026-08-29 21:40:40.379061300,2869.682801,2845.410617,5739.365602,2,32110383,2026-08-29,/home/nk/Projects/data-mining/Chapter_4/Bai_3/output/manifest_snapshots/manifest_2026-08-29.csv,False,duplicate_episode_id_removed
102147795,2026-08-29 02:32:31.622103700,2869.658123,2814.620885,5739.316246,2,32010220,2026-08-29,/home/nk/Projects/data-mining/Chapter_4/Bai_3/output/manifest_snapshots/manifest_2026-08-29.csv,False,duplicate_episode_id_removed
102132133,2026-08-29 02:04:30.550597400,2869.473787,2838.12104,5738.947575,2,32113037,2026-08-29,/home/nk/Projects/data-mining/Chapter_4/Bai_3/output/manifest_snapshots/manifest_2026-08-29.csv,False,duplicate_episode_id_removed
102091898,2026-08-29 00:52:29.207309700,2868.938208,2818.252774,5737.876416,2,31148273,2026-08-29,/home/nk/Projects/data-mining/Chapter_4/Bai_3/output/manifest_snapshots/manifest_2026-08-29.csv,False,duplicate_episode_id_removed
102763962,2026-08-29 20:56:40.259738400,2868.594501,2842.118004,5737.189001,2,32118152,2026-08-29,/home/nk/Projects/data-mining/Chapter_4/Bai_3/output/manifest_snapshots/manifest_2026-08-29.csv,False,duplicate_episode_id_removed
102129891,2026-08-29 02:00:29.731478500,2867.841004,2840.404664,5735.682007,2,32300840,2026-08-29,/home/nk/Projects/data-mining/Chapter_4/Bai_3/output/manifest_snapshots/manifest_2026-08-29.csv,False,duplicate_episode_id_removed
102163446,2026-08-29 03:00:47.759885200,2867.35746,2823.637275,5734.71492,2,32402305,2026-08-29,/home/nk/Projects/data-mining/Chapter_4/Bai_3/output/manifest_snapshots/manifest_2026-08-29.csv,False,duplicate_episode_id_removed
102815339,2026-08-29 22:28:43.425837000,2867.33542,2807.072297,5734.670841,2,32078506,2026-08-29,/home/nk/Projects/data-mining/Chapter_4/Bai_3/output/manifest_snapshots/manifest_2026-08-29.csv,False,duplicate_episode_id_removed
102391265,2026-08-29 09:48:31.238290300,2867.29398,2824.072067,5734.587959,2,30881847,2026-08-29,/home/nk/Projects/data-mining/Chapter_4/Bai_3/output/manifest_snapshots/manifest_2026-08-29.csv,False,duplicate_episode_id_removed
102862084,2026-08-29 23:52:44.997044800,2866.750356,2843.27552,5733.500713,2,32195093,2026-08-29,/home/nk/Projects/data-mining/Chapter_4/Bai_3/output/manifest_snapshots/manifest_2026-08-29.csv,False,duplicate_episode_id_removed
102266227,2026-08-29 06:04:33.752470600,2866.305249,2809.950459,5732.610497,2,32395095,2026-08-29,/home/nk/Projects/data-mining/Chapter_4/Bai_3/output/manifest_snapshots/manifest_2026-08-29.csv,False,duplicate_episode_id_removed
102118731,2026-08-29 01:40:29.151502400,2866.23849,2844.157068,5732.47698,2,32190040,2026-08-29,/home/nk/Projects/data-mining/Chapter_4/Bai_3/output/manifest_snapshots/manifest_2026-08-29.csv,False,duplicate_episode_id_removed
102837611,2026-08-29 23:08:39.616665100,2865.594501,2852.438667,5731.189001,2,32509499,2026-08-29,/home/nk/Projects/data-mining/Chapter_4/Bai_3/output/manifest_snapshots/manifest_2026-08-29.csv,False,duplicate_episode_id_removed
102158975,2026-08-29 02:52:34.758370600,2865.041546,2826.890323,5730.083092,2,32392359,2026-08-29,/home/nk/Projects/data-mining/Chapter_4/Bai_3/output/manifest_snapshots/manifest_2026-08-29.csv,False,duplicate_episode_id_removed
102755044,2026-08-29 20:40:39.318430100,2863.881402,2832.326157,5727.762804,2,32430612,2026-08-29,/home/nk/Projects/data-mining/Chapter_4/Bai_3/output/manifest_snapshots/manifest_2026-08-29.csv,False,duplicate_episode_id_removed
102154496,2026-08-29 02:44:32.322403900,2863.817312,2820.848932,5727.634624,2,32383646,2026-08-29,/home/nk/Projects/data-mining/Chapter_4/Bai_3/output/manifest_snapshots/manifest_2026-08-29.csv,False,duplicate_episode_id_removed
102112026,2026-08-29 01:28:32.327281200,2863.675399,2845.742652,5727.350798,2,31822034,2026-08-29,/home/nk/Projects/data-mining/Chapter_4/Bai_3/output/manifest_snapshots/manifest_2026-08-29.csv,False,duplicate_episode_id_removed
102864190,2026-08-29 23:56:44.040619500,2863.557255,2833.236,5727.114509,2,32574388,2026-08-29,/home/nk/Projects/data-mining/Chapter_4/Bai_3/output/manifest_snapshots/manifest_2026-08-29.csv,False,duplicate_episode_id_removed
102136602,2026-08-29 02:12:28.820717300,2863.153308,2814.828881,5726.306616,2,32406682,2026-08-29,/home/nk/Projects/data-mining/Chapter_4/Bai_3/output/manifest_snapshots/manifest_2026-08-29.csv,False,duplicate_episode_id_removed
102746255,2026-08-29 20:24:39.402071900,2862.94716,2862.271159,5725.89432,2,32398223,2026-08-29,/home/nk/Projects/data-mining/Chapter_4/Bai_3/output/manifest_snapshots/manifest_2026-08-29.csv,False,duplicate_episode_id_removed
102639129,2026-08-29 17:12:42.143036300,2862.675838,2836.513765,5725.351677,2,31384937,2026-08-29,/home/nk/Projects/data-mining/Chapter_4/Bai_3/output/manifest_snapshots/manifest_2026-08-29.csv,False,duplicate_episode_id_removed
102703830,2026-08-29 19:08:38.319563900,2862.055444,2840.688423,5724.110889,2,31246788,2026-08-29,/home/nk/Projects/data-mining/Chapter_4/Bai_3/output/manifest_snapshots/manifest_2026-08-29.csv,False,duplicate_episode_id_removed
102861956,2026-08-29 23:52:44.803309100,2861.700855,2837.043522,5723.401711,2,32519711,2026-08-29,/home/nk/Projects/data-mining/Chapter_4/Bai_3/output/manifest_snapshots/manifest_2026-08-29.csv,False,duplicate_episode_id_removed
102109791,2026-08-29 01:24:29.646657500,2861.584837,2849.80523,5723.169674,2,32225170,2026-08-29,/home/nk/Projects/data-mining/Chapter_4/Bai_3/output/manifest_snapshots/manifest_2026-08-29.csv,False,duplicate_episode_id_removed
102558593,2026-08-29 14:48:39.849887500,2861.152393,2826.984465,5722.304786,2,32693211,2026-08-29,/home/nk/Projects/data-mining/Chapter_4/Bai_3/output/manifest_snapshots/manifest_2026-08-29.csv,False,duplicate_episode_id_removed
102857499,2026-08-29 23:44:44.680136600,2861.038883,2846.611552,5722.077765,2,32587311,2026-08-29,/home/nk/Projects/data-mining/Chapter_4/Bai_3/output/manifest_snapshots/manifest_2026-08-29.csv,False,duplicate_episode_id_removed
102116499,2026-08-29 01:36:29.345590800,2858.171229,2835.235024,5716.342459,2,32241494,2026-08-29,/home/nk/Projects/data-mining/Chapter_4/Bai_3/output/manifest_snapshots/manifest_2026-08-29.csv,False,duplicate_episode_id_removed
102156730,2026-08-29 02:48:34.226785900,2856.954653,2803.513369,5713.909305,2,32260389,2026-08-29,/home/nk/Projects/data-mining/Chapter_4/Bai_3/output/manifest_snapshots/manifest_2026-08-29.csv,False,duplicate_episode_id_removed
102107558,2026-08-29 01:20:29.673779200,2856.248721,2848.083153,5712.497442,2,32274963,2026-08-29,/home/nk/Projects/data-mining/Chapter_4/Bai_3/output/manifest_snapshots/manifest_2026-08-29.csv,False,duplicate_episode_id_removed
102123196,2026-08-29 01:48:30.769416700,2856.234659,2818.680225,5712.469319,2,32527499,2026-08-29,/home/nk/Projects/data-mining/Chapter_4/Bai_3/output/manifest_snapshots/manifest_2026-08-29.csv,False,duplicate_episode_id_removed
102772992,2026-08-29 21:12:40.604899600,2856.211443,2845.491021,5712.422887,2,32518714,2026-08-29,/home/nk/Projects/data-mining/Chapter_4/Bai_3/output/manifest_snapshots/manifest_2026-08-29.csv,False,duplicate_episode_id_removed
102841883,2026-08-29 23:16:44.163321400,2856.04872,2829.569863,5712.09744,2,32507084,2026-08-29,/home/nk/Projects/data-mining/Chapter_4/Bai_3/output/manifest_snapshots/manifest_2026-08-29.csv,False,duplicate_episode_id_removed
102654680,2026-08-29 17:40:38.133564000,2854.338112,2836.019493,5708.676225,2,32258381,2026-08-29,/home/nk/Projects/data-mining/Chapter_4/Bai_3/output/manifest_snapshots/manifest_2026-08-29.csv,False,duplicate_episode_id_removed
102717157,2026-08-29 19:32:35.025746000,2854.041652,2849.040997,5708.083304,2,32387925,2026-08-29,/home/nk/Projects/data-mining/Chapter_4/Bai_3/output/manifest_snapshots/manifest_2026-08-29.csv,False,duplicate_episode_id_removed
102092108,2026-08-29 00:52:29.535770600,2853.556254,2826.976812,5707.112507,2,31817609,2026-08-29,/home/nk/Projects/data-mining/Chapter_4/Bai_3/output/manifest_snapshots/manifest_2026-08-29.csv,False,duplicate_episode_id_removed
102560828,2026-08-29 14:52:38.303048100,2853.542775,2806.194434,5707.08555,2,32130400,2026-08-29,/home/nk/Projects/data-mining/Chapter_4/Bai_3/output/manifest_snapshots/manifest_2026-08-29.csv,False,duplicate_episode_id_removed
102844112,2026-08-29 23:20:46.354334300,2852.119914,2824.859153,5704.239828,2,32507674,2026-08-29,/home/nk/Projects/data-mining/Chapter_4/Bai_3/output/manifest_snapshots/manifest_2026-08-29.csv,False,duplicate_episode_id_removed
102708158,2026-08-29 19:16:34.873802400,2850.519833,2823.259442,5701.039666,2,30890162,2026-08-29,/home/nk/Projects/data-mining/Chapter_4/Bai_3/output/manifest_snapshots/manifest_2026-08-29.csv,False,duplicate_episode_id_removed
102650212,2026-08-29 17:32:38.356492400,2845.436217,2818.003728,5690.872435,2,32253132,2026-08-29,/home/nk/Projects/data-mining/Chapter_4/Bai_3/output/manifest_snapshots/manifest_2026-08-29.csv,False,duplicate_episode_id_removed
102659164,2026-08-29 17:48:39.112864000,2844.239873,2819.148351,5688.479747,2,31970059,2026-08-29,/home/nk/Projects/data-mining/Chapter_4/Bai_3/output/manifest_snapshots/manifest_2026-08-29.csv,False,duplicate_episode_id_removed
102757368,2026-08-29 20:44:39.300347200,2843.194855,2818.390025,5686.38971,2,32533992,2026-08-29,/home/nk/Projects/data-mining/Chapter_4/Bai_3/output/manifest_snapshots/manifest_2026-08-29.csv,False,duplicate_episode_id_removed
102096385,2026-08-29 01:00:29.839217800,2843.148864,2842.849198,5686.297728,2,32400186,2026-08-29,/home/nk/Projects/data-mining/Chapter_4/Bai_3/output/manifest_snapshots/manifest_2026-08-29.csv,False,duplicate_episode_id_removed
102065292,2026-08-29 00:04:28.931841700,2842.747325,2754.598215,5685.49465,2,32283566,2026-08-29,/home/nk/Projects/data-mining/Chapter_4/Bai_3/output/manifest_snapshots/manifest_2026-08-29.csv,False,duplicate_episode_id_removed
102100863,2026-08-29 01:08:34.602826900,2842.564476,2822.787934,5685.128952,2,32141118,2026-08-29,/home/nk/Projects/data-mining/Chapter_4/Bai_3/output/manifest_snapshots/manifest_2026-08-29.csv,False,duplicate_episode_id_removed
102645751,2026-08-29 17:24:40.058481300,2842.059664,2823.142158,5684.119328,2,32447496,2026-08-29,/home/nk/Projects/data-mining/Chapter_4/Bai_3/output/manifest_snapshots/manifest_2026-08-29.csv,False,duplicate_episode_id_removed
102714940,2026-08-29 19:28:38.348379200,2842.048529,2818.733028,5684.097057,2,32588305,2026-08-29,/home/nk/Projects/data-mining/Chapter_4/Bai_3/output/manifest_snapshots/manifest_2026-08-29.csv,False,duplicate_episode_id_removed
102759575,2026-08-29 20:48:46.071106900,2840.857739,2809.707506,5681.715477,2,31009790,2026-08-29,/home/nk/Projects/data-mining/Chapter_4/Bai_3/output/manifest_snapshots/manifest_2026-08-29.csv,False,duplicate_episode_id_removed
102574290,2026-08-29 15:16:37.328829700,2840.542869,2783.240957,5681.085739,2,31566230,2026-08-29,/home/nk/Projects/data-mining/Chapter_4/Bai_3/output/manifest_snapshots/manifest_2026-08-29.csv,False,duplicate_episode_id_removed
102083124,2026-08-29 00:36:28.753781100,2840.323917,2826.577555,5680.647835,2,32325609,2026-08-29,/home/nk/Projects/data-mining/Chapter_4/Bai_3/output/manifest_snapshots/manifest_2026-08-29.csv,False,duplicate_episode_id_removed
102663642,2026-08-29 17:56:36.214718300,2840.105467,2814.205788,5680.210933,2,32458971,2026-08-29,/home/nk/Projects/data-mining/Chapter_4/Bai_3/output/manifest_snapshots/manifest_2026-08-29.csv,False,duplicate_episode_id_removed
102806428,2026-08-29 22:12:38.428087500,2839.637321,2803.233074,5679.274642,2,32589746,2026-08-29,/home/nk/Projects/data-mining/Chapter_4/Bai_3/output/manifest_snapshots/manifest_2026-08-29.csv,False,duplicate_episode_id_removed
102719410,2026-08-29 19:36:38.160437800,2839.426782,2814.894496,5678.853563,2,32581171,2026-08-29,/home/nk/Projects/data-mining/Chapter_4/Bai_3/output/manifest_snapshots/manifest_2026-08-29.csv,False,duplicate_episode_id_removed
102083125,2026-08-29 00:36:28.754377100,2838.504017,2828.878706,5677.008035,2,32449997,2026-08-29,/home/nk/Projects/data-mining/Chapter_4/Bai_3/output/manifest_snapshots/manifest_2026-08-29.csv,False,duplicate_episode_id_removed
102636801,2026-08-29 17:08:35.723481100,2837.279285,2822.973016,5674.55857,2,31486361,2026-08-29,/home/nk/Projects/data-mining/Chapter_4/Bai_3/output/manifest_snapshots/manifest_2026-08-29.csv,False,duplicate_episode_id_removed
102772965,2026-08-29 21:12:40.536992400,2836.919017,2801.89664,5673.838033,2,32587093,2026-08-29,/home/nk/Projects/data-mining/Chapter_4/Bai_3/output/manifest_snapshots/manifest_2026-08-29.csv,False,duplicate_episode_id_removed
102279571,2026-08-29 06:28:36.529064500,2836.873729,2819.761756,5673.747458,2,31907017,2026-08-29,/home/nk/Projects/data-mining/Chapter_4/Bai_3/output/manifest_snapshots/manifest_2026-08-29.csv,False,duplicate_episode_id_removed
102572045,2026-08-29 15:12:38.115567700,2836.839852,2780.197552,5673.679704,2,32601821,2026-08-29,/home/nk/Projects/data-mining/Chapter_4/Bai_3/output/manifest_snapshots/manifest_2026-08-29.csv,False,duplicate_episode_id_removed
102248383,2026-08-29 05:32:32.474654900,2835.950468,2823.038186,5671.900936,2,32440307,2026-08-29,/home/nk/Projects/data-mining/Chapter_4/Bai_3/output/manifest_snapshots/manifest_2026-08-29.csv,False,duplicate_episode_id_removed
102536407,2026-08-29 14:08:38.162972100,2835.385968,2827.345072,5670.771936,2,32138601,2026-08-29,/home/nk/Projects/data-mining/Chapter_4/Bai_3/output/manifest_snapshots/manifest_2026-08-29.csv,False,duplicate_episode_id_removed
102710467,2026-08-29 19:20:37.742493100,2835.185529,2815.164029,5670.371059,2,32209190,2026-08-29,/home/nk/Projects/data-mining/Chapter_4/Bai_3/output/manifest_snapshots/manifest_2026-08-29.csv,False,duplicate_episode_id_removed
102746112,2026-08-29 20:24:39.197462000,2835.086724,2806.965894,5670.173447,2,32564387,2026-08-29,/home/nk/Projects/data-mining/Chapter_4/Bai_3/output/manifest_snapshots/manifest_2026-08-29.csv,False,duplicate_episode_id_removed
102817484,2026-08-29 22:32:37.748683600,2833.7712,2788.336806,5667.542399,2,32394129,2026-08-29,/home/nk/Projects/data-mining/Chapter_4/Bai_3/output/manifest_snapshots/manifest_2026-08-29.csv,False,duplicate_episode_id_removed
102375638,2026-08-29 09:20:29.660768000,2833.056619,2813.74894,5666.113239,2,31709735,2026-08-29,/home/nk/Projects/data-mining/Chapter_4/Bai_3/output/manifest_snapshots/manifest_2026-08-29.csv,False,duplicate_episode_id_removed
102426928,2026-08-29 10:52:29.019753900,2833.056619,2818.894159,5666.113239,2,32060526,2026-08-29,/home/nk/Projects/data-mining/Chapter_4/Bai_3/output/manifest_snapshots/manifest_2026-08-29.csv,False,duplicate_episode_id_removed
102630182,2026-08-29 16:56:31.657960800,2832.32993,2827.16824,5664.65986,2,32399275,2026-08-29,/home/nk/Projects/data-mining/Chapter_4/Bai_3/output/manifest_snapshots/manifest_2026-08-29.csv,False,duplicate_episode_id_removed
102098619,2026-08-29 01:04:29.540544600,2831.422189,2810.119907,5662.844377,2,32211581,2026-08-29,/home/nk/Projects/data-mining/Chapter_4/Bai_3/output/manifest_snapshots/manifest_2026-08-29.csv,False,duplicate_episode_id_removed
102228276,2026-08-29 04:56:28.841744400,2831.421089,2803.604483,5662.842178,2,32473861,2026-08-29,/home/nk/Projects/data-mining/Chapter_4/Bai_3/output/manifest_snapshots/manifest_2026-08-29.csv,False,duplicate_episode_id_removed
102342115,2026-08-29 08:20:29.102443200,2831.355468,2817.837232,5662.710936,2,32279258,2026-08-29,/home/nk/Projects/data-mining/Chapter_4/Bai_3/output/manifest_snapshots/manifest_2026-08-29.csv,False,duplicate_episode_id_removed
102076547,2026-08-29 00:24:29.950223400,2830.277946,2821.447327,5660.555891,2,32276420,2026-08-29,/home/nk/Projects/data-mining/Chapter_4/Bai_3/output/manifest_snapshots/manifest_2026-08-29.csv,False,duplicate_episode_id_removed
102656923,2026-08-29 17:44:36.362006200,2829.740707,2795.861062,5659.481414,2,31940136,2026-08-29,/home/nk/Projects/data-mining/Chapter_4/Bai_3/output/manifest_snapshots/manifest_2026-08-29.csv,False,duplicate_episode_id_removed
102839880,2026-08-29 23:12:42.348382300,2829.73876,2812.334995,5659.47752,2,32119138,2026-08-29,/home/nk/Projects/data-mining/Chapter_4/Bai_3/output/manifest_snapshots/manifest_2026-08-29.csv,False,duplicate_episode_id_removed
102739439,2026-08-29 20:12:40.193408500,2829.717525,2815.379552,5659.43505,2,31737372,2026-08-29,/home/nk/Projects/data-mining/Chapter_4/Bai_3/output/manifest_snapshots/manifest_2026-08-29.csv,False,duplicate_episode_id_removed
102712705,2026-08-29 19:24:35.714108300,2829.330564,2798.482351,5658.661129,2,32560272,2026-08-29,/home/nk/Projects/data-mining/Chapter_4/Bai_3/output/manifest_snapshots/manifest_2026-08-29.csv,False,duplicate_episode_id_removed
102326537,2026-08-29 07:52:29.218842200,2829.249219,2800.802078,5658.498439,2,32215749,2026-08-29,/home/nk/Projects/data-mining/Chapter_4/Bai_3/output/manifest_snapshots/manifest_2026-08-29.csv,False,duplicate_episode_id_removed
102210423,2026-08-29 04:24:32.621074500,2828.629461,2823.542203,5657.258922,2,32277595,2026-08-29,/home/nk/Projects/data-mining/Chapter_4/Bai_3/output/manifest_snapshots/manifest_2026-08-29.csv,False,duplicate_episode_id_removed
102125420,2026-08-29 01:52:28.853863200,2828.563804,2759.130938,5657.127607,2,31653918,2026-08-29,/home/nk/Projects/data-mining/Chapter_4/Bai_3/output/manifest_snapshots/manifest_2026-08-29.csv,False,duplicate_episode_id_removed
102500674,2026-08-29 13:04:34.466963000,2828.545417,2809.703571,5657.090835,2,32569547,2026-08-29,/home/nk/Projects/data-mining/Chapter_4/Bai_3/output/manifest_snapshots/manifest_2026-08-29.csv,False,duplicate_episode_id_removed
102752874,2026-08-29 20:36:40.177409200,2828.40152,2818.492784,5656.803041,2,32660597,2026-08-29,/home/nk/Projects/data-mining/Chapter_4/Bai_3/output/manifest_snapshots/manifest_2026-08-29.csv,False,duplicate_episode_id_removed
102859728,2026-08-29 23:48:51.828328600,2828.122881,2815.144138,5656.245762,2,32245752,2026-08-29,/home/nk/Projects/data-mining/Chapter_4/Bai_3/output/manifest_snapshots/manifest_2026-08-29.csv,False,duplicate_episode_id_removed
102734983,2026-08-29 20:04:37.545474400,2828.074699,2799.055779,5656.149398,2,32473152,2026-08-29,/home/nk/Projects/data-mining/Chapter_4/Bai_3/output/manifest_snapshots/manifest_2026-08-29.csv,False,duplicate_episode_id_removed
102703759,2026-08-29 19:08:38.214166200,2827.999518,2822.611099,5655.999035,2,32570514,2026-08-29,/home/nk/Projects/data-mining/Chapter_4/Bai_3/output/manifest_snapshots/manifest_2026-08-29.csv,False,duplicate_episode_id_removed
102094145,2026-08-29 00:56:29.614781700,2827.491976,2824.315079,5654.983952,2,32402244,2026-08-29,/home/nk/Projects/data-mining/Chapter_4/Bai_3/output/manifest_snapshots/manifest_2026-08-29.csv,False,duplicate_episode_id_removed
102618963,2026-08-29 16:36:37.311951500,2826.855998,2822.068199,5653.711995,2,32257282,2026-08-29,/home/nk/Projects/data-mining/Chapter_4/Bai_3/output/manifest_snapshots/manifest_2026-08-29.csv,False,duplicate_episode_id_removed
102761738,2026-08-29 20:52:40.458926000,2826.187818,2805.739951,5652.375636,2,32577661,2026-08-29,/home/nk/Projects/data-mining/Chapter_4/Bai_3/output/manifest_snapshots/manifest_2026-08-29.csv,False,duplicate_episode_id_removed
102634641,2026-08-29 17:04:36.941983100,2826.063449,2815.532316,5652.126898,2,32510486,2026-08-29,/home/nk/Projects/data-mining/Chapter_4/Bai_3/output/manifest_snapshots/manifest_2026-08-29.csv,False,duplicate_episode_id_removed
102632412,2026-08-29 17:00:33.843135500,2825.308814,2819.826419,5650.617628,2,32521578,2026-08-29,/home/nk/Projects/data-mining/Chapter_4/Bai_3/output/manifest_snapshots/manifest_2026-08-29.csv,False,duplicate_episode_id_removed
102806355,2026-08-29 22:12:38.330145600,2824.983687,2806.701272,5649.967374,2,32567568,2026-08-29,/home/nk/Projects/data-mining/Chapter_4/Bai_3/output/manifest_snapshots/manifest_2026-08-29.csv,False,duplicate_episode_id_removed
102839652,2026-08-29 23:12:41.939166300,2824.669332,2814.933348,5649.338664,2,32384931,2026-08-29,/home/nk/Projects/data-mining/Chapter_4/Bai_3/output/manifest_snapshots/manifest_2026-08-29.csv,False,duplicate_episode_id_removed
102103307,2026-08-29 01:12:35.050870400,2824.614235,2806.094067,5649.228471,2,30954932,2026-08-29,/home/nk/Projects/data-mining/Chapter_4/Bai_3/output/manifest_snapshots/manifest_2026-08-29.csv,False,duplicate_episode_id_removed
102647987,2026-08-29 17:28:41.147681300,2824.27171,2781.927787,5648.543421,2,31085088,2026-08-29,/home/nk/Projects/data-mining/Chapter_4/Bai_3/output/manifest_snapshots/manifest_2026-08-29.csv,False,duplicate_episode_id_removed
102661404,2026-08-29 17:52:35.548197200,2824.256897,2787.903786,5648.513795,2,31249495,2026-08-29,/home/nk/Projects/data-mining/Chapter_4/Bai_3/output/manifest_snapshots/manifest_2026-08-29.csv,False,duplicate_episode_id_removed
102737240,2026-08-29 20:08:39.968408100,2824.177944,2810.694427,5648.355888,2,32578166,2026-08-29,/home/nk/Projects/data-mining/Chapter_4/Bai_3/output/manifest_snapshots/manifest_2026-08-29.csv,False,duplicate_episode_id_removed
102540675,2026-08-29 14:16:31.942365900,2823.898932,2769.269776,5647.797864,2,32608746,2026-08-29,/home/nk/Projects/data-mining/Chapter_4/Bai_3/output/manifest_snapshots/manifest_2026-08-29.csv,False,duplicate_episode_id_removed
102603273,2026-08-29 16:08:41.428226500,2823.396849,2820.733535,5646.793698,2,32004987,2026-08-29,/home/nk/Projects/data-mining/Chapter_4/Bai_3/output/manifest_snapshots/manifest_2026-08-29.csv,False,duplicate_episode_id_removed
102768450,2026-08-29 21:04:39.497499300,2823.203321,2796.051708,5646.406642,2,32633334,2026-08-29,/home/nk/Projects/data-mining/Chapter_4/Bai_3/output/manifest_snapshots/manifest_2026-08-29.csv,False,duplicate_episode_id_removed
102143350,2026-08-29 02:24:30.408376300,2823.042582,2801.742622,5646.085164,2,32446780,2026-08-29,/home/nk/Projects/data-mining/Chapter_4/Bai_3/output/manifest_snapshots/manifest_2026-08-29.csv,False,duplicate_episode_id_removed
102297452,2026-08-29 07:00:32.824705800,2822.867065,2793.198646,5645.734129,2,31382595,2026-08-29,/home/nk/Projects/data-mining/Chapter_4/Bai_3/output/manifest_snapshots/manifest_2026-08-29.csv,False,duplicate_episode_id_removed
102853086,2026-08-29 23:36:47.951115400,2822.523004,2808.170828,5645.046008,2,31876565,2026-08-29,/home/nk/Projects/data-mining/Chapter_4/Bai_3/output/manifest_snapshots/manifest_2026-08-29.csv,False,duplicate_episode_id_removed
102668107,2026-08-29 18:04:36.032495300,2821.607757,2777.527002,5643.215515,2,32573353,2026-08-29,/home/nk/Projects/data-mining/Chapter_4/Bai_3/output/manifest_snapshots/manifest_2026-08-29.csv,False,duplicate_episode_id_removed
102726198,2026-08-29 19:48:38.243138600,2821.555422,2780.138223,5643.110844,2,32567818,2026-08-29,/home/nk/Projects/data-mining/Chapter_4/Bai_3/output/manifest_snapshots/manifest_2026-08-29.csv,False,duplicate_episode_id_removed
102201436,2026-08-29 04:08:34.232672700,2821.449665,2798.245785,5642.899331,2,30824534,2026-08-29,/home/nk/Projects/data-mining/Chapter_4/Bai_3/output/manifest_snapshots/manifest_2026-08-29.csv,False,duplicate_episode_id_removed
102810744,2026-08-29 22:20:38.334688500,2821.396724,2766.791309,5642.793447,2,32236593,2026-08-29,/home/nk/Projects/data-mining/Chapter_4/Bai_3/output/manifest_snapshots/manifest_2026-08-29.csv,False,duplicate_episode_id_removed
102821961,2026-08-29 22:40:38.341590600,2821.027183,2794.85055,5642.054366,2,32567243,2026-08-29,/home/nk/Projects/data-mining/Chapter_4/Bai_3/output/manifest_snapshots/manifest_2026-08-29.csv,False,duplicate_episode_id_removed
102779701,2026-08-29 21:24:39.831537900,2820.983136,2792.344905,5641.966271,2,32625025,2026-08-29,/home/nk/Projects/data-mining/Chapter_4/Bai_3/output/manifest_snapshots/manifest_2026-08-29.csv,False,duplicate_episode_id_removed
102832962,2026-08-29 23:00:38.520379100,2820.770892,2809.941955,5641.541783,2,32653119,2026-08-29,/home/nk/Projects/data-mining/Chapter_4/Bai_3/output/manifest_snapshots/manifest_2026-08-29.csv,False,duplicate_episode_id_removed
102594329,2026-08-29 15:52:51.920648900,2820.737958,2805.010827,5641.475915,2,32390022,2026-08-29,/home/nk/Projects/data-mining/Chapter_4/Bai_3/output/manifest_snapshots/manifest_2026-08-29.csv,False,duplicate_episode_id_removed
102757272,2026-08-29 20:44:39.154345800,2820.720013,2803.935253,5641.440025,2,32525362,2026-08-29,/home/nk/Projects/data-mining/Chapter_4/Bai_3/output/manifest_snapshots/manifest_2026-08-29.csv,False,duplicate_episode_id_removed
102533949,2026-08-29 14:04:37.646624400,2820.711846,2784.431489,5641.423692,2,31604424,2026-08-29,/home/nk/Projects/data-mining/Chapter_4/Bai_3/output/manifest_snapshots/manifest_2026-08-29.csv,False,duplicate_episode_id_removed
102641270,2026-08-29 17:16:37.052821900,2820.699676,2793.345042,5641.399352,2,32433398,2026-08-29,/home/nk/Projects/data-mining/Chapter_4/Bai_3/output/manifest_snapshots/manifest_2026-08-29.csv,False,duplicate_episode_id_removed
102297453,2026-08-29 07:00:32.826166400,2820.310493,2813.180627,5640.620986,2,32260442,2026-08-29,/home/nk/Projects/data-mining/Chapter_4/Bai_3/output/manifest_snapshots/manifest_2026-08-29.csv,False,duplicate_episode_id_removed
102701514,2026-08-29 19:04:35.215868000,2819.547862,2806.80273,5639.095724,2,32588390,2026-08-29,/home/nk/Projects/data-mining/Chapter_4/Bai_3/output/manifest_snapshots/manifest_2026-08-29.csv,False,duplicate_episode_id_removed
102721638,2026-08-29 19:40:35.026894800,2819.540244,2771.200541,5639.080488,2,30858386,2026-08-29,/home/nk/Projects/data-mining/Chapter_4/Bai_3/output/manifest_snapshots/manifest_2026-08-29.csv,False,duplicate_episode_id_removed
102141112,2026-08-29 02:20:29.554871600,2819.50848,2806.018523,5639.01696,2,32433872,2026-08-29,/home/nk/Projects/data-mining/Chapter_4/Bai_3/output/manifest_snapshots/manifest_2026-08-29.csv,False,duplicate_episode_id_removed
102607749,2026-08-29 16:16:45.559465300,2819.279125,2802.110125,5638.558249,2,32229413,2026-08-29,/home/nk/Projects/data-mining/Chapter_4/Bai_3/output/manifest_snapshots/manifest_2026-08-29.csv,False,duplicate_episode_id_removed
102536198,2026-08-29 14:08:37.757514200,2818.763962,2772.492218,5637.527923,2,32806234,2026-08-29,/home/nk/Projects/data-mining/Chapter_4/Bai_3/output/manifest_snapshots/manifest_2026-08-29.csv,False,duplicate_episode_id_removed
102752857,2026-08-29 20:36:40.139218200,2818.404194,2799.805622,5636.808388,2,32684297,2026-08-29,/home/nk/Projects/data-mining/Chapter_4/Bai_3/output/manifest_snapshots/manifest_2026-08-29.csv,False,duplicate_episode_id_removed
102179150,2026-08-29 03:28:31.276676200,2818.340297,2808.667125,5636.680594,2,32437211,2026-08-29,/home/nk/Projects/data-mining/Chapter_4/Bai_3/output/manifest_snapshots/manifest_2026-08-29.csv,False,duplicate_episode_id_removed
102784102,2026-08-29 21:32:37.969273500,2818.310562,2815.174299,5636.621124,2,31893935,2026-08-29,/home/nk/Projects/data-mining/Chapter_4/Bai_3/output/manifest_snapshots/manifest_2026-08-29.csv,False,duplicate_episode_id_removed
102639027,2026-08-29 17:12:41.974276900,2818.16649,2795.234228,5636.33298,2,32241377,2026-08-29,/home/nk/Projects/data-mining/Chapter_4/Bai_3/output/manifest_snapshots/manifest_2026-08-29.csv,False,duplicate_episode_id_removed
102103096,2026-08-29 01:12:34.741370400,2818.101072,2766.793126,5636.202145,2,31575673,2026-08-29,/home/nk/Projects/data-mining/Chapter_4/Bai_3/output/manifest_snapshots/manifest_2026-08-29.csv,False,duplicate_episode_id_removed
102531712,2026-08-29 14:00:36.059452800,2818.067135,2788.259114,5636.13427,2,31450091,2026-08-29,/home/nk/Projects/data-mining/Chapter_4/Bai_3/output/manifest_snapshots/manifest_2026-08-29.csv,False,duplicate_episode_id_removed
102605518,2026-08-29 16:12:40.099224400,2817.426571,2805.965148,5634.853141,2,32387933,2026-08-29,/home/nk/Projects/data-mining/Chapter_4/Bai_3/output/manifest_snapshots/manifest_2026-08-29.csv,False,duplicate_episode_id_removed
102444817,2026-08-29 11:24:30.237945100,2816.740697,2780.778976,5633.481395,2,32446084,2026-08-29,/home/nk/Projects/data-mining/Chapter_4/Bai_3/output/manifest_snapshots/manifest_2026-08-29.csv,False,duplicate_episode_id_removed
102067613,2026-08-29 00:08:30.931021300,2816.573065,2809.250173,5633.146131,2,32439751,2026-08-29,/home/nk/Projects/data-mining/Chapter_4/Bai_3/output/manifest_snapshots/manifest_2026-08-29.csv,False,duplicate_episode_id_removed
102699387,2026-08-29 19:00:35.338775400,2815.448105,2811.027447,5630.896209,2,32686837,2026-08-29,/home/nk/Projects/data-mining/Chapter_4/Bai_3/output/manifest_snapshots/manifest_2026-08-29.csv,False,duplicate_episode_id_removed
102549641,2026-08-29 14:32:31.223539200,2815.390874,2752.367398,5630.781748,2,32364927,2026-08-29,/home/nk/Projects/data-mining/Chapter_4/Bai_3/output/manifest_snapshots/manifest_2026-08-29.csv,False,duplicate_episode_id_removed
102623371,2026-08-29 16:44:29.922219100,2814.700101,2802.2474,5629.400203,2,32075384,2026-08-29,/home/nk/Projects/data-mining/Chapter_4/Bai_3/output/manifest_snapshots/manifest_2026-08-29.csv,False,duplicate_episode_id_removed
102634560,2026-08-29 17:04:36.718350500,2814.281433,2785.231738,5628.562866,2,31287461,2026-08-29,/home/nk/Projects/data-mining/Chapter_4/Bai_3/output/manifest_snapshots/manifest_2026-08-29.csv,False,duplicate_episode_id_removed
102835195,2026-08-29 23:04:37.434294400,2813.929253,2790.961006,5627.858505,2,32525863,2026-08-29,/home/nk/Projects/data-mining/Chapter_4/Bai_3/output/manifest_snapshots/manifest_2026-08-29.csv,False,duplicate_episode_id_removed
102717309,2026-08-29 19:32:35.245752900,2813.711459,2774.502456,5627.422917,2,32429161,2026-08-29,/home/nk/Projects/data-mining/Chapter_4/Bai_3/output/manifest_snapshots/manifest_2026-08-29.csv,False,duplicate_episode_id_removed
102217095,2026-08-29 04:36:34.583096900,2813.625793,2813.191947,5627.251586,2,32435882,2026-08-29,/home/nk/Projects/data-mining/Chapter_4/Bai_3/output/manifest_snapshots/manifest_2026-08-29.csv,False,duplicate_episode_id_removed
102741660,2026-08-29 20:16:41.253676500,2812.576193,2775.908812,5625.152385,2,32695490,2026-08-29,/home/nk/Projects/data-mining/Chapter_4/Bai_3/output/manifest_snapshots/manifest_2026-08-29.csv,False,duplicate_episode_id_removed
102556518,2026-08-29 14:44:36.139801300,2812.414025,2783.142776,5624.82805,2,32567220,2026-08-29,/home/nk/Projects/data-mining/Chapter_4/Bai_3/output/manifest_snapshots/manifest_2026-08-29.csv,False,duplicate_episode_id_removed
102266222,2026-08-29 06:04:33.747396500,2812.005049,2809.500334,5624.010097,2,32281657,2026-08-29,/home/nk/Projects/data-mining/Chapter_4/Bai_3/output/manifest_snapshots/manifest_2026-08-29.csv,False,duplicate_episode_id_removed
102717146,2026-08-29 19:32:35.012909600,2811.932683,2804.239606,5623.865365,2,32531310,2026-08-29,/home/nk/Projects/data-mining/Chapter_4/Bai_3/output/manifest_snapshots/manifest_2026-08-29.csv,False,duplicate_episode_id_removed
102614467,2026-08-29 16:28:42.340773200,2811.878637,2808.773127,5623.757275,2,32509848,2026-08-29,/home/nk/Projects/data-mining/Chapter_4/Bai_3/output/manifest_snapshots/manifest_2026-08-29.csv,False,duplicate_episode_id_removed
102824043,2026-08-29 22:44:40.122649300,2811.743554,2809.260261,5623.487108,2,32237199,2026-08-29,/home/nk/Projects/data-mining/Chapter_4/Bai_3/output/manifest_snapshots/manifest_2026-08-29.csv,False,duplicate_episode_id_removed
102712637,2026-08-29 19:24:35.611905900,2811.467393,2803.383911,5622.934787,2,32136655,2026-08-29,/home/nk/Projects/data-mining/Chapter_4/Bai_3/output/manifest_snapshots/manifest_2026-08-29.csv,False,duplicate_episode_id_removed
102203688,2026-08-29 04:12:31.624084500,2810.94153,2803.163027,5621.88306,2,31365599,2026-08-29,/home/nk/Projects/data-mining/Chapter_4/Bai_3/output/manifest_snapshots/manifest_2026-08-29.csv,False,duplicate_episode_id_removed
102520774,2026-08-29 13:40:31.432163300,2810.723188,2809.354606,5621.446375,2,32560874,2026-08-29,/home/nk/Projects/data-mining/Chapter_4/Bai_3/output/manifest_snapshots/manifest_2026-08-29.csv,False,duplicate_episode_id_removed
102781914,2026-08-29 21:28:45.703347600,2810.559752,2801.40577,5621.119503,2,32071420,2026-08-29,/home/nk/Projects/data-mining/Chapter_4/Bai_3/output/manifest_snapshots/manifest_2026-08-29.csv,False,duplicate_episode_id_removed
102125611,2026-08-29 01:52:29.197594500,2810.548433,2779.345378,5621.096865,2,32432046,2026-08-29,/home/nk/Projects/data-mining/Chapter_4/Bai_3/output/manifest_snapshots/manifest_2026-08-29.csv,False,duplicate_episode_id_removed
102609979,2026-08-29 16:20:37.554662800,2810.356234,2793.701131,5620.712467,2,32244948,2026-08-29,/home/nk/Projects/data-mining/Chapter_4/Bai_3/output/manifest_snapshots/manifest_2026-08-29.csv,False,duplicate_episode_id_removed
102266223,2026-08-29 06:04:33.748809700,2810.1169,2802.650999,5620.233799,2,31133515,2026-08-29,/home/nk/Projects/data-mining/Chapter_4/Bai_3/output/manifest_snapshots/manifest_2026-08-29.csv,False,duplicate_episode_id_removed
102730501,2026-08-29 19:56:34.155339900,2809.838256,2798.794109,5619.676512,2,32622106,2026-08-29,/home/nk/Projects/data-mining/Chapter_4/Bai_3/output/manifest_snapshots/manifest_2026-08-29.csv,False,duplicate_episode_id_removed
102529476,2026-08-29 13:56:34.380213300,2809.793516,2781.743546,5619.587031,2,32436264,2026-08-29,/home/nk/Projects/data-mining/Chapter_4/Bai_3/output/manifest_snapshots/manifest_2026-08-29.csv,False,duplicate_episode_id_removed
102855265,2026-08-29 23:40:45.070729900,2809.76095,2778.585466,5619.521901,2,32278056,2026-08-29,/home/nk/Projects/data-mining/Chapter_4/Bai_3/output/manifest_snapshots/manifest_2026-08-29.csv,False,duplicate_episode_id_removed
102817346,2026-08-29 22:32:37.533543200,2809.685595,2809.608415,5619.37119,2,32657609,2026-08-29,/home/nk/Projects/data-mining/Chapter_4/Bai_3/output/manifest_snapshots/manifest_2026-08-29.csv,False,duplicate_episode_id_removed
102643517,2026-08-29 17:20:38.202264400,2809.539063,2765.163122,5619.078126,2,32428896,2026-08-29,/home/nk/Projects/data-mining/Chapter_4/Bai_3/output/manifest_snapshots/manifest_2026-08-29.csv,False,duplicate_episode_id_removed
102556497,2026-08-29 14:44:36.116904000,2809.446846,2781.132865,5618.893693,2,32062283,2026-08-29,/home/nk/Projects/data-mining/Chapter_4/Bai_3/output/manifest_snapshots/manifest_2026-08-29.csv,False,duplicate_episode_id_removed
102627851,2026-08-29 16:52:32.114538800,2809.128285,2797.105066,5618.25657,2,32432045,2026-08-29,/home/nk/Projects/data-mining/Chapter_4/Bai_3/output/manifest_snapshots/manifest_2026-08-29.csv,False,duplicate_episode_id_removed
102750607,2026-08-29 20:32:39.235149200,2808.907592,2805.407661,5617.815184,2,32541112,2026-08-29,/home/nk/Projects/data-mining/Chapter_4/Bai_3/output/manifest_snapshots/manifest_2026-08-29.csv,False,duplicate_episode_id_removed
102659194,2026-08-29 17:48:39.147105000,2808.845616,2777.297041,5617.691231,2,32244052,2026-08-29,/home/nk/Projects/data-mining/Chapter_4/Bai_3/output/manifest_snapshots/manifest_2026-08-29.csv,False,duplicate_episode_id_removed
102621196,2026-08-29 16:40:33.902724600,2808.782886,2789.253754,5617.565772,2,32093609,2026-08-29,/home/nk/Projects/data-mining/Chapter_4/Bai_3/output/manifest_snapshots/manifest_2026-08-29.csv,False,duplicate_episode_id_removed
102748357,2026-08-29 20:28:41.663805000,2808.534143,2762.703363,5617.068287,2,32413810,2026-08-29,/home/nk/Projects/data-mining/Chapter_4/Bai_3/output/manifest_snapshots/manifest_2026-08-29.csv,False,duplicate_episode_id_removed
102850789,2026-08-29 23:32:49.319594000,2808.245855,2784.363351,5616.491711,2,32676928,2026-08-29,/home/nk/Projects/data-mining/Chapter_4/Bai_3/output/manifest_snapshots/manifest_2026-08-29.csv,False,duplicate_episode_id_removed
102393491,2026-08-29 09:52:30.861324200,2808.112376,2767.002657,5616.224751,2,32439155,2026-08-29,/home/nk/Projects/data-mining/Chapter_4/Bai_3/output/manifest_snapshots/manifest_2026-08-29.csv,False,duplicate_episode_id_removed
102848672,2026-08-29 23:28:51.943758100,2807.93622,2788.220297,5615.87244,2,32411627,2026-08-29,/home/nk/Projects/data-mining/Chapter_4/Bai_3/output/manifest_snapshots/manifest_2026-08-29.csv,False,duplicate_episode_id_removed
102589865,2026-08-29 15:44:48.570170900,2807.445026,2804.652443,5614.890051,2,32389744,2026-08-29,/home/nk/Projects/data-mining/Chapter_4/Bai_3/output/manifest_snapshots/manifest_2026-08-29.csv,False,duplicate_episode_id_removed
102259500,2026-08-29 05:52:32.342773800,2807.421276,2777.4621,5614.842552,2,32427181,2026-08-29,/home/nk/Projects/data-mining/Chapter_4/Bai_3/output/manifest_snapshots/manifest_2026-08-29.csv,False,duplicate_episode_id_removed
102795242,2026-08-29 21:52:40.823959200,2807.068674,2788.324795,5614.137348,2,32383675,2026-08-29,/home/nk/Projects/data-mining/Chapter_4/Bai_3/output/manifest_snapshots/manifest_2026-08-29.csv,False,duplicate_episode_id_removed
102538447,2026-08-29 14:12:32.511127900,2806.623105,2741.690853,5613.24621,2,32108797,2026-08-29,/home/nk/Projects/data-mining/Chapter_4/Bai_3/output/manifest_snapshots/manifest_2026-08-29.csv,False,duplicate_episode_id_removed
102105333,2026-08-29 01:16:30.241926000,2806.176326,2737.160859,5612.352652,2,32304075,2026-08-29,/home/nk/Projects/data-mining/Chapter_4/Bai_3/output/manifest_snapshots/manifest_2026-08-29.csv,False,duplicate_episode_id_removed
102623515,2026-08-29 16:44:30.157627800,2805.350204,2788.942365,5610.700409,2,31323290,2026-08-29,/home/nk/Projects/data-mining/Chapter_4/Bai_3/output/manifest_snapshots/manifest_2026-08-29.csv,False,duplicate_episode_id_removed
102623443,2026-08-29 16:44:30.047980000,2805.216448,2776.474468,5610.432896,2,32195373,2026-08-29,/home/nk/Projects/data-mining/Chapter_4/Bai_3/output/manifest_snapshots/manifest_2026-08-29.csv,False,duplicate_episode_id_removed
102346578,2026-08-29 08:28:30.445543000,2805.043359,2801.66984,5610.086718,2,32435388,2026-08-29,/home/nk/Projects/data-mining/Chapter_4/Bai_3/output/manifest_snapshots/manifest_2026-08-29.csv,False,duplicate_episode_id_removed
102636882,2026-08-29 17:08:35.858660800,2805.03547,2780.773721,5610.07094,2,32389632,2026-08-29,/home/nk/Projects/data-mining/Chapter_4/Bai_3/output/manifest_snapshots/manifest_2026-08-29.csv,False,duplicate_episode_id_removed
102759503,2026-08-29 20:48:45.956474200,2804.879952,2767.962818,5609.759905,2,31320542,2026-08-29,/home/nk/Projects/data-mining/Chapter_4/Bai_3/output/manifest_snapshots/manifest_2026-08-29.csv,False,duplicate_episode_id_removed
102145702,2026-08-29 02:28:32.117111400,2804.834045,2803.031233,5609.668091,2,32466628,2026-08-29,/home/nk/Projects/data-mining/Chapter_4/Bai_3/output/manifest_snapshots/manifest_2026-08-29.csv,False,duplicate_episode_id_removed
102134417,2026-08-29 02:08:32.928703600,2804.626659,2791.297997,5609.253318,2,32459279,2026-08-29,/home/nk/Projects/data-mining/Chapter_4/Bai_3/output/manifest_snapshots/manifest_2026-08-29.csv,False,duplicate_episode_id_removed
102766192,2026-08-29 21:00:41.809276500,2804.522494,2763.026294,5609.044987,2,32408613,2026-08-29,/home/nk/Projects/data-mining/Chapter_4/Bai_3/output/manifest_snapshots/manifest_2026-08-29.csv,False,duplicate_episode_id_removed
102790860,2026-08-29 21:44:41.016526200,2804.221363,2759.558935,5608.442727,2,31272360,2026-08-29,/home/nk/Projects/data-mining/Chapter_4/Bai_3/output/manifest_snapshots/manifest_2026-08-29.csv,False,duplicate_episode_id_removed
102654721,2026-08-29 17:40:38.198045800,2803.675195,2777.876276,5607.350391,2,32517399,2026-08-29,/home/nk/Projects/data-mining/Chapter_4/Bai_3/output/manifest_snapshots/manifest_2026-08-29.csv,False,duplicate_episode_id_removed
102719342,2026-08-29 19:36:37.961473600,2803.423054,2796.244594,5606.846108,2,32218531,2026-08-29,/home/nk/Projects/data-mining/Chapter_4/Bai_3/output/manifest_snapshots/manifest_2026-08-29.csv,False,duplicate_episode_id_removed
102618875,2026-08-29 16:36:37.141157500,2803.403269,2801.364454,5606.806539,2,32432034,2026-08-29,/home/nk/Projects/data-mining/Chapter_4/Bai_3/output/manifest_snapshots/manifest_2026-08-29.csv,False,duplicate_episode_id_removed
102857617,2026-08-29 23:44:44.857875800,2802.947177,2795.854032,5605.894353,2,32530550,2026-08-29,/home/nk/Projects/data-mining/Chapter_4/Bai_3/output/manifest_snapshots/manifest_2026-08-29.csv,False,duplicate_episode_id_removed
102598799,2026-08-29 16:00:52.035496400,2802.724662,2783.715944,5605.449323,2,31236037,2026-08-29,/home/nk/Projects/data-mining/Chapter_4/Bai_3/output/manifest_snapshots/manifest_2026-08-29.csv,False,duplicate_episode_id_removed
102627934,2026-08-29 16:52:32.249788500,2802.700605,2774.248827,5605.40121,2,32248686,2026-08-29,/home/nk/Projects/data-mining/Chapter_4/Bai_3/output/manifest_snapshots/manifest_2026-08-29.csv,False,duplicate_episode_id_removed
102723802,2026-08-29 19:44:35.386727800,2802.666024,2798.43501,5605.332048,2,32375419,2026-08-29,/home/nk/Projects/data-mining/Chapter_4/Bai_3/output/manifest_snapshots/manifest_2026-08-29.csv,False,duplicate_episode_id_removed
102828506,2026-08-29 22:52:40.603361700,2802.301692,2784.286673,5604.603384,2,32567218,2026-08-29,/home/nk/Projects/data-mining/Chapter_4/Bai_3/output/manifest_snapshots/manifest_2026-08-29.csv,False,duplicate_episode_id_removed
102625691,2026-08-29 16:48:34.735927700,2801.867971,2777.967481,5603.735942,2,32512974,2026-08-29,/home/nk/Projects/data-mining/Chapter_4/Bai_3/output/manifest_snapshots/manifest_2026-08-29.csv,False,duplicate_episode_id_removed
102703684,2026-08-29 19:08:38.086577700,2801.811561,2801.497789,5603.623121,2,32383029,2026-08-29,/home/nk/Projects/data-mining/Chapter_4/Bai_3/output/manifest_snapshots/manifest_2026-08-29.csv,False,duplicate_episode_id_removed
102848577,2026-08-29 23:28:51.783139000,2801.64036,2780.346498,5603.28072,2,32574326,2026-08-29,/home/nk/Projects/data-mining/Chapter_4/Bai_3/output/manifest_snapshots/manifest_2026-08-29.csv,False,duplicate_episode_id_removed
102726057,2026-08-29 19:48:38.026059000,2801.316922,2799.557064,5602.633844,2,32363822,2026-08-29,/home/nk/Projects/data-mining/Chapter_4/Bai_3/output/manifest_snapshots/manifest_2026-08-29.csv,False,duplicate_episode_id_removed
102125461,2026-08-29 01:52:28.919632100,2801.101754,2784.647275,5602.203507,2,32453266,2026-08-29,/home/nk/Projects/data-mining/Chapter_4/Bai_3/output/manifest_snapshots/manifest_2026-08-29.csv,False,duplicate_episode_id_removed
102728271,2026-08-29 19:52:35.439145800,2800.631787,2787.615127,5601.263574,2,32418534,2026-08-29,/home/nk/Projects/data-mining/Chapter_4/Bai_3/output/manifest_snapshots/manifest_2026-08-29.csv,False,duplicate_episode_id_removed
102306309,2026-08-29 07:16:29.069797100,2800.580137,2779.133833,5601.160274,2,32392968,2026-08-29,/home/nk/Projects/data-mining/Chapter_4/Bai_3/output/manifest_snapshots/manifest_2026-08-29.csv,False,duplicate_episode_id_removed
102806373,2026-08-29 22:12:38.351384300,2800.298145,2780.496218,5600.59629,2,32525798,2026-08-29,/home/nk/Projects/data-mining/Chapter_4/Bai_3/output/manifest_snapshots/manifest_2026-08-29.csv,False,duplicate_episode_id_removed
102815113,2026-08-29 22:28:43.070894200,2800.287884,2798.632961,5600.575767,2,32439724,2026-08-29,/home/nk/Projects/data-mining/Chapter_4/Bai_3/output/manifest_snapshots/manifest_2026-08-29.csv,False,duplicate_episode_id_removed
102083134,2026-08-29 00:36:28.763420300,2800.28688,2773.776428,5600.57376,2,32624256,2026-08-29,/home/nk/Projects/data-mining/Chapter_4/Bai_3/output/manifest_snapshots/manifest_2026-08-29.csv,False,duplicate_episode_id_removed
102759566,2026-08-29 20:48:46.057533600,2799.954605,2777.050182,5599.909211,2,32196474,2026-08-29,/home/nk/Projects/data-mining/Chapter_4/Bai_3/output/manifest_snapshots/manifest_2026-08-29.csv,False,duplicate_episode_id_removed
102632326,2026-08-29 17:00:33.660721200,2799.88561,2763.995623,5599.771219,2,32401394,2026-08-29,/home/nk/Projects/data-mining/Chapter_4/Bai_3/output/manifest_snapshots/manifest_2026-08-29.csv,False,duplicate_episode_id_removed
102522770,2026-08-29 13:44:32.575929200,2799.739571,2791.958188,5599.479142,2,32127490,2026-08-29,/home/nk/Projects/data-mining/Chapter_4/Bai_3/output/manifest_snapshots/manifest_2026-08-29.csv,False,duplicate_episode_id_removed
102601033,2026-08-29 16:04:35.114291900,2799.556452,2787.75648,5599.112904,2,32229879,2026-08-29,/home/nk/Projects/data-mining/Chapter_4/Bai_3/output/manifest_snapshots/manifest_2026-08-29.csv,False,duplicate_episode_id_removed
102326536,2026-08-29 07:52:29.217816900,2799.460922,2796.266364,5598.921843,2,32425170,2026-08-29,/home/nk/Projects/data-mining/Chapter_4/Bai_3/output/manifest_snapshots/manifest_2026-08-29.csv,False,duplicate_episode_id_removed
102732732,2026-08-29 20:00:36.671261600,2799.226363,2771.418942,5598.452726,2,31265607,2026-08-29,/home/nk/Projects/data-mining/Chapter_4/Bai_3/output/manifest_snapshots/manifest_2026-08-29.csv,False,duplicate_episode_id_removed
102726036,2026-08-29 19:48:38.001926000,2799.078006,2791.833338,5598.156013,2,32519733,2026-08-29,/home/nk/Projects/data-mining/Chapter_4/Bai_3/output/manifest_snapshots/manifest_2026-08-29.csv,False,duplicate_episode_id_removed
102132184,2026-08-29 02:04:30.642317800,2798.905937,2790.466069,5597.811874,2,31253401,2026-08-29,/home/nk/Projects/data-mining/Chapter_4/Bai_3/output/manifest_snapshots/manifest_2026-08-29.csv,False,duplicate_episode_id_removed
102232763,2026-08-29 05:04:29.928781600,2798.624396,2770.001402,5597.248792,2,32619729,2026-08-29,/home/nk/Projects/data-mining/Chapter_4/Bai_3/output/manifest_snapshots/manifest_2026-08-29.csv,False,duplicate_episode_id_removed
102315338,2026-08-29 07:32:32.347680900,2798.562398,2787.785565,5597.124795,2,32572857,2026-08-29,/home/nk/Projects/data-mining/Chapter_4/Bai_3/output/manifest_snapshots/manifest_2026-08-29.csv,False,duplicate_episode_id_removed
102292878,2026-08-29 06:52:32.408206700,2798.536027,2756.387561,5597.072055,2,32648471,2026-08-29,/home/nk/Projects/data-mining/Chapter_4/Bai_3/output/manifest_snapshots/manifest_2026-08-29.csv,False,duplicate_episode_id_removed
102690299,2026-08-29 18:44:34.736676300,2798.170694,2778.57118,5596.341388,2,32534082,2026-08-29,/home/nk/Projects/data-mining/Chapter_4/Bai_3/output/manifest_snapshots/manifest_2026-08-29.csv,False,duplicate_episode_id_removed
102830735,2026-08-29 22:56:39.510278000,2797.65615,2769.681602,5595.3123,2,32621234,2026-08-29,/home/nk/Projects/data-mining/Chapter_4/Bai_3/output/manifest_snapshots/manifest_2026-08-29.csv,False,duplicate_episode_id_removed
102694758,2026-08-29 18:52:34.612125100,2797.639306,2791.266472,5595.278612,2,32044095,2026-08-29,/home/nk/Projects/data-mining/Chapter_4/Bai_3/output/manifest_snapshots/manifest_2026-08-29.csv,False,duplicate_episode_id_removed
102692586,2026-08-29 18:48:37.373711400,2797.223938,2778.366125,5594.447876,2,31250068,2026-08-29,/home/nk/Projects/data-mining/Chapter_4/Bai_3/output/manifest_snapshots/manifest_2026-08-29.csv,False,duplicate_episode_id_removed
102217145,2026-08-29 04:36:34.659559900,2796.984694,2781.125833,5593.969387,2,32302084,2026-08-29,/home/nk/Projects/data-mining/Chapter_4/Bai_3/output/manifest_snapshots/manifest_2026-08-29.csv,False,duplicate_episode_id_removed
102705918,2026-08-29 19:12:35.640489000,2796.925897,2782.88522,5593.851793,2,32509464,2026-08-29,/home/nk/Projects/data-mining/Chapter_4/Bai_3/output/manifest_snapshots/manifest_2026-08-29.csv,False,duplicate_episode_id_removed
102846339,2026-08-29 23:24:47.418744900,2796.643172,2775.099038,5593.286344,2,32404463,2026-08-29,/home/nk/Projects/data-mining/Chapter_4/Bai_3/output/manifest_snapshots/manifest_2026-08-29.csv,False,duplicate_episode_id_removed
102386737,2026-08-29 09:40:28.514497800,2796.294793,2786.350945,5592.589586,2,32437303,2026-08-29,/home/nk/Projects/data-mining/Chapter_4/Bai_3/output/manifest_snapshots/manifest_2026-08-29.csv,False,duplicate_episode_id_removed
102743915,2026-08-29 20:20:40.174607100,2796.224534,2783.397635,5592.449067,2,32037645,2026-08-29,/home/nk/Projects/data-mining/Chapter_4/Bai_3/output/manifest_snapshots/manifest_2026-08-29.csv,False,duplicate_episode_id_removed
102127706,2026-08-29 01:56:28.673323300,2795.972503,2779.655917,5591.945006,2,30825620,2026-08-29,/home/nk/Projects/data-mining/Chapter_4/Bai_3/output/manifest_snapshots/manifest_2026-08-29.csv,False,duplicate_episode_id_removed
102074201,2026-08-29 00:20:28.727273400,2795.814838,2777.547615,5591.629676,2,31388654,2026-08-29,/home/nk/Projects/data-mining/Chapter_4/Bai_3/output/manifest_snapshots/manifest_2026-08-29.csv,False,duplicate_episode_id_removed
102721564,2026-08-29 19:40:34.916793700,2795.726224,2789.555762,5591.452447,2,32651730,2026-08-29,/home/nk/Projects/data-mining/Chapter_4/Bai_3/output/manifest_snapshots/manifest_2026-08-29.csv,False,duplicate_episode_id_removed
102690358,2026-08-29 18:44:34.849562600,2795.560734,2782.395357,5591.121467,2,31075918,2026-08-29,/home/nk/Projects/data-mining/Chapter_4/Bai_3/output/manifest_snapshots/manifest_2026-08-29.csv,False,duplicate_episode_id_removed
102710389,2026-08-29 19:20:37.623350500,2795.424707,2778.604778,5590.849415,2,32654732,2026-08-29,/home/nk/Projects/data-mining/Chapter_4/Bai_3/output/manifest_snapshots/manifest_2026-08-29.csv,False,duplicate_episode_id_removed
102609906,2026-08-29 16:20:37.459422900,2794.991151,2783.578456,5589.982302,2,32438230,2026-08-29,/home/nk/Projects/data-mining/Chapter_4/Bai_3/output/manifest_snapshots/manifest_2026-08-29.csv,False,duplicate_episode_id_removed
102308540,2026-08-29 07:20:28.749020200,2794.841153,2785.169568,5589.682305,2,32572616,2026-08-29,/home/nk/Projects/data-mining/Chapter_4/Bai_3/output/manifest_snapshots/manifest_2026-08-29.csv,False,duplicate_episode_id_removed
102518277,2026-08-29 13:36:32.587804300,2794.444545,2784.227238,5588.889091,2,32778413,2026-08-29,/home/nk/Projects/data-mining/Chapter_4/Bai_3/output/manifest_snapshots/manifest_2026-08-29.csv,False,duplicate_episode_id_removed
102418040,2026-08-29 10:36:32.555179300,2793.666182,2774.369981,5587.332364,2,32399766,2026-08-29,/home/nk/Projects/data-mining/Chapter_4/Bai_3/output/manifest_snapshots/manifest_2026-08-29.csv,False,duplicate_episode_id_removed
102167964,2026-08-29 03:08:31.828445500,2793.616195,2764.192339,5587.23239,2,32450070,2026-08-29,/home/nk/Projects/data-mining/Chapter_4/Bai_3/output/manifest_snapshots/manifest_2026-08-29.csv,False,duplicate_episode_id_removed
102304072,2026-08-29 07:12:29.546998900,2793.400467,2772.435797,5586.800934,2,32572823,2026-08-29,/home/nk/Projects/data-mining/Chapter_4/Bai_3/output/manifest_snapshots/manifest_2026-08-29.csv,False,duplicate_episode_id_removed
102755057,2026-08-29 20:40:39.329514300,2793.19372,2763.514383,5586.387439,2,32545661,2026-08-29,/home/nk/Projects/data-mining/Chapter_4/Bai_3/output/manifest_snapshots/manifest_2026-08-29.csv,False,duplicate_episode_id_removed
102714879,2026-08-29 19:28:38.242511400,2792.80528,2774.322584,5585.61056,2,32536277,2026-08-29,/home/nk/Projects/data-mining/Chapter_4/Bai_3/output/manifest_snapshots/manifest_2026-08-29.csv,False,duplicate_episode_id_removed
102089656,2026-08-29 00:48:31.012412400,2792.462824,2774.724049,5584.925647,2,32149336,2026-08-29,/home/nk/Projects/data-mining/Chapter_4/Bai_3/output/manifest_snapshots/manifest_2026-08-29.csv,False,duplicate_episode_id_removed
102344368,2026-08-29 08:24:29.332089700,2792.415612,2738.935885,5584.831223,2,32578597,2026-08-29,/home/nk/Projects/data-mining/Chapter_4/Bai_3/output/manifest_snapshots/manifest_2026-08-29.csv,False,duplicate_episode_id_removed
102806196,2026-08-29 22:12:38.100766500,2792.323012,2770.251931,5584.646024,2,32650151,2026-08-29,/home/nk/Projects/data-mining/Chapter_4/Bai_3/output/manifest_snapshots/manifest_2026-08-29.csv,False,duplicate_episode_id_removed
102688165,2026-08-29 18:40:36.907583200,2792.165951,2783.536495,5584.331901,2,31237749,2026-08-29,/home/nk/Projects/data-mining/Chapter_4/Bai_3/output/manifest_snapshots/manifest_2026-08-29.csv,False,duplicate_episode_id_removed
102741684,2026-08-29 20:16:41.305747500,2792.117999,2780.757988,5584.235997,2,32524817,2026-08-29,/home/nk/Projects/data-mining/Chapter_4/Bai_3/output/manifest_snapshots/manifest_2026-08-29.csv,False,duplicate_episode_id_removed
102721568,2026-08-29 19:40:34.920406600,2792.066024,2775.161176,5584.132048,2,31304402,2026-08-29,/home/nk/Projects/data-mining/Chapter_4/Bai_3/output/manifest_snapshots/manifest_2026-08-29.csv,False,duplicate_episode_id_removed
102819829,2026-08-29 22:36:40.145656100,2792.065127,2763.331402,5584.130254,2,32547462,2026-08-29,/home/nk/Projects/data-mining/Chapter_4/Bai_3/output/manifest_snapshots/manifest_2026-08-29.csv,False,duplicate_episode_id_removed
102625609,2026-08-29 16:48:34.607498400,2792.025246,2772.459503,5584.050491,2,32423185,2026-08-29,/home/nk/Projects/data-mining/Chapter_4/Bai_3/output/manifest_snapshots/manifest_2026-08-29.csv,False,duplicate_episode_id_removed
102464917,2026-08-29 12:00:30.688533700,2791.800065,2766.815607,5583.60013,2,32371491,2026-08-29,/home/nk/Projects/data-mining/Chapter_4/Bai_3/output/manifest_snapshots/manifest_2026-08-29.csv,False,duplicate_episode_id_removed
102746134,2026-08-29 20:24:39.224292400,2791.741519,2780.937986,5583.483038,2,32539084,2026-08-29,/home/nk/Projects/data-mining/Chapter_4/Bai_3/output/manifest_snapshots/manifest_2026-08-29.csv,False,duplicate_episode_id_removed
102730518,2026-08-29 19:56:34.209103100,2791.700875,2785.024529,5583.40175,2,32517847,2026-08-29,/home/nk/Projects/data-mining/Chapter_4/Bai_3/output/manifest_snapshots/manifest_2026-08-29.csv,False,duplicate_episode_id_removed
102092148,2026-08-29 00:52:29.613365700,2791.513301,2769.851647,5583.026601,2,32606947,2026-08-29,/home/nk/Projects/data-mining/Chapter_4/Bai_3/output/manifest_snapshots/manifest_2026-08-29.csv,False,duplicate_episode_id_removed
102815317,2026-08-29 22:28:43.407759800,2791.048242,2772.236479,5582.096484,2,32081646,2026-08-29,/home/nk/Projects/data-mining/Chapter_4/Bai_3/output/manifest_snapshots/manifest_2026-08-29.csv,False,duplicate_episode_id_removed
102612152,2026-08-29 16:24:37.206127500,2791.015256,2771.596203,5582.030512,2,32431248,2026-08-29,/home/nk/Projects/data-mining/Chapter_4/Bai_3/output/manifest_snapshots/manifest_2026-08-29.csv,False,duplicate_episode_id_removed
102699217,2026-08-29 19:00:35.100405600,2790.664446,2779.251997,5581.328893,2,31339613,2026-08-29,/home/nk/Projects/data-mining/Chapter_4/Bai_3/output/manifest_snapshots/manifest_2026-08-29.csv,False,duplicate_episode_id_removed
102694822,2026-08-29 18:52:34.759379400,2790.415893,2758.333997,5580.831786,2,32690860,2026-08-29,/home/nk/Projects/data-mining/Chapter_4/Bai_3/output/manifest_snapshots/manifest_2026-08-29.csv,False,duplicate_episode_id_removed
102699281,2026-08-29 19:00:35.205860300,2789.866546,2754.158721,5579.733092,2,32705744,2026-08-29,/home/nk/Projects/data-mining/Chapter_4/Bai_3/output/manifest_snapshots/manifest_2026-08-29.csv,False,duplicate_episode_id_removed
102786279,2026-08-29 21:36:40.899746600,2789.819885,2788.102489,5579.639769,2,32295004,2026-08-29,/home/nk/Projects/data-mining/Chapter_4/Bai_3/output/manifest_snapshots/manifest_2026-08-29.csv,False,duplicate_episode_id_removed
102837423,2026-08-29 23:08:39.326423000,2789.37148,2737.801691,5578.74296,2,32570684,2026-08-29,/home/nk/Projects/data-mining/Chapter_4/Bai_3/output/manifest_snapshots/manifest_2026-08-29.csv,False,duplicate_episode_id_removed
102701451,2026-08-29 19:04:35.117198200,2788.796987,2787.078416,5577.593974,2,32666290,2026-08-29,/home/nk/Projects/data-mining/Chapter_4/Bai_3/output/manifest_snapshots/manifest_2026-08-29.csv,False,duplicate_episode_id_removed
102480563,2026-08-29 12:28:32.368158200,2787.912829,2753.407113,5575.825658,2,32449693,2026-08-29,/home/nk/Projects/data-mining/Chapter_4/Bai_3/output/manifest_snapshots/manifest_2026-08-29.csv,False,duplicate_episode_id_removed
102453701,2026-08-29 11:40:29.918625000,2787.802204,2771.25979,5575.604409,2,32691538,2026-08-29,/home/nk/Projects/data-mining/Chapter_4/Bai_3/output/manifest_snapshots/manifest_2026-08-29.csv,False,duplicate_episode_id_removed
102630096,2026-08-29 16:56:31.517450400,2787.588378,2746.755687,5575.176755,2,32446639,2026-08-29,/home/nk/Projects/data-mining/Chapter_4/Bai_3/output/manifest_snapshots/manifest_2026-08-29.csv,False,duplicate_episode_id_removed
102592085,2026-08-29 15:48:48.007582200,2787.524436,2781.890784,5575.048871,2,32195668,2026-08-29,/home/nk/Projects/data-mining/Chapter_4/Bai_3/output/manifest_snapshots/manifest_2026-08-29.csv,False,duplicate_episode_id_removed
102772945,2026-08-29 21:12:40.516154400,2787.306076,2758.186624,5574.612152,2,32361808,2026-08-29,/home/nk/Projects/data-mining/Chapter_4/Bai_3/output/manifest_snapshots/manifest_2026-08-29.csv,False,duplicate_episode_id_removed
102732741,2026-08-29 20:00:36.703332300,2787.19084,2769.973966,5574.381681,2,32646446,2026-08-29,/home/nk/Projects/data-mining/Chapter_4/Bai_3/output/manifest_snapshots/manifest_2026-08-29.csv,False,duplicate_episode_id_removed
102409112,2026-08-29 10:20:34.133969800,2787.062683,2755.829831,5574.125366,2,32568379,2026-08-29,/home/nk/Projects/data-mining/Chapter_4/Bai_3/output/manifest_snapshots/manifest_2026-08-29.csv,False,duplicate_episode_id_removed
102118765,2026-08-29 01:40:29.218912700,2786.972038,2769.630374,5573.944077,2,31293394,2026-08-29,/home/nk/Projects/data-mining/Chapter_4/Bai_3/output/manifest_snapshots/manifest_2026-08-29.csv,False,duplicate_episode_id_removed
102696988,2026-08-29 18:56:35.401019000,2786.757605,2782.351031,5573.515211,2,32547221,2026-08-29,/home/nk/Projects/data-mining/Chapter_4/Bai_3/output/manifest_snapshots/manifest_2026-08-29.csv,False,duplicate_episode_id_removed
102728293,2026-08-29 19:52:35.502941400,2786.493037,2767.190294,5572.986074,2,32525344,2026-08-29,/home/nk/Projects/data-mining/Chapter_4/Bai_3/output/manifest_snapshots/manifest_2026-08-29.csv,False,duplicate_episode_id_removed
102524997,2026-08-29 13:48:32.234099300,2786.363451,2754.043207,5572.726902,2,32483789,2026-08-29,/home/nk/Projects/data-mining/Chapter_4/Bai_3/output/manifest_snapshots/manifest_2026-08-29.csv,False,duplicate_episode_id_removed
102183636,2026-08-29 03:36:28.754958400,2785.78503,2773.61252,5571.57006,2,32217880,2026-08-29,/home/nk/Projects/data-mining/Chapter_4/Bai_3/output/manifest_snapshots/manifest_2026-08-29.csv,False,duplicate_episode_id_removed
102596558,2026-08-29 15:56:44.230838600,2785.775947,2758.327844,5571.551895,2,32386955,2026-08-29,/home/nk/Projects/data-mining/Chapter_4/Bai_3/output/manifest_snapshots/manifest_2026-08-29.csv,False,duplicate_episode_id_removed
102737271,2026-08-29 20:08:40.023403800,2785.769962,2779.377185,5571.539923,2,32664277,2026-08-29,/home/nk/Projects/data-mining/Chapter_4/Bai_3/output/manifest_snapshots/manifest_2026-08-29.csv,False,duplicate_episode_id_removed
102170215,2026-08-29 03:12:32.331040500,2785.769072,2769.416746,5571.538144,2,29779483,2026-08-29,/home/nk/Projects/data-mining/Chapter_4/Bai_3/output/manifest_snapshots/manifest_2026-08-29.csv,False,duplicate_episode_id_removed
102692525,2026-08-29 18:48:37.274290200,2785.229483,2778.864408,5570.458965,2,32531023,2026-08-29,/home/nk/Projects/data-mining/Chapter_4/Bai_3/output/manifest_snapshots/manifest_2026-08-29.csv,False,duplicate_episode_id_removed
102125609,2026-08-29 01:52:29.200749300,2784.939183,2761.690476,5569.878366,2,31393807,2026-08-29,/home/nk/Projects/data-mining/Chapter_4/Bai_3/output/manifest_snapshots/manifest_2026-08-29.csv,False,duplicate_episode_id_removed
102540749,2026-08-29 14:16:32.060814700,2784.346183,2738.158265,5568.692366,2,32317407,2026-08-29,/home/nk/Projects/data-mining/Chapter_4/Bai_3/output/manifest_snapshots/manifest_2026-08-29.csv,False,duplicate_episode_id_removed
102250622,2026-08-29 05:36:34.368362900,2783.939024,2760.836195,5567.878047,2,31554225,2026-08-29,/home/nk/Projects/data-mining/Chapter_4/Bai_3/output/manifest_snapshots/manifest_2026-08-29.csv,False,duplicate_episode_id_removed
102750583,2026-08-29 20:32:39.213707300,2783.698435,2722.473476,5567.396871,2,31242144,2026-08-29,/home/nk/Projects/data-mining/Chapter_4/Bai_3/output/manifest_snapshots/manifest_2026-08-29.csv,False,duplicate_episode_id_removed
102480562,2026-08-29 12:28:32.367818500,2783.689658,2771.004824,5567.379316,2,32438779,2026-08-29,/home/nk/Projects/data-mining/Chapter_4/Bai_3/output/manifest_snapshots/manifest_2026-08-29.csv,False,duplicate_episode_id_removed
102676934,2026-08-29 18:20:36.825385600,2783.413337,2758.189132,5566.826674,2,32598493,2026-08-29,/home/nk/Projects/data-mining/Chapter_4/Bai_3/output/manifest_snapshots/manifest_2026-08-29.csv,False,duplicate_episode_id_removed
102103137,2026-08-29 01:12:34.809460600,2783.223055,2736.689187,5566.44611,2,32439185,2026-08-29,/home/nk/Projects/data-mining/Chapter_4/Bai_3/output/manifest_snapshots/manifest_2026-08-29.csv,False,duplicate_episode_id_removed
102812882,2026-08-29 22:24:41.724267300,2782.819308,2771.650507,5565.638616,2,32562944,2026-08-29,/home/nk/Projects/data-mining/Chapter_4/Bai_3/output/manifest_snapshots/manifest_2026-08-29.csv,False,duplicate_episode_id_removed
102723894,2026-08-29 19:44:35.525080200,2782.688311,2694.897404,5565.376621,2,32714392,2026-08-29,/home/nk/Projects/data-mining/Chapter_4/Bai_3/output/manifest_snapshots/manifest_2026-08-29.csv,False,duplicate_episode_id_removed
102114301,2026-08-29 01:32:30.407049400,2782.292956,2756.970223,5564.585912,2,32453432,2026-08-29,/home/nk/Projects/data-mining/Chapter_4/Bai_3/output/manifest_snapshots/manifest_2026-08-29.csv,False,duplicate_episode_id_removed
102426916,2026-08-29 10:52:29.014204900,2782.079647,2772.001522,5564.159294,2,32445054,2026-08-29,/home/nk/Projects/data-mining/Chapter_4/Bai_3/output/manifest_snapshots/manifest_2026-08-29.csv,False,duplicate_episode_id_removed
102100900,2026-08-29 01:08:34.642879100,2781.866054,2741.606588,5563.732107,2,32453987,2026-08-29,/home/nk/Projects/data-mining/Chapter_4/Bai_3/output/manifest_snapshots/manifest_2026-08-29.csv,False,duplicate_episode_id_removed
102748507,2026-08-29 20:28:41.911149900,2781.785337,2755.548611,5563.570674,2,32548063,2026-08-29,/home/nk/Projects/data-mining/Chapter_4/Bai_3/output/manifest_snapshots/manifest_2026-08-29.csv,False,duplicate_episode_id_removed
102846457,2026-08-29 23:24:47.551598000,2781.000145,2779.786424,5562.000289,2,32306798,2026-08-29,/home/nk/Projects/data-mining/Chapter_4/Bai_3/output/manifest_snapshots/manifest_2026-08-29.csv,False,duplicate_episode_id_removed
102138878,2026-08-29 02:16:30.059799000,2780.61851,2760.889644,5561.23702,2,32446611,2026-08-29,/home/nk/Projects/data-mining/Chapter_4/Bai_3/output/manifest_snapshots/manifest_2026-08-29.csv,False,duplicate_episode_id_removed
102395687,2026-08-29 09:56:28.857595100,2780.340484,2776.421666,5560.680967,2,32568616,2026-08-29,/home/nk/Projects/data-mining/Chapter_4/Bai_3/output/manifest_snapshots/manifest_2026-08-29.csv,False,duplicate_episode_id_removed
102337566,2026-08-29 08:12:36.313778600,2780.309133,2772.347786,5560.618266,2,31110319,2026-08-29,/home/nk/Projects/data-mining/Chapter_4/Bai_3/output/manifest_snapshots/manifest_2026-08-29.csv,False,duplicate_episode_id_removed
102822012,2026-08-29 22:40:38.431740800,2780.157962,2773.414673,5560.315924,2,32557180,2026-08-29,/home/nk/Projects/data-mining/Chapter_4/Bai_3/output/manifest_snapshots/manifest_2026-08-29.csv,False,duplicate_episode_id_removed
102683662,2026-08-29 18:32:35.531634800,2779.431474,2773.973564,5558.862947,2,32566645,2026-08-29,/home/nk/Projects/data-mining/Chapter_4/Bai_3/output/manifest_snapshots/manifest_2026-08-29.csv,False,duplicate_episode_id_removed
102641300,2026-08-29 17:16:37.106618400,2779.416757,2770.457753,5558.833515,2,32414967,2026-08-29,/home/nk/Projects/data-mining/Chapter_4/Bai_3/output/manifest_snapshots/manifest_2026-08-29.csv,False,duplicate_episode_id_removed
102739463,2026-08-29 20:12:40.429219400,2778.898357,2760.081289,5557.796714,2,32485704,2026-08-29,/home/nk/Projects/data-mining/Chapter_4/Bai_3/output/manifest_snapshots/manifest_2026-08-29.csv,False,duplicate_episode_id_removed
102605437,2026-08-29 16:12:39.960380100,2778.58246,2767.498486,5557.164919,2,32400285,2026-08-29,/home/nk/Projects/data-mining/Chapter_4/Bai_3/output/manifest_snapshots/manifest_2026-08-29.csv,False,duplicate_episode_id_removed
102697058,2026-08-29 18:56:35.502678900,2778.435543,2744.544433,5556.871086,2,32567576,2026-08-29,/home/nk/Projects/data-mining/Chapter_4/Bai_3/output/manifest_snapshots/manifest_2026-08-29.csv,False,duplicate_episode_id_removed
102342025,2026-08-29 08:20:28.956302800,2778.434379,2760.343681,5556.868757,2,32518415,2026-08-29,/home/nk/Projects/data-mining/Chapter_4/Bai_3/output/manifest_snapshots/manifest_2026-08-29.csv,False,duplicate_episode_id_removed
102806255,2026-08-29 22:12:38.199524800,2778.295497,2775.930536,5556.590995,2,32561525,2026-08-29,/home/nk/Projects/data-mining/Chapter_4/Bai_3/output/manifest_snapshots/manifest_2026-08-29.csv,False,duplicate_episode_id_removed
102723820,2026-08-29 19:44:35.415635900,2777.940839,2741.078444,5555.881678,2,32415886,2026-08-29,/home/nk/Projects/data-mining/Chapter_4/Bai_3/output/manifest_snapshots/manifest_2026-08-29.csv,False,duplicate_episode_id_removed
102612227,2026-08-29 16:24:37.305187300,2777.920076,2739.391931,5555.840152,2,32212219,2026-08-29,/home/nk/Projects/data-mining/Chapter_4/Bai_3/output/manifest_snapshots/manifest_2026-08-29.csv,False,duplicate_episode_id_removed
102826274,2026-08-29 22:48:41.158499200,2777.625722,2740.833901,5555.251443,2,32552318,2026-08-29,/home/nk/Projects/data-mining/Chapter_4/Bai_3/output/manifest_snapshots/manifest_2026-08-29.csv,False,duplicate_episode_id_removed
102085185,2026-08-29 00:40:31.573887600,2777.615501,2769.922478,5555.231001,2,32142960,2026-08-29,/home/nk/Projects/data-mining/Chapter_4/Bai_3/output/manifest_snapshots/manifest_2026-08-29.csv,False,duplicate_episode_id_removed
102808424,2026-08-29 22:16:39.022657900,2777.324377,2775.695853,5554.648755,2,32677136,2026-08-29,/home/nk/Projects/data-mining/Chapter_4/Bai_3/output/manifest_snapshots/manifest_2026-08-29.csv,False,duplicate_episode_id_removed
102719329,2026-08-29 19:36:37.948554200,2777.152331,2774.050379,5554.304662,2,32674239,2026-08-29,/home/nk/Projects/data-mining/Chapter_4/Bai_3/output/manifest_snapshots/manifest_2026-08-29.csv,False,duplicate_episode_id_removed
102391270,2026-08-29 09:48:31.242316900,2775.598717,2703.836708,5551.197433,2,32422080,2026-08-29,/home/nk/Projects/data-mining/Chapter_4/Bai_3/output/manifest_snapshots/manifest_2026-08-29.csv,False,duplicate_episode_id_removed
102136647,2026-08-29 02:12:28.877854100,2775.506828,2755.161364,5551.013655,2,32639484,2026-08-29,/home/nk/Projects/data-mining/Chapter_4/Bai_3/output/manifest_snapshots/manifest_2026-08-29.csv,False,duplicate_episode_id_removed
102580888,2026-08-29 15:28:37.647985500,2775.296396,2762.090823,5550.592791,2,32367635,2026-08-29,/home/nk/Projects/data-mining/Chapter_4/Bai_3/output/manifest_snapshots/manifest_2026-08-29.csv,False,duplicate_episode_id_removed
102616723,2026-08-29 16:32:32.625954300,2775.170101,2735.995747,5550.340202,2,32303899,2026-08-29,/home/nk/Projects/data-mining/Chapter_4/Bai_3/output/manifest_snapshots/manifest_2026-08-29.csv,False,duplicate_episode_id_removed
102853219,2026-08-29 23:36:48.232074400,2774.712883,2770.695318,5549.425766,2,32398857,2026-08-29,/home/nk/Projects/data-mining/Chapter_4/Bai_3/output/manifest_snapshots/manifest_2026-08-29.csv,False,duplicate_episode_id_removed
102085373,2026-08-29 00:40:31.855356100,2774.665251,2770.519325,5549.330503,2,31587861,2026-08-29,/home/nk/Projects/data-mining/Chapter_4/Bai_3/output/manifest_snapshots/manifest_2026-08-29.csv,False,duplicate_episode_id_removed
102279573,2026-08-29 06:28:36.529946300,2774.662543,2751.205319,5549.325085,2,32450964,2026-08-29,/home/nk/Projects/data-mining/Chapter_4/Bai_3/output/manifest_snapshots/manifest_2026-08-29.csv,False,duplicate_episode_id_removed
102648020,2026-08-29 17:28:41.221133900,2774.531665,2759.384944,5549.06333,2,32558138,2026-08-29,/home/nk/Projects/data-mining/Chapter_4/Bai_3/output/manifest_snapshots/manifest_2026-08-29.csv,False,duplicate_episode_id_removed
102563135,2026-08-29 14:56:37.716126600,2774.479553,2772.034272,5548.959106,2,32206680,2026-08-29,/home/nk/Projects/data-mining/Chapter_4/Bai_3/output/manifest_snapshots/manifest_2026-08-29.csv,False,duplicate_episode_id_removed
102067349,2026-08-29 00:08:30.480931400,2773.822431,2721.852524,5547.644862,2,32444787,2026-08-29,/home/nk/Projects/data-mining/Chapter_4/Bai_3/output/manifest_snapshots/manifest_2026-08-29.csv,False,duplicate_episode_id_removed
102799574,2026-08-29 22:00:42.279059400,2773.583881,2772.022676,5547.167762,2,32564051,2026-08-29,/home/nk/Projects/data-mining/Chapter_4/Bai_3/output/manifest_snapshots/manifest_2026-08-29.csv,False,duplicate_episode_id_removed
102107602,2026-08-29 01:20:29.742641000,2773.463353,2737.347981,5546.926706,2,31753067,2026-08-29,/home/nk/Projects/data-mining/Chapter_4/Bai_3/output/manifest_snapshots/manifest_2026-08-29.csv,False,duplicate_episode_id_removed
102453789,2026-08-29 11:40:30.038335000,2773.369212,2767.553586,5546.738424,2,32405304,2026-08-29,/home/nk/Projects/data-mining/Chapter_4/Bai_3/output/manifest_snapshots/manifest_2026-08-29.csv,False,duplicate_episode_id_removed
102375637,2026-08-29 09:20:29.660070500,2773.358777,2749.560918,5546.717554,2,31402611,2026-08-29,/home/nk/Projects/data-mining/Chapter_4/Bai_3/output/manifest_snapshots/manifest_2026-08-29.csv,False,duplicate_episode_id_removed
102688030,2026-08-29 18:40:36.663583700,2772.669191,2762.015122,5545.338383,2,32527033,2026-08-29,/home/nk/Projects/data-mining/Chapter_4/Bai_3/output/manifest_snapshots/manifest_2026-08-29.csv,False,duplicate_episode_id_removed
102129938,2026-08-29 02:00:29.808696500,2771.581201,2758.485114,5543.162403,2,32628625,2026-08-29,/home/nk/Projects/data-mining/Chapter_4/Bai_3/output/manifest_snapshots/manifest_2026-08-29.csv,False,duplicate_episode_id_removed
102685821,2026-08-29 18:36:36.899212700,2771.313343,2699.226981,5542.626687,2,32523289,2026-08-29,/home/nk/Projects/data-mining/Chapter_4/Bai_3/output/manifest_snapshots/manifest_2026-08-29.csv,False,duplicate_episode_id_removed
102123231,2026-08-29 01:48:30.834468100,2770.275049,2762.411173,5540.550098,2,32626495,2026-08-29,/home/nk/Projects/data-mining/Chapter_4/Bai_3/output/manifest_snapshots/manifest_2026-08-29.csv,False,duplicate_episode_id_removed
102801802,2026-08-29 22:04:38.319975000,2770.226944,2768.533989,5540.453889,2,32701364,2026-08-29,/home/nk/Projects/data-mining/Chapter_4/Bai_3/output/manifest_snapshots/manifest_2026-08-29.csv,False,duplicate_episode_id_removed
102558605,2026-08-29 14:48:39.864331400,2769.803077,2708.793075,5539.606153,2,32104731,2026-08-29,/home/nk/Projects/data-mining/Chapter_4/Bai_3/output/manifest_snapshots/manifest_2026-08-29.csv,False,duplicate_episode_id_removed
102527239,2026-08-29 13:52:35.647811200,2769.795488,2712.374094,5539.590975,2,32616748,2026-08-29,/home/nk/Projects/data-mining/Chapter_4/Bai_3/output/manifest_snapshots/manifest_2026-08-29.csv,False,duplicate_episode_id_removed
102509606,2026-08-29 13:20:33.519782300,2769.576565,2763.126443,5539.153131,2,32445378,2026-08-29,/home/nk/Projects/data-mining/Chapter_4/Bai_3/output/manifest_snapshots/manifest_2026-08-29.csv,False,duplicate_episode_id_removed
102784078,2026-08-29 21:32:37.939055400,2769.472306,2754.059642,5538.944612,2,32448675,2026-08-29,/home/nk/Projects/data-mining/Chapter_4/Bai_3/output/manifest_snapshots/manifest_2026-08-29.csv,False,duplicate_episode_id_removed
102083142,2026-08-29 00:36:28.773641300,2769.338971,2767.661588,5538.677943,2,32600343,2026-08-29,/home/nk/Projects/data-mining/Chapter_4/Bai_3/output/manifest_snapshots/manifest_2026-08-29.csv,False,duplicate_episode_id_removed
102824228,2026-08-29 22:44:40.410729700,2769.331529,2746.452325,5538.663059,2,31535683,2026-08-29,/home/nk/Projects/data-mining/Chapter_4/Bai_3/output/manifest_snapshots/manifest_2026-08-29.csv,False,duplicate_episode_id_removed
102431396,2026-08-29 11:00:29.615797700,2768.992747,2728.267057,5537.985493,2,31893857,2026-08-29,/home/nk/Projects/data-mining/Chapter_4/Bai_3/output/manifest_snapshots/manifest_2026-08-29.csv,False,duplicate_episode_id_removed
102792875,2026-08-29 21:48:41.931219700,2768.75108,2757.655445,5537.502159,2,32560204,2026-08-29,/home/nk/Projects/data-mining/Chapter_4/Bai_3/output/manifest_snapshots/manifest_2026-08-29.csv,False,duplicate_episode_id_removed
102661433,2026-08-29 17:52:35.608750200,2768.743809,2766.433334,5537.487619,2,32519072,2026-08-29,/home/nk/Projects/data-mining/Chapter_4/Bai_3/output/manifest_snapshots/manifest_2026-08-29.csv,False,duplicate_episode_id_removed
102549711,2026-08-29 14:32:31.341776000,2768.660367,2751.202503,5537.320734,2,32302973,2026-08-29,/home/nk/Projects/data-mining/Chapter_4/Bai_3/output/manifest_snapshots/manifest_2026-08-29.csv,False,duplicate_episode_id_removed
102712628,2026-08-29 19:24:35.600800900,2768.352587,2758.816891,5536.705175,2,32686295,2026-08-29,/home/nk/Projects/data-mining/Chapter_4/Bai_3/output/manifest_snapshots/manifest_2026-08-29.csv,False,duplicate_episode_id_removed
102781707,2026-08-29 21:28:45.309059300,2768.350032,2740.45793,5536.700064,2,32433963,2026-08-29,/home/nk/Projects/data-mining/Chapter_4/Bai_3/output/manifest_snapshots/manifest_2026-08-29.csv,False,duplicate_episode_id_removed
102810655,2026-08-29 22:20:38.207494700,2768.190206,2750.008477,5536.380412,2,32557080,2026-08-29,/home/nk/Projects/data-mining/Chapter_4/Bai_3/output/manifest_snapshots/manifest_2026-08-29.csv,False,duplicate_episode_id_removed
102337681,2026-08-29 08:12:36.512985500,2767.720147,2743.360562,5535.440295,2,32569322,2026-08-29,/home/nk/Projects/data-mining/Chapter_4/Bai_3/output/manifest_snapshots/manifest_2026-08-29.csv,False,duplicate_episode_id_removed
102616645,2026-08-29 16:32:32.510340200,2767.375925,2741.30897,5534.751849,2,32243301,2026-08-29,/home/nk/Projects/data-mining/Chapter_4/Bai_3/output/manifest_snapshots/manifest_2026-08-29.csv,False,duplicate_episode_id_removed
102726201,2026-08-29 19:48:38.246824000,2766.930703,2759.890793,5533.861405,2,32564838,2026-08-29,/home/nk/Projects/data-mining/Chapter_4/Bai_3/output/manifest_snapshots/manifest_2026-08-29.csv,False,duplicate_episode_id_removed
102087420,2026-08-29 00:44:30.672324500,2766.460309,2735.508409,5532.920618,2,32403280,2026-08-29,/home/nk/Projects/data-mining/Chapter_4/Bai_3/output/manifest_snapshots/manifest_2026-08-29.csv,False,duplicate_episode_id_removed
102819583,2026-08-29 22:36:39.772919000,2766.394199,2717.919174,5532.788398,2,32513810,2026-08-29,/home/nk/Projects/data-mining/Chapter_4/Bai_3/output/manifest_snapshots/manifest_2026-08-29.csv,False,duplicate_episode_id_removed
102585385,2026-08-29 15:36:41.672139900,2766.317122,2749.166881,5532.634244,2,32217464,2026-08-29,/home/nk/Projects/data-mining/Chapter_4/Bai_3/output/manifest_snapshots/manifest_2026-08-29.csv,False,duplicate_episode_id_removed
102748382,2026-08-29 20:28:41.714714300,2766.248811,2725.71613,5532.497622,2,32533080,2026-08-29,/home/nk/Projects/data-mining/Chapter_4/Bai_3/output/manifest_snapshots/manifest_2026-08-29.csv,False,duplicate_episode_id_removed
102346518,2026-08-29 08:28:30.349380700,2765.794553,2757.248011,5531.589106,2,32249917,2026-08-29,/home/nk/Projects/data-mining/Chapter_4/Bai_3/output/manifest_snapshots/manifest_2026-08-29.csv,False,duplicate_episode_id_removed
102281687,2026-08-29 06:32:34.404219500,2765.740477,2734.609574,5531.480954,2,31198969,2026-08-29,/home/nk/Projects/data-mining/Chapter_4/Bai_3/output/manifest_snapshots/manifest_2026-08-29.csv,False,duplicate_episode_id_removed
102556429,2026-08-29 14:44:36.008448400,2765.618103,2762.637916,5531.236206,2,32520142,2026-08-29,/home/nk/Projects/data-mining/Chapter_4/Bai_3/output/manifest_snapshots/manifest_2026-08-29.csv,False,duplicate_episode_id_removed
102679138,2026-08-29 18:24:35.711731200,2765.515387,2762.722035,5531.030775,2,32705424,2026-08-29,/home/nk/Projects/data-mining/Chapter_4/Bai_3/output/manifest_snapshots/manifest_2026-08-29.csv,False,duplicate_episode_id_removed
102645778,2026-08-29 17:24:40.126057200,2765.0,2751.550397,5530.0,2,31822347,2026-08-29,/home/nk/Projects/data-mining/Chapter_4/Bai_3/output/manifest_snapshots/manifest_2026-08-29.csv,False,duplicate_episode_id_removed
102683587,2026-08-29 18:32:35.432085000,2764.592505,2760.054535,5529.185009,2,32242980,2026-08-29,/home/nk/Projects/data-mining/Chapter_4/Bai_3/output/manifest_snapshots/manifest_2026-08-29.csv,False,duplicate_episode_id_removed
102359915,2026-08-29 08:52:36.930527800,2764.538488,2746.109833,5529.076976,2,31265972,2026-08-29,/home/nk/Projects/data-mining/Chapter_4/Bai_3/output/manifest_snapshots/manifest_2026-08-29.csv,False,duplicate_episode_id_removed
102614389,2026-08-29 16:28:42.227323400,2764.099706,2745.124368,5528.199411,2,32300436,2026-08-29,/home/nk/Projects/data-mining/Chapter_4/Bai_3/output/manifest_snapshots/manifest_2026-08-29.csv,False,duplicate_episode_id_removed
102375639,2026-08-29 09:20:29.661654500,2763.921886,2737.184033,5527.843773,2,32423588,2026-08-29,/home/nk/Projects/data-mining/Chapter_4/Bai_3/output/manifest_snapshots/manifest_2026-08-29.csv,False,duplicate_episode_id_removed
102174685,2026-08-29 03:20:29.002899900,2763.705194,2718.878835,5527.410387,2,32472419,2026-08-29,/home/nk/Projects/data-mining/Chapter_4/Bai_3/output/manifest_snapshots/manifest_2026-08-29.csv,False,duplicate_episode_id_removed
102366622,2026-08-29 09:04:28.864811700,2763.509633,2760.777255,5527.019266,2,32401413,2026-08-29,/home/nk/Projects/data-mining/Chapter_4/Bai_3/output/manifest_snapshots/manifest_2026-08-29.csv,False,duplicate_episode_id_removed
102685887,2026-08-29 18:36:37.026998700,2763.354014,2734.39101,5526.708029,2,32465899,2026-08-29,/home/nk/Projects/data-mining/Chapter_4/Bai_3/output/manifest_snapshots/manifest_2026-08-29.csv,False,duplicate_episode_id_removed
102643544,2026-08-29 17:20:38.230696100,2763.261933,2758.051545,5526.523866,2,32504634,2026-08-29,/home/nk/Projects/data-mining/Chapter_4/Bai_3/output/manifest_snapshots/manifest_2026-08-29.csv,False,duplicate_episode_id_removed
102188127,2026-08-29 03:44:30.007392300,2763.224943,2752.743298,5526.449886,2,32318535,2026-08-29,/home/nk/Projects/data-mining/Chapter_4/Bai_3/output/manifest_snapshots/manifest_2026-08-29.csv,False,duplicate_episode_id_removed
102587627,2026-08-29 15:40:46.050744100,2763.125436,2733.328968,5526.250872,2,32384100,2026-08-29,/home/nk/Projects/data-mining/Chapter_4/Bai_3/output/manifest_snapshots/manifest_2026-08-29.csv,False,duplicate_episode_id_removed
102078531,2026-08-29 00:28:30.570605100,2762.372728,2741.144809,5524.745457,2,32445836,2026-08-29,/home/nk/Projects/data-mining/Chapter_4/Bai_3/output/manifest_snapshots/manifest_2026-08-29.csv,False,duplicate_episode_id_removed
102527305,2026-08-29 13:52:35.763471700,2762.036557,2738.447485,5524.073113,2,32238953,2026-08-29,/home/nk/Projects/data-mining/Chapter_4/Bai_3/output/manifest_snapshots/manifest_2026-08-29.csv,False,duplicate_episode_id_removed
102362150,2026-08-29 08:56:42.015878500,2761.550175,2752.115614,5523.10035,2,32404994,2026-08-29,/home/nk/Projects/data-mining/Chapter_4/Bai_3/output/manifest_snapshots/manifest_2026-08-29.csv,False,duplicate_episode_id_removed
102792804,2026-08-29 21:48:41.831509800,2761.506817,2731.231698,5523.013634,2,32551753,2026-08-29,/home/nk/Projects/data-mining/Chapter_4/Bai_3/output/manifest_snapshots/manifest_2026-08-29.csv,False,duplicate_episode_id_removed
102286171,2026-08-29 06:40:33.913867700,2760.992005,2749.576231,5521.984011,2,32554747,2026-08-29,/home/nk/Projects/data-mining/Chapter_4/Bai_3/output/manifest_snapshots/manifest_2026-08-29.csv,False,duplicate_episode_id_removed
102411290,2026-08-29 10:24:33.618839800,2760.023782,2733.315441,5520.047565,2,31622071,2026-08-29,/home/nk/Projects/data-mining/Chapter_4/Bai_3/output/manifest_snapshots/manifest_2026-08-29.csv,False,duplicate_episode_id_removed
102578653,2026-08-29 15:24:36.471135800,2760.023405,2743.88947,5520.04681,2,32263412,2026-08-29,/home/nk/Projects/data-mining/Chapter_4/Bai_3/output/manifest_snapshots/manifest_2026-08-29.csv,False,duplicate_episode_id_removed
102734962,2026-08-29 20:04:37.522187600,2759.741553,2688.423669,5519.483106,2,32333095,2026-08-29,/home/nk/Projects/data-mining/Chapter_4/Bai_3/output/manifest_snapshots/manifest_2026-08-29.csv,False,duplicate_episode_id_removed
102598718,2026-08-29 16:00:51.917474000,2759.741499,2747.675249,5519.482997,2,32403510,2026-08-29,/home/nk/Projects/data-mining/Chapter_4/Bai_3/output/manifest_snapshots/manifest_2026-08-29.csv,False,duplicate_episode_id_removed
102174696,2026-08-29 03:20:29.007469900,2759.678095,2750.817362,5519.356189,2,31739446,2026-08-29,/home/nk/Projects/data-mining/Chapter_4/Bai_3/output/manifest_snapshots/manifest_2026-08-29.csv,False,duplicate_episode_id_removed
102783948,2026-08-29 21:32:37.730585300,2759.544686,2747.126359,5519.089373,2,32698888,2026-08-29,/home/nk/Projects/data-mining/Chapter_4/Bai_3/output/manifest_snapshots/manifest_2026-08-29.csv,False,duplicate_episode_id_removed
102685819,2026-08-29 18:36:36.882099600,2759.453097,2745.558643,5518.906194,2,32366591,2026-08-29,/home/nk/Projects/data-mining/Chapter_4/Bai_3/output/manifest_snapshots/manifest_2026-08-29.csv,False,duplicate_episode_id_removed
102790649,2026-08-29 21:44:40.712432600,2759.315223,2751.58646,5518.630445,2,32696590,2026-08-29,/home/nk/Projects/data-mining/Chapter_4/Bai_3/output/manifest_snapshots/manifest_2026-08-29.csv,False,duplicate_episode_id_removed
102554192,2026-08-29 14:40:35.252575600,2759.09162,2755.53064,5518.183241,2,32110580,2026-08-29,/home/nk/Projects/data-mining/Chapter_4/Bai_3/output/manifest_snapshots/manifest_2026-08-29.csv,False,duplicate_episode_id_removed
102569824,2026-08-29 15:08:41.731172600,2758.970278,2702.938098,5517.940556,2,32386139,2026-08-29,/home/nk/Projects/data-mining/Chapter_4/Bai_3/output/manifest_snapshots/manifest_2026-08-29.csv,False,duplicate_episode_id_removed
102449216,2026-08-29 11:32:29.716201100,2758.762787,2756.931499,5517.525574,2,32558132,2026-08-29,/home/nk/Projects/data-mining/Chapter_4/Bai_3/output/manifest_snapshots/manifest_2026-08-29.csv,False,duplicate_episode_id_removed
102440331,2026-08-29 11:16:30.345185300,2758.300319,2756.797886,5516.600639,2,32577644,2026-08-29,/home/nk/Projects/data-mining/Chapter_4/Bai_3/output/manifest_snapshots/manifest_2026-08-29.csv,False,duplicate_episode_id_removed
102801727,2026-08-29 22:04:38.218519800,2758.189119,2750.487884,5516.378238,2,32406503,2026-08-29,/home/nk/Projects/data-mining/Chapter_4/Bai_3/output/manifest_snapshots/manifest_2026-08-29.csv,False,duplicate_episode_id_removed
102853191,2026-08-29 23:36:48.146015700,2757.949415,2741.676021,5515.89883,2,32408661,2026-08-29,/home/nk/Projects/data-mining/Chapter_4/Bai_3/output/manifest_snapshots/manifest_2026-08-29.csv,False,duplicate_episode_id_removed
102830836,2026-08-29 22:56:39.675499500,2757.949415,2745.774872,5515.89883,2,32418849,2026-08-29,/home/nk/Projects/data-mining/Chapter_4/Bai_3/output/manifest_snapshots/manifest_2026-08-29.csv,False,duplicate_episode_id_removed
102433555,2026-08-29 11:04:28.629694900,2757.536575,2733.840735,5515.073149,2,31224859,2026-08-29,/home/nk/Projects/data-mining/Chapter_4/Bai_3/output/manifest_snapshots/manifest_2026-08-29.csv,False,duplicate_episode_id_removed
102560904,2026-08-29 14:52:38.445256100,2757.133914,2748.027459,5514.267828,2,32391330,2026-08-29,/home/nk/Projects/data-mining/Chapter_4/Bai_3/output/manifest_snapshots/manifest_2026-08-29.csv,False,duplicate_episode_id_removed
102096426,2026-08-29 01:00:29.925453200,2757.006556,2748.448448,5514.013112,2,32639770,2026-08-29,/home/nk/Projects/data-mining/Chapter_4/Bai_3/output/manifest_snapshots/manifest_2026-08-29.csv,False,duplicate_episode_id_removed
102848673,2026-08-29 23:28:51.945354100,2756.792725,2751.289373,5513.58545,2,31255119,2026-08-29,/home/nk/Projects/data-mining/Chapter_4/Bai_3/output/manifest_snapshots/manifest_2026-08-29.csv,False,duplicate_episode_id_removed
102748463,2026-08-29 20:28:41.835740500,2756.413486,2702.890081,5512.826973,2,32459374,2026-08-29,/home/nk/Projects/data-mining/Chapter_4/Bai_3/output/manifest_snapshots/manifest_2026-08-29.csv,False,duplicate_episode_id_removed
102266215,2026-08-29 06:04:33.739481900,2756.314482,2749.844608,5512.628964,2,32627644,2026-08-29,/home/nk/Projects/data-mining/Chapter_4/Bai_3/output/manifest_snapshots/manifest_2026-08-29.csv,False,duplicate_episode_id_removed
102710380,2026-08-29 19:20:37.613532100,2756.071288,2748.038412,5512.142577,2,32473706,2026-08-29,/home/nk/Projects/data-mining/Chapter_4/Bai_3/output/manifest_snapshots/manifest_2026-08-29.csv,False,duplicate_episode_id_removed
102839775,2026-08-29 23:12:42.211853600,2755.003532,2742.873938,5510.007063,2,32565831,2026-08-29,/home/nk/Projects/data-mining/Chapter_4/Bai_3/output/manifest_snapshots/manifest_2026-08-29.csv,False,duplicate_episode_id_removed
102803960,2026-08-29 22:08:40.840726800,2754.966561,2750.338264,5509.933122,2,31320731,2026-08-29,/home/nk/Projects/data-mining/Chapter_4/Bai_3/output/manifest_snapshots/manifest_2026-08-29.csv,False,duplicate_episode_id_removed
102513816,2026-08-29 13:28:36.520742000,2754.889552,2751.463072,5509.779105,2,32414553,2026-08-29,/home/nk/Projects/data-mining/Chapter_4/Bai_3/output/manifest_snapshots/manifest_2026-08-29.csv,False,duplicate_episode_id_removed
102639061,2026-08-29 17:12:42.036687200,2754.700462,2747.25354,5509.400925,2,32229199,2026-08-29,/home/nk/Projects/data-mining/Chapter_4/Bai_3/output/manifest_snapshots/manifest_2026-08-29.csv,False,duplicate_episode_id_removed
102442511,2026-08-29 11:20:29.906059900,2754.298856,2752.218969,5508.597711,2,32558376,2026-08-29,/home/nk/Projects/data-mining/Chapter_4/Bai_3/output/manifest_snapshots/manifest_2026-08-29.csv,False,duplicate_episode_id_removed
102366712,2026-08-29 09:04:29.055467900,2753.709242,2736.289612,5507.418484,2,32049092,2026-08-29,/home/nk/Projects/data-mining/Chapter_4/Bai_3/output/manifest_snapshots/manifest_2026-08-29.csv,False,duplicate_episode_id_removed
102391261,2026-08-29 09:48:31.234731600,2753.704917,2737.080422,5507.409834,2,32566915,2026-08-29,/home/nk/Projects/data-mining/Chapter_4/Bai_3/output/manifest_snapshots/manifest_2026-08-29.csv,False,duplicate_episode_id_removed
102109835,2026-08-29 01:24:29.733216600,2753.615543,2744.539532,5507.231087,2,32323438,2026-08-29,/home/nk/Projects/data-mining/Chapter_4/Bai_3/output/manifest_snapshots/manifest_2026-08-29.csv,False,duplicate_episode_id_removed
102080719,2026-08-29 00:32:28.527219900,2753.571843,2750.029223,5507.143685,2,32297137,2026-08-29,/home/nk/Projects/data-mining/Chapter_4/Bai_3/output/manifest_snapshots/manifest_2026-08-29.csv,False,duplicate_episode_id_removed
102114403,2026-08-29 01:32:30.556687000,2753.541669,2742.204646,5507.083337,2,32433019,2026-08-29,/home/nk/Projects/data-mining/Chapter_4/Bai_3/output/manifest_snapshots/manifest_2026-08-29.csv,False,duplicate_episode_id_removed
102288403,2026-08-29 06:44:33.111326500,2753.45251,2750.612379,5506.905019,2,32738843,2026-08-29,/home/nk/Projects/data-mining/Chapter_4/Bai_3/output/manifest_snapshots/manifest_2026-08-29.csv,False,duplicate_episode_id_removed
102583135,2026-08-29 15:32:35.810480000,2753.356872,2709.105572,5506.713745,2,32355400,2026-08-29,/home/nk/Projects/data-mining/Chapter_4/Bai_3/output/manifest_snapshots/manifest_2026-08-29.csv,False,duplicate_episode_id_removed
102797262,2026-08-29 21:56:39.205097200,2753.325585,2751.809523,5506.65117,2,31370550,2026-08-29,/home/nk/Projects/data-mining/Chapter_4/Bai_3/output/manifest_snapshots/manifest_2026-08-29.csv,False,duplicate_episode_id_removed
102301827,2026-08-29 07:08:31.316802300,2753.25452,2740.902257,5506.50904,2,32744988,2026-08-29,/home/nk/Projects/data-mining/Chapter_4/Bai_3/output/manifest_snapshots/manifest_2026-08-29.csv,False,duplicate_episode_id_removed
102143381,2026-08-29 02:24:30.470415600,2753.210113,2748.807505,5506.420226,2,32610333,2026-08-29,/home/nk/Projects/data-mining/Chapter_4/Bai_3/output/manifest_snapshots/manifest_2026-08-29.csv,False,duplicate_episode_id_removed
102297351,2026-08-29 07:00:32.629388200,2752.974746,2750.712118,5505.949493,2,32449562,2026-08-29,/home/nk/Projects/data-mining/Chapter_4/Bai_3/output/manifest_snapshots/manifest_2026-08-29.csv,False,duplicate_episode_id_removed
102621118,2026-08-29 16:40:33.756117800,2752.878079,2693.234773,5505.756157,2,32449364,2026-08-29,/home/nk/Projects/data-mining/Chapter_4/Bai_3/output/manifest_snapshots/manifest_2026-08-29.csv,False,duplicate_episode_id_removed
102543000,2026-08-29 14:20:31.605880600,2752.86279,2732.210902,5505.725579,2,32555464,2026-08-29,/home/nk/Projects/data-mining/Chapter_4/Bai_3/output/manifest_snapshots/manifest_2026-08-29.csv,False,duplicate_episode_id_removed
102440263,2026-08-29 11:16:30.239538600,2752.722274,2750.366047,5505.444548,2,32702823,2026-08-29,/home/nk/Projects/data-mining/Chapter_4/Bai_3/output/manifest_snapshots/manifest_2026-08-29.csv,False,duplicate_episode_id_removed
102795116,2026-08-29 21:52:40.549755900,2751.392735,2740.097858,5502.78547,2,32570458,2026-08-29,/home/nk/Projects/data-mining/Chapter_4/Bai_3/output/manifest_snapshots/manifest_2026-08-29.csv,False,duplicate_episode_id_removed
102636824,2026-08-29 17:08:35.756122900,2751.37849,2732.141845,5502.756981,2,32560261,2026-08-29,/home/nk/Projects/data-mining/Chapter_4/Bai_3/output/manifest_snapshots/manifest_2026-08-29.csv,False,duplicate_episode_id_removed
102116537,2026-08-29 01:36:29.423223600,2750.32599,2737.971094,5500.651981,2,32436158,2026-08-29,/home/nk/Projects/data-mining/Chapter_4/Bai_3/output/manifest_snapshots/manifest_2026-08-29.csv,False,duplicate_episode_id_removed
102464773,2026-08-29 12:00:30.456089000,2750.167787,2725.114029,5500.335574,2,32450951,2026-08-29,/home/nk/Projects/data-mining/Chapter_4/Bai_3/output/manifest_snapshots/manifest_2026-08-29.csv,False,duplicate_episode_id_removed
102489476,2026-08-29 12:44:39.221913700,2749.980517,2715.2122,5499.961034,2,32148175,2026-08-29,/home/nk/Projects/data-mining/Chapter_4/Bai_3/output/manifest_snapshots/manifest_2026-08-29.csv,False,duplicate_episode_id_removed
102502613,2026-08-29 13:08:37.244047600,2749.55438,2738.621765,5499.10876,2,32266212,2026-08-29,/home/nk/Projects/data-mining/Chapter_4/Bai_3/output/manifest_snapshots/manifest_2026-08-29.csv,False,duplicate_episode_id_removed
102632359,2026-08-29 17:00:33.731658800,2749.403087,2742.336977,5498.806175,2,32561500,2026-08-29,/home/nk/Projects/data-mining/Chapter_4/Bai_3/output/manifest_snapshots/manifest_2026-08-29.csv,False,duplicate_episode_id_removed
102779478,2026-08-29 21:24:39.437071100,2747.823131,2732.863008,5495.646261,2,31454899,2026-08-29,/home/nk/Projects/data-mining/Chapter_4/Bai_3/output/manifest_snapshots/manifest_2026-08-29.csv,False,duplicate_episode_id_removed
102082990,2026-08-29 00:36:28.562802200,2747.816425,2738.674715,5495.632849,2,32281272,2026-08-29,/home/nk/Projects/data-mining/Chapter_4/Bai_3/output/manifest_snapshots/manifest_2026-08-29.csv,False,duplicate_episode_id_removed
102641401,2026-08-29 17:16:37.253981700,2746.966894,2707.322711,5493.933787,2,32433687,2026-08-29,/home/nk/Projects/data-mining/Chapter_4/Bai_3/output/manifest_snapshots/manifest_2026-08-29.csv,False,duplicate_episode_id_removed
102243909,2026-08-29 05:24:33.113683600,2746.658372,2728.601725,5493.316745,2,30383137,2026-08-29,/home/nk/Projects/data-mining/Chapter_4/Bai_3/output/manifest_snapshots/manifest_2026-08-29.csv,False,duplicate_episode_id_removed
102337637,2026-08-29 08:12:36.433199800,2746.594768,2745.987897,5493.189537,2,32636272,2026-08-29,/home/nk/Projects/data-mining/Chapter_4/Bai_3/output/manifest_snapshots/manifest_2026-08-29.csv,False,duplicate_episode_id_removed
102389026,2026-08-29 09:44:28.666512300,2746.498989,2731.605958,5492.997977,2,32615654,2026-08-29,/home/nk/Projects/data-mining/Chapter_4/Bai_3/output/manifest_snapshots/manifest_2026-08-29.csv,False,duplicate_episode_id_removed
102792964,2026-08-29 21:48:42.061529700,2745.977905,2723.513896,5491.95581,2,32555537,2026-08-29,/home/nk/Projects/data-mining/Chapter_4/Bai_3/output/manifest_snapshots/manifest_2026-08-29.csv,False,duplicate_episode_id_removed
102574301,2026-08-29 15:16:37.345400300,2745.937713,2704.13024,5491.875427,2,31051623,2026-08-29,/home/nk/Projects/data-mining/Chapter_4/Bai_3/output/manifest_snapshots/manifest_2026-08-29.csv,False,duplicate_episode_id_removed
102808547,2026-08-29 22:16:39.252749200,2745.446631,2721.044712,5490.893262,2,32404073,2026-08-29,/home/nk/Projects/data-mining/Chapter_4/Bai_3/output/manifest_snapshots/manifest_2026-08-29.csv,False,duplicate_episode_id_removed
102310772,2026-08-29 07:24:28.566670800,2745.430452,2701.831118,5490.860904,2,32536905,2026-08-29,/home/nk/Projects/data-mining/Chapter_4/Bai_3/output/manifest_snapshots/manifest_2026-08-29.csv,False,duplicate_episode_id_removed
102150172,2026-08-29 02:36:29.589267400,2745.376726,2733.720313,5490.753453,2,32136303,2026-08-29,/home/nk/Projects/data-mining/Chapter_4/Bai_3/output/manifest_snapshots/manifest_2026-08-29.csv,False,duplicate_episode_id_removed
102446982,2026-08-29 11:28:32.114522700,2745.365367,2724.31803,5490.730734,2,32746467,2026-08-29,/home/nk/Projects/data-mining/Chapter_4/Bai_3/output/manifest_snapshots/manifest_2026-08-29.csv,False,duplicate_episode_id_removed
102313016,2026-08-29 07:28:31.240216300,2745.336482,2708.618493,5490.672963,2,32345115,2026-08-29,/home/nk/Projects/data-mining/Chapter_4/Bai_3/output/manifest_snapshots/manifest_2026-08-29.csv,False,duplicate_episode_id_removed
102603206,2026-08-29 16:08:41.321130500,2745.238074,2715.549276,5490.476148,2,32458650,2026-08-29,/home/nk/Projects/data-mining/Chapter_4/Bai_3/output/manifest_snapshots/manifest_2026-08-29.csv,False,duplicate_episode_id_removed
102511575,2026-08-29 13:24:33.290971900,2744.789059,2731.906513,5489.578118,2,30871127,2026-08-29,/home/nk/Projects/data-mining/Chapter_4/Bai_3/output/manifest_snapshots/manifest_2026-08-29.csv,False,duplicate_episode_id_removed
102498220,2026-08-29 13:00:34.030769500,2744.720592,2723.853639,5489.441185,2,32415692,2026-08-29,/home/nk/Projects/data-mining/Chapter_4/Bai_3/output/manifest_snapshots/manifest_2026-08-29.csv,False,duplicate_episode_id_removed
102674691,2026-08-29 18:16:36.411519700,2743.990681,2742.632776,5487.981361,2,32590300,2026-08-29,/home/nk/Projects/data-mining/Chapter_4/Bai_3/output/manifest_snapshots/manifest_2026-08-29.csv,False,duplicate_episode_id_removed
102538503,2026-08-29 14:12:32.613365600,2743.712704,2743.043014,5487.425408,2,32321504,2026-08-29,/home/nk/Projects/data-mining/Chapter_4/Bai_3/output/manifest_snapshots/manifest_2026-08-29.csv,False,duplicate_episode_id_removed
102576541,2026-08-29 15:20:38.438277300,2743.642903,2712.031138,5487.285806,2,32338531,2026-08-29,/home/nk/Projects/data-mining/Chapter_4/Bai_3/output/manifest_snapshots/manifest_2026-08-29.csv,False,duplicate_episode_id_removed
102283928,2026-08-29 06:36:34.035876700,2743.53068,2741.926424,5487.06136,2,32599204,2026-08-29,/home/nk/Projects/data-mining/Chapter_4/Bai_3/output/manifest_snapshots/manifest_2026-08-29.csv,False,duplicate_episode_id_removed
102543110,2026-08-29 14:20:31.774835600,2743.486746,2695.584859,5486.973491,2,32450437,2026-08-29,/home/nk/Projects/data-mining/Chapter_4/Bai_3/output/manifest_snapshots/manifest_2026-08-29.csv,False,duplicate_episode_id_removed
102679121,2026-08-29 18:24:35.679635700,2743.068591,2738.103691,5486.137182,2,32527669,2026-08-29,/home/nk/Projects/data-mining/Chapter_4/Bai_3/output/manifest_snapshots/manifest_2026-08-29.csv,False,duplicate_episode_id_removed
102181384,2026-08-29 03:32:28.859095500,2742.964693,2733.300785,5485.929385,2,32624033,2026-08-29,/home/nk/Projects/data-mining/Chapter_4/Bai_3/output/manifest_snapshots/manifest_2026-08-29.csv,False,duplicate_episode_id_removed
102677146,2026-08-29 18:20:37.129754600,2742.8357,2717.28834,5485.6714,2,31446883,2026-08-29,/home/nk/Projects/data-mining/Chapter_4/Bai_3/output/manifest_snapshots/manifest_2026-08-29.csv,False,duplicate_episode_id_removed
102777395,2026-08-29 21:20:40.823640100,2742.534493,2720.526235,5485.068986,2,32399369,2026-08-29,/home/nk/Projects/data-mining/Chapter_4/Bai_3/output/manifest_snapshots/manifest_2026-08-29.csv,False,duplicate_episode_id_removed
102335390,2026-08-29 08:08:30.544696200,2742.499487,2709.035125,5484.998973,2,32437666,2026-08-29,/home/nk/Projects/data-mining/Chapter_4/Bai_3/output/manifest_snapshots/manifest_2026-08-29.csv,False,duplicate_episode_id_removed
102549659,2026-08-29 14:32:31.242971900,2742.481492,2707.729409,5484.962984,2,32512898,2026-08-29,/home/nk/Projects/data-mining/Chapter_4/Bai_3/output/manifest_snapshots/manifest_2026-08-29.csv,False,duplicate_episode_id_removed
102487150,2026-08-29 12:40:32.733710700,2742.327977,2713.599428,5484.655953,2,32566648,2026-08-29,/home/nk/Projects/data-mining/Chapter_4/Bai_3/output/manifest_snapshots/manifest_2026-08-29.csv,False,duplicate_episode_id_removed
102085230,2026-08-29 00:40:31.634612900,2742.100819,2728.634937,5484.201638,2,32447974,2026-08-29,/home/nk/Projects/data-mining/Chapter_4/Bai_3/output/manifest_snapshots/manifest_2026-08-29.csv,False,duplicate_episode_id_removed
102346485,2026-08-29 08:28:30.317959900,2741.98282,2714.70746,5483.965641,2,32418564,2026-08-29,/home/nk/Projects/data-mining/Chapter_4/Bai_3/output/manifest_snapshots/manifest_2026-08-29.csv,False,duplicate_episode_id_removed
102493982,2026-08-29 12:52:33.033711100,2741.74826,2719.737797,5483.49652,2,32625211,2026-08-29,/home/nk/Projects/data-mining/Chapter_4/Bai_3/output/manifest_snapshots/manifest_2026-08-29.csv,False,duplicate_episode_id_removed
102496081,2026-08-29 12:56:32.897195200,2741.670872,2695.409995,5483.341743,2,31098576,2026-08-29,/home/nk/Projects/data-mining/Chapter_4/Bai_3/output/manifest_snapshots/manifest_2026-08-29.csv,False,duplicate_episode_id_removed
102837653,2026-08-29 23:08:39.692461600,2741.619884,2708.03681,5483.239767,2,32432870,2026-08-29,/home/nk/Projects/data-mining/Chapter_4/Bai_3/output/manifest_snapshots/manifest_2026-08-29.csv,False,duplicate_episode_id_removed
102848785,2026-08-29 23:28:52.119705300,2741.385282,2712.357523,5482.770563,2,32461216,2026-08-29,/home/nk/Projects/data-mining/Chapter_4/Bai_3/output/manifest_snapshots/manifest_2026-08-29.csv,False,duplicate_episode_id_removed
102078489,2026-08-29 00:28:30.521292900,2741.174491,2739.323778,5482.348981,2,32398941,2026-08-29,/home/nk/Projects/data-mining/Chapter_4/Bai_3/output/manifest_snapshots/manifest_2026-08-29.csv,False,duplicate_episode_id_removed
102652483,2026-08-29 17:36:40.517581900,2740.871595,2711.722344,5481.743191,2,32605512,2026-08-29,/home/nk/Projects/data-mining/Chapter_4/Bai_3/output/manifest_snapshots/manifest_2026-08-29.csv,False,duplicate_episode_id_removed
102516044,2026-08-29 13:32:32.678869100,2740.733191,2715.346583,5481.466383,2,32061018,2026-08-29,/home/nk/Projects/data-mining/Chapter_4/Bai_3/output/manifest_snapshots/manifest_2026-08-29.csv,False,duplicate_episode_id_removed
102335330,2026-08-29 08:08:30.451383000,2740.355658,2714.721115,5480.711316,2,32484023,2026-08-29,/home/nk/Projects/data-mining/Chapter_4/Bai_3/output/manifest_snapshots/manifest_2026-08-29.csv,False,duplicate_episode_id_removed
102444750,2026-08-29 11:24:30.131487600,2740.084296,2718.728619,5480.168592,2,32575258,2026-08-29,/home/nk/Projects/data-mining/Chapter_4/Bai_3/output/manifest_snapshots/manifest_2026-08-29.csv,False,duplicate_episode_id_removed
102094187,2026-08-29 00:56:29.706118400,2740.021572,2739.743163,5480.043144,2,32455292,2026-08-29,/home/nk/Projects/data-mining/Chapter_4/Bai_3/output/manifest_snapshots/manifest_2026-08-29.csv,False,duplicate_episode_id_removed
102339808,2026-08-29 08:16:30.017433300,2739.963861,2714.594437,5479.927722,2,32562768,2026-08-29,/home/nk/Projects/data-mining/Chapter_4/Bai_3/output/manifest_snapshots/manifest_2026-08-29.csv,False,duplicate_episode_id_removed
102313119,2026-08-29 07:28:31.429324500,2739.926857,2718.248385,5479.853714,2,32433405,2026-08-29,/home/nk/Projects/data-mining/Chapter_4/Bai_3/output/manifest_snapshots/manifest_2026-08-29.csv,False,duplicate_episode_id_removed
102534021,2026-08-29 14:04:37.749911400,2739.702172,2730.344313,5479.404343,2,32429308,2026-08-29,/home/nk/Projects/data-mining/Chapter_4/Bai_3/output/manifest_snapshots/manifest_2026-08-29.csv,False,duplicate_episode_id_removed
102190128,2026-08-29 03:48:30.819553200,2739.664189,2694.089888,5479.328378,2,31968876,2026-08-29,/home/nk/Projects/data-mining/Chapter_4/Bai_3/output/manifest_snapshots/manifest_2026-08-29.csv,False,duplicate_episode_id_removed
102634589,2026-08-29 17:04:36.861544600,2739.461631,2715.419171,5478.923263,2,32634189,2026-08-29,/home/nk/Projects/data-mining/Chapter_4/Bai_3/output/manifest_snapshots/manifest_2026-08-29.csv,False,duplicate_episode_id_removed
102109920,2026-08-29 01:24:29.904152000,2739.33208,2733.484097,5478.66416,2,32440969,2026-08-29,/home/nk/Projects/data-mining/Chapter_4/Bai_3/output/manifest_snapshots/manifest_2026-08-29.csv,False,duplicate_episode_id_removed
102592272,2026-08-29 15:48:48.261486800,2738.776502,2701.39318,5477.553005,2,31108282,2026-08-29,/home/nk/Projects/data-mining/Chapter_4/Bai_3/output/manifest_snapshots/manifest_2026-08-29.csv,False,duplicate_episode_id_removed
102408936,2026-08-29 10:20:33.910411200,2738.618893,2717.205509,5477.237787,2,32558040,2026-08-29,/home/nk/Projects/data-mining/Chapter_4/Bai_3/output/manifest_snapshots/manifest_2026-08-29.csv,False,duplicate_episode_id_removed
102065094,2026-08-29 00:04:28.621768100,2738.490357,2729.198093,5476.980714,2,32436465,2026-08-29,/home/nk/Projects/data-mining/Chapter_4/Bai_3/output/manifest_snapshots/manifest_2026-08-29.csv,False,duplicate_episode_id_removed
102279559,2026-08-29 06:28:36.519432800,2738.434172,2721.583008,5476.868345,2,32435749,2026-08-29,/home/nk/Projects/data-mining/Chapter_4/Bai_3/output/manifest_snapshots/manifest_2026-08-29.csv,False,duplicate_episode_id_removed
102571934,2026-08-29 15:12:37.963934700,2737.610669,2737.025702,5475.221339,2,32305344,2026-08-29,/home/nk/Projects/data-mining/Chapter_4/Bai_3/output/manifest_snapshots/manifest_2026-08-29.csv,False,duplicate_episode_id_removed
102205861,2026-08-29 04:16:32.712916200,2737.511967,2732.572306,5475.023934,2,32518355,2026-08-29,/home/nk/Projects/data-mining/Chapter_4/Bai_3/output/manifest_snapshots/manifest_2026-08-29.csv,False,duplicate_episode_id_removed
102681427,2026-08-29 18:28:37.817885000,2737.23519,2698.844057,5474.470381,2,32416130,2026-08-29,/home/nk/Projects/data-mining/Chapter_4/Bai_3/output/manifest_snapshots/manifest_2026-08-29.csv,False,duplicate_episode_id_removed
102366678,2026-08-29 09:04:29.018949500,2736.902971,2708.780919,5473.805942,2,32389383,2026-08-29,/home/nk/Projects/data-mining/Chapter_4/Bai_3/output/manifest_snapshots/manifest_2026-08-29.csv,False,duplicate_episode_id_removed
102567567,2026-08-29 15:04:39.713043100,2736.741054,2707.159933,5473.482108,2,32379888,2026-08-29,/home/nk/Projects/data-mining/Chapter_4/Bai_3/output/manifest_snapshots/manifest_2026-08-29.csv,False,duplicate_episode_id_removed
102681352,2026-08-29 18:28:37.706127100,2736.400044,2709.041147,5472.800088,2,32557303,2026-08-29,/home/nk/Projects/data-mining/Chapter_4/Bai_3/output/manifest_snapshots/manifest_2026-08-29.csv,False,duplicate_episode_id_removed
102663732,2026-08-29 17:56:36.333082100,2736.304068,2697.174728,5472.608136,2,32504451,2026-08-29,/home/nk/Projects/data-mining/Chapter_4/Bai_3/output/manifest_snapshots/manifest_2026-08-29.csv,False,duplicate_episode_id_removed
102342039,2026-08-29 08:20:28.998750200,2736.226342,2731.284861,5472.452684,2,32760761,2026-08-29,/home/nk/Projects/data-mining/Chapter_4/Bai_3/output/manifest_snapshots/manifest_2026-08-29.csv,False,duplicate_episode_id_removed
102551885,2026-08-29 14:36:32.720194100,2735.610635,2714.621737,5471.221271,2,32524964,2026-08-29,/home/nk/Projects/data-mining/Chapter_4/Bai_3/output/manifest_snapshots/manifest_2026-08-29.csv,False,duplicate_episode_id_removed
102451456,2026-08-29 11:36:30.302823400,2735.504266,2705.963807,5471.008531,2,32216990,2026-08-29,/home/nk/Projects/data-mining/Chapter_4/Bai_3/output/manifest_snapshots/manifest_2026-08-29.csv,False,duplicate_episode_id_removed
102344282,2026-08-29 08:24:29.216217100,2735.239619,2705.684072,5470.479239,2,32574880,2026-08-29,/home/nk/Projects/data-mining/Chapter_4/Bai_3/output/manifest_snapshots/manifest_2026-08-29.csv,False,duplicate_episode_id_removed
102717091,2026-08-29 19:32:34.941526100,2735.206105,2699.113934,5470.41221,2,32581934,2026-08-29,/home/nk/Projects/data-mining/Chapter_4/Bai_3/output/manifest_snapshots/manifest_2026-08-29.csv,False,duplicate_episode_id_removed
102330847,2026-08-29 08:00:28.621044000,2735.128784,2714.290664,5470.257568,2,32375869,2026-08-29,/home/nk/Projects/data-mining/Chapter_4/Bai_3/output/manifest_snapshots/manifest_2026-08-29.csv,False,duplicate_episode_id_removed
102797444,2026-08-29 21:56:39.432814800,2735.00091,2708.512299,5470.00182,2,32387198,2026-08-29,/home/nk/Projects/data-mining/Chapter_4/Bai_3/output/manifest_snapshots/manifest_2026-08-29.csv,False,duplicate_episode_id_removed
102804030,2026-08-29 22:08:41.009876700,2734.908683,2694.170391,5469.817366,2,32523761,2026-08-29,/home/nk/Projects/data-mining/Chapter_4/Bai_3/output/manifest_snapshots/manifest_2026-08-29.csv,False,duplicate_episode_id_removed
102547420,2026-08-29 14:28:33.328282400,2734.69864,2714.295605,5469.39728,2,32085728,2026-08-29,/home/nk/Projects/data-mining/Chapter_4/Bai_3/output/manifest_snapshots/manifest_2026-08-29.csv,False,duplicate_episode_id_removed
102788415,2026-08-29 21:40:39.949279700,2734.439007,2723.34357,5468.878014,2,32677857,2026-08-29,/home/nk/Projects/data-mining/Chapter_4/Bai_3/output/manifest_snapshots/manifest_2026-08-29.csv,False,duplicate_episode_id_removed
102656956,2026-08-29 17:44:36.426899000,2734.183425,2686.18905,5468.36685,2,32478545,2026-08-29,/home/nk/Projects/data-mining/Chapter_4/Bai_3/output/manifest_snapshots/manifest_2026-08-29.csv,False,duplicate_episode_id_removed
102080767,2026-08-29 00:32:28.603523300,2734.178213,2727.902585,5468.356426,2,32459602,2026-08-29,/home/nk/Projects/data-mining/Chapter_4/Bai_3/output/manifest_snapshots/manifest_2026-08-29.csv,False,duplicate_episode_id_removed
102082949,2026-08-29 00:36:28.517210500,2733.530491,2697.096977,5467.060983,2,32247623,2026-08-29,/home/nk/Projects/data-mining/Chapter_4/Bai_3/output/manifest_snapshots/manifest_2026-08-29.csv,False,duplicate_episode_id_removed
102083141,2026-08-29 00:36:28.772648200,2733.309025,2692.272773,5466.61805,2,31570178,2026-08-29,/home/nk/Projects/data-mining/Chapter_4/Bai_3/output/manifest_snapshots/manifest_2026-08-29.csv,False,duplicate_episode_id_removed
102750665,2026-08-29 20:32:39.331452800,2733.189655,2699.746192,5466.379311,2,32620180,2026-08-29,/home/nk/Projects/data-mining/Chapter_4/Bai_3/output/manifest_snapshots/manifest_2026-08-29.csv,False,duplicate_episode_id_removed
102333093,2026-08-29 08:04:28.811301300,2733.053225,2705.124204,5466.106451,2,32410949,2026-08-29,/home/nk/Projects/data-mining/Chapter_4/Bai_3/output/manifest_snapshots/manifest_2026-08-29.csv,False,duplicate_episode_id_removed
102650243,2026-08-29 17:32:38.418977800,2732.937899,2701.172728,5465.875798,2,32692700,2026-08-29,/home/nk/Projects/data-mining/Chapter_4/Bai_3/output/manifest_snapshots/manifest_2026-08-29.csv,False,duplicate_episode_id_removed
102145645,2026-08-29 02:28:32.022977500,2732.681932,2712.581507,5465.363865,2,31253952,2026-08-29,/home/nk/Projects/data-mining/Chapter_4/Bai_3/output/manifest_snapshots/manifest_2026-08-29.csv,False,duplicate_episode_id_removed
102293010,2026-08-29 06:52:32.617845100,2732.479362,2724.236609,5464.958724,2,32411998,2026-08-29,/home/nk/Projects/data-mining/Chapter_4/Bai_3/output/manifest_snapshots/manifest_2026-08-29.csv,False,duplicate_episode_id_removed
102574170,2026-08-29 15:16:37.139127900,2732.11495,2712.423345,5464.229901,2,32448906,2026-08-29,/home/nk/Projects/data-mining/Chapter_4/Bai_3/output/manifest_snapshots/manifest_2026-08-29.csv,False,duplicate_episode_id_removed
102216977,2026-08-29 04:36:34.323588900,2731.879978,2696.104552,5463.759956,2,32040089,2026-08-29,/home/nk/Projects/data-mining/Chapter_4/Bai_3/output/manifest_snapshots/manifest_2026-08-29.csv,False,duplicate_episode_id_removed
102299586,2026-08-29 07:04:31.832175400,2731.737469,2703.33691,5463.474939,2,32568018,2026-08-29,/home/nk/Projects/data-mining/Chapter_4/Bai_3/output/manifest_snapshots/manifest_2026-08-29.csv,False,duplicate_episode_id_removed
102509338,2026-08-29 13:20:33.090621800,2731.613174,2712.765793,5463.226348,2,31276637,2026-08-29,/home/nk/Projects/data-mining/Chapter_4/Bai_3/output/manifest_snapshots/manifest_2026-08-29.csv,False,duplicate_episode_id_removed
102576404,2026-08-29 15:20:38.223049300,2731.595606,2699.69687,5463.191213,2,32384224,2026-08-29,/home/nk/Projects/data-mining/Chapter_4/Bai_3/output/manifest_snapshots/manifest_2026-08-29.csv,False,duplicate_episode_id_removed
102763891,2026-08-29 20:56:40.126157400,2731.302562,2704.70107,5462.605125,2,32580221,2026-08-29,/home/nk/Projects/data-mining/Chapter_4/Bai_3/output/manifest_snapshots/manifest_2026-08-29.csv,False,duplicate_episode_id_removed
102824214,2026-08-29 22:44:40.400546400,2731.123827,2717.949251,5462.247653,2,30988483,2026-08-29,/home/nk/Projects/data-mining/Chapter_4/Bai_3/output/manifest_snapshots/manifest_2026-08-29.csv,False,duplicate_episode_id_removed
102770570,2026-08-29 21:08:42.502212400,2731.11807,2709.747081,5462.23614,2,32303261,2026-08-29,/home/nk/Projects/data-mining/Chapter_4/Bai_3/output/manifest_snapshots/manifest_2026-08-29.csv,False,duplicate_episode_id_removed
102295115,2026-08-29 06:56:31.475816600,2730.947468,2712.822437,5461.894937,2,31212705,2026-08-29,/home/nk/Projects/data-mining/Chapter_4/Bai_3/output/manifest_snapshots/manifest_2026-08-29.csv,False,duplicate_episode_id_removed
102795038,2026-08-29 21:52:40.426878500,2730.224379,2719.219445,5460.448758,2,32553544,2026-08-29,/home/nk/Projects/data-mining/Chapter_4/Bai_3/output/manifest_snapshots/manifest_2026-08-29.csv,False,duplicate_episode_id_removed
102670205,2026-08-29 18:08:38.399329000,2730.104066,2725.958574,5460.208132,2,32574003,2026-08-29,/home/nk/Projects/data-mining/Chapter_4/Bai_3/output/manifest_snapshots/manifest_2026-08-29.csv,False,duplicate_episode_id_removed
102201381,2026-08-29 04:08:34.144112700,2729.794992,2723.946883,5459.589984,2,32429791,2026-08-29,/home/nk/Projects/data-mining/Chapter_4/Bai_3/output/manifest_snapshots/manifest_2026-08-29.csv,False,duplicate_episode_id_removed
102112156,2026-08-29 01:28:32.538303900,2729.716055,2716.55636,5459.43211,2,32475656,2026-08-29,/home/nk/Projects/data-mining/Chapter_4/Bai_3/output/manifest_snapshots/manifest_2026-08-29.csv,False,duplicate_episode_id_removed
102552024,2026-08-29 14:36:33.007713700,2729.457086,2691.728231,5458.914172,2,32231627,2026-08-29,/home/nk/Projects/data-mining/Chapter_4/Bai_3/output/manifest_snapshots/manifest_2026-08-29.csv,False,duplicate_episode_id_removed
102630123,2026-08-29 16:56:31.553668600,2729.433146,2710.69283,5458.866292,2,32551763,2026-08-29,/home/nk/Projects/data-mining/Chapter_4/Bai_3/output/manifest_snapshots/manifest_2026-08-29.csv,False,duplicate_episode_id_removed
102797343,2026-08-29 21:56:39.311007200,2729.38318,2692.093613,5458.766361,2,32506687,2026-08-29,/home/nk/Projects/data-mining/Chapter_4/Bai_3/output/manifest_snapshots/manifest_2026-08-29.csv,False,duplicate_episode_id_removed
102777414,2026-08-29 21:20:40.845076200,2729.20053,2701.415529,5458.401061,2,32675469,2026-08-29,/home/nk/Projects/data-mining/Chapter_4/Bai_3/output/manifest_snapshots/manifest_2026-08-29.csv,False,duplicate_episode_id_removed
102601001,2026-08-29 16:04:35.040589400,2728.79082,2696.068033,5457.58164,2,32049227,2026-08-29,/home/nk/Projects/data-mining/Chapter_4/Bai_3/output/manifest_snapshots/manifest_2026-08-29.csv,False,duplicate_episode_id_removed
102076300,2026-08-29 00:24:29.625107900,2728.660903,2727.561282,5457.321806,2,32454636,2026-08-29,/home/nk/Projects/data-mining/Chapter_4/Bai_3/output/manifest_snapshots/manifest_2026-08-29.csv,False,duplicate_episode_id_removed
102799490,2026-08-29 22:00:42.158219800,2728.602574,2697.510331,5457.205149,2,32527299,2026-08-29,/home/nk/Projects/data-mining/Chapter_4/Bai_3/output/manifest_snapshots/manifest_2026-08-29.csv,False,duplicate_episode_id_removed
102619050,2026-08-29 16:36:37.450494300,2728.46191,2706.811224,5456.92382,2,31181507,2026-08-29,/home/nk/Projects/data-mining/Chapter_4/Bai_3/output/manifest_snapshots/manifest_2026-08-29.csv,False,duplicate_episode_id_removed
102339821,2026-08-29 08:16:30.031446600,2728.321522,2725.618503,5456.643044,2,32547307,2026-08-29,/home/nk/Projects/data-mining/Chapter_4/Bai_3/output/manifest_snapshots/manifest_2026-08-29.csv,False,duplicate_episode_id_removed
102667976,2026-08-29 18:04:35.847445000,2728.303912,2727.495959,5456.607824,2,32579655,2026-08-29,/home/nk/Projects/data-mining/Chapter_4/Bai_3/output/manifest_snapshots/manifest_2026-08-29.csv,False,duplicate_episode_id_removed
102337576,2026-08-29 08:12:36.324839300,2727.847994,2719.929174,5455.695987,2,32557895,2026-08-29,/home/nk/Projects/data-mining/Chapter_4/Bai_3/output/manifest_snapshots/manifest_2026-08-29.csv,False,duplicate_episode_id_removed
102826416,2026-08-29 22:48:41.412332700,2727.712507,2688.704579,5455.425015,2,32756062,2026-08-29,/home/nk/Projects/data-mining/Chapter_4/Bai_3/output/manifest_snapshots/manifest_2026-08-29.csv,False,duplicate_episode_id_removed
102190210,2026-08-29 03:48:30.951501500,2727.411745,2707.552078,5454.82349,2,32612730,2026-08-29,/home/nk/Projects/data-mining/Chapter_4/Bai_3/output/manifest_snapshots/manifest_2026-08-29.csv,False,duplicate_episode_id_removed
102759654,2026-08-29 20:48:46.209310500,2727.319671,2696.921694,5454.639343,2,32358482,2026-08-29,/home/nk/Projects/data-mining/Chapter_4/Bai_3/output/manifest_snapshots/manifest_2026-08-29.csv,False,duplicate_episode_id_removed
102208023,2026-08-29 04:20:33.516976900,2727.152819,2706.940558,5454.305638,2,32437393,2026-08-29,/home/nk/Projects/data-mining/Chapter_4/Bai_3/output/manifest_snapshots/manifest_2026-08-29.csv,False,duplicate_episode_id_removed
102270520,2026-08-29 06:12:32.940163100,2727.085655,2699.003434,5454.17131,2,32584995,2026-08-29,/home/nk/Projects/data-mining/Chapter_4/Bai_3/output/manifest_snapshots/manifest_2026-08-29.csv,False,duplicate_episode_id_removed
102326376,2026-08-29 07:52:28.964305500,2727.083935,2708.85725,5454.16787,2,32484988,2026-08-29,/home/nk/Projects/data-mining/Chapter_4/Bai_3/output/manifest_snapshots/manifest_2026-08-29.csv,False,duplicate_episode_id_removed
102529542,2026-08-29 13:56:34.541377300,2727.007851,2723.928402,5454.015703,2,31518490,2026-08-29,/home/nk/Projects/data-mining/Chapter_4/Bai_3/output/manifest_snapshots/manifest_2026-08-29.csv,False,duplicate_episode_id_removed
102547476,2026-08-29 14:28:33.420534300,2726.813581,2709.800627,5453.627163,2,30827077,2026-08-29,/home/nk/Projects/data-mining/Chapter_4/Bai_3/output/manifest_snapshots/manifest_2026-08-29.csv,False,duplicate_episode_id_removed
102080904,2026-08-29 00:32:28.769460100,2726.676179,2704.926302,5453.352358,2,32336751,2026-08-29,/home/nk/Projects/data-mining/Chapter_4/Bai_3/output/manifest_snapshots/manifest_2026-08-29.csv,False,duplicate_episode_id_removed
102342029,2026-08-29 08:20:28.931984500,2726.559407,2714.823191,5453.118815,2,32421100,2026-08-29,/home/nk/Projects/data-mining/Chapter_4/Bai_3/output/manifest_snapshots/manifest_2026-08-29.csv,False,duplicate_episode_id_removed
102692510,2026-08-29 18:48:37.233774500,2726.456925,2714.255165,5452.913851,2,32283739,2026-08-29,/home/nk/Projects/data-mining/Chapter_4/Bai_3/output/manifest_snapshots/manifest_2026-08-29.csv,False,duplicate_episode_id_removed
102862048,2026-08-29 23:52:44.933836100,2726.351265,2705.866106,5452.702531,2,32434130,2026-08-29,/home/nk/Projects/data-mining/Chapter_4/Bai_3/output/manifest_snapshots/manifest_2026-08-29.csv,False,duplicate_episode_id_removed
102520529,2026-08-29 13:40:31.040772900,2726.240003,2659.270532,5452.480006,2,32484539,2026-08-29,/home/nk/Projects/data-mining/Chapter_4/Bai_3/output/manifest_snapshots/manifest_2026-08-29.csv,False,duplicate_episode_id_removed
102321903,2026-08-29 07:44:28.803900400,2726.20374,2718.705301,5452.407479,2,32570424,2026-08-29,/home/nk/Projects/data-mining/Chapter_4/Bai_3/output/manifest_snapshots/manifest_2026-08-29.csv,False,duplicate_episode_id_removed
102069591,2026-08-29 00:12:29.103922800,2726.151241,2712.054324,5452.302481,2,32246246,2026-08-29,/home/nk/Projects/data-mining/Chapter_4/Bai_3/output/manifest_snapshots/manifest_2026-08-29.csv,False,duplicate_episode_id_removed
102252783,2026-08-29 05:40:32.369787800,2725.704004,2706.434447,5451.408007,2,31236173,2026-08-29,/home/nk/Projects/data-mining/Chapter_4/Bai_3/output/manifest_snapshots/manifest_2026-08-29.csv,False,duplicate_episode_id_removed
102357672,2026-08-29 08:48:36.627483400,2725.065841,2710.559976,5450.131683,2,32310931,2026-08-29,/home/nk/Projects/data-mining/Chapter_4/Bai_3/output/manifest_snapshots/manifest_2026-08-29.csv,False,duplicate_episode_id_removed
102431414,2026-08-29 11:00:29.636179200,2724.920876,2670.227256,5449.841752,2,32733601,2026-08-29,/home/nk/Projects/data-mining/Chapter_4/Bai_3/output/manifest_snapshots/manifest_2026-08-29.csv,False,duplicate_episode_id_removed
102364469,2026-08-29 09:00:31.338059300,2724.8985,2706.323729,5449.796999,2,32252944,2026-08-29,/home/nk/Projects/data-mining/Chapter_4/Bai_3/output/manifest_snapshots/manifest_2026-08-29.csv,False,duplicate_episode_id_removed
102426833,2026-08-29 10:52:28.868577800,2724.861693,2722.668225,5449.723385,2,32577672,2026-08-29,/home/nk/Projects/data-mining/Chapter_4/Bai_3/output/manifest_snapshots/manifest_2026-08-29.csv,False,duplicate_episode_id_removed
102199146,2026-08-29 04:04:29.549909400,2724.501168,2718.109844,5449.002337,2,32420322,2026-08-29,/home/nk/Projects/data-mining/Chapter_4/Bai_3/output/manifest_snapshots/manifest_2026-08-29.csv,False,duplicate_episode_id_removed
102625629,2026-08-29 16:48:34.625046200,2724.465734,2714.727721,5448.931469,2,32428299,2026-08-29,/home/nk/Projects/data-mining/Chapter_4/Bai_3/output/manifest_snapshots/manifest_2026-08-29.csv,False,duplicate_episode_id_removed
102132232,2026-08-29 02:04:30.735184600,2724.385867,2717.04122,5448.771734,2,32572466,2026-08-29,/home/nk/Projects/data-mining/Chapter_4/Bai_3/output/manifest_snapshots/manifest_2026-08-29.csv,False,duplicate_episode_id_removed
102699210,2026-08-29 19:00:35.064696800,2724.355901,2722.874718,5448.711803,2,32435760,2026-08-29,/home/nk/Projects/data-mining/Chapter_4/Bai_3/output/manifest_snapshots/manifest_2026-08-29.csv,False,duplicate_episode_id_removed
102752906,2026-08-29 20:36:40.273400300,2724.295424,2721.177789,5448.590849,2,32289271,2026-08-29,/home/nk/Projects/data-mining/Chapter_4/Bai_3/output/manifest_snapshots/manifest_2026-08-29.csv,False,duplicate_episode_id_removed
102391046,2026-08-29 09:48:30.828555100,2724.008828,2658.975151,5448.017657,2,32395956,2026-08-29,/home/nk/Projects/data-mining/Chapter_4/Bai_3/output/manifest_snapshots/manifest_2026-08-29.csv,False,duplicate_episode_id_removed
102237133,2026-08-29 05:12:33.342925400,2723.797186,2705.528055,5447.594371,2,32442660,2026-08-29,/home/nk/Projects/data-mining/Chapter_4/Bai_3/output/manifest_snapshots/manifest_2026-08-29.csv,False,duplicate_episode_id_removed
102786175,2026-08-29 21:36:40.712570600,2723.717419,2695.53697,5447.434838,2,32590470,2026-08-29,/home/nk/Projects/data-mining/Chapter_4/Bai_3/output/manifest_snapshots/manifest_2026-08-29.csv,False,duplicate_episode_id_removed
102460289,2026-08-29 11:52:29.827315900,2723.497779,2723.207852,5446.995558,2,32507989,2026-08-29,/home/nk/Projects/data-mining/Chapter_4/Bai_3/output/manifest_snapshots/manifest_2026-08-29.csv,False,duplicate_episode_id_removed
102330861,2026-08-29 08:00:28.638767700,2722.974118,2703.371078,5445.948236,2,32396976,2026-08-29,/home/nk/Projects/data-mining/Chapter_4/Bai_3/output/manifest_snapshots/manifest_2026-08-29.csv,False,duplicate_episode_id_removed
102859850,2026-08-29 23:48:52.036102000,2722.96508,2717.660156,5445.930161,2,30953897,2026-08-29,/home/nk/Projects/data-mining/Chapter_4/Bai_3/output/manifest_snapshots/manifest_2026-08-29.csv,False,duplicate_episode_id_removed
102143389,2026-08-29 02:24:30.497923600,2722.478013,2700.946973,5444.956027,2,32438428,2026-08-29,/home/nk/Projects/data-mining/Chapter_4/Bai_3/output/manifest_snapshots/manifest_2026-08-29.csv,False,duplicate_episode_id_removed
102261664,2026-08-29 05:56:33.904926100,2722.472206,2704.894078,5444.944412,2,30781012,2026-08-29,/home/nk/Projects/data-mining/Chapter_4/Bai_3/output/manifest_snapshots/manifest_2026-08-29.csv,False,duplicate_episode_id_removed
102118885,2026-08-29 01:40:29.403984900,2722.438469,2667.228603,5444.876939,2,32448671,2026-08-29,/home/nk/Projects/data-mining/Chapter_4/Bai_3/output/manifest_snapshots/manifest_2026-08-29.csv,False,duplicate_episode_id_removed
102618896,2026-08-29 16:36:37.204096000,2722.355963,2708.554002,5444.711927,2,32561834,2026-08-29,/home/nk/Projects/data-mining/Chapter_4/Bai_3/output/manifest_snapshots/manifest_2026-08-29.csv,False,duplicate_episode_id_removed
102147918,2026-08-29 02:32:31.819472000,2722.352379,2680.509933,5444.704758,2,32219523,2026-08-29,/home/nk/Projects/data-mining/Chapter_4/Bai_3/output/manifest_snapshots/manifest_2026-08-29.csv,False,duplicate_episode_id_removed
102355428,2026-08-29 08:44:28.924213800,2722.343761,2710.350025,5444.687521,2,32402998,2026-08-29,/home/nk/Projects/data-mining/Chapter_4/Bai_3/output/manifest_snapshots/manifest_2026-08-29.csv,False,duplicate_episode_id_removed
102328615,2026-08-29 07:56:28.410202700,2722.339965,2694.145353,5444.679931,2,32712219,2026-08-29,/home/nk/Projects/data-mining/Chapter_4/Bai_3/output/manifest_snapshots/manifest_2026-08-29.csv,False,duplicate_episode_id_removed
102518349,2026-08-29 13:36:32.718366900,2722.252901,2719.164375,5444.505803,2,32569726,2026-08-29,/home/nk/Projects/data-mining/Chapter_4/Bai_3/output/manifest_snapshots/manifest_2026-08-29.csv,False,duplicate_episode_id_removed
102558664,2026-08-29 14:48:39.966409900,2721.670603,2682.521689,5443.341206,2,32072503,2026-08-29,/home/nk/Projects/data-mining/Chapter_4/Bai_3/output/manifest_snapshots/manifest_2026-08-29.csv,False,duplicate_episode_id_removed
102292975,2026-08-29 06:52:32.552908200,2721.635225,2707.013829,5443.270451,2,30895899,2026-08-29,/home/nk/Projects/data-mining/Chapter_4/Bai_3/output/manifest_snapshots/manifest_2026-08-29.csv,False,duplicate_episode_id_removed
102844256,2026-08-29 23:20:46.555607100,3026.224305,3020.037415,6052.44861,2,32132264,2026-08-30,/home/nk/Projects/data-mining/Chapter_4/Bai_3/output/manifest_snapshots/manifest_2026-08-30.csv,True,kept_latest_create_time
102844254,2026-08-29 23:20:46.554467800,3026.224305,3024.471426,6052.44861,2,32527178,2026-08-30,/home/nk/Projects/data-mining/Chapter_4/Bai_3/output/manifest_snapshots/manifest_2026-08-30.csv,True,kept_latest_create_time
102819708,2026-08-29 22:36:39.966156000,3026.224305,3023.392108,6052.44861,2,31340103,2026-08-30,/home/nk/Projects/data-mining/Chapter_4/Bai_3/output/manifest_snapshots/manifest_2026-08-30.csv,True,kept_latest_create_time
102748473,2026-08-29 20:28:41.848355100,3024.648527,3015.01822,6049.297054,2,32081807,2026-08-30,/home/nk/Projects/data-mining/Chapter_4/Bai_3/output/manifest_snapshots/manifest_2026-08-30.csv,True,kept_latest_create_time
102788602,2026-08-29 21:40:40.340352700,3024.648527,3015.496937,6049.297054,2,32246054,2026-08-30,/home/nk/Projects/data-mining/Chapter_4/Bai_3/output/manifest_snapshots/manifest_2026-08-30.csv,True,kept_latest_create_time
102694947,2026-08-29 18:52:34.947598400,3024.648527,3023.800108,6049.297054,2,32233411,2026-08-30,/home/nk/Projects/data-mining/Chapter_4/Bai_3/output/manifest_snapshots/manifest_2026-08-30.csv,True,kept_latest_create_time
102630221,2026-08-29 16:56:31.739164000,3024.648527,3023.581854,6049.297054,2,32287274,2026-08-30,/home/nk/Projects/data-mining/Chapter_4/Bai_3/output/manifest_snapshots/manifest_2026-08-30.csv,True,kept_latest_create_time
102788601,2026-08-29 21:40:40.339069400,3024.648527,3019.831198,6049.297054,2,31295915,2026-08-30,/home/nk/Projects/data-mining/Chapter_4/Bai_3/output/manifest_snapshots/manifest_2026-08-30.csv,True,kept_latest_create_time
102505140,2026-08-29 13:12:36.217425300,3024.648527,3018.399626,6049.297054,2,32265601,2026-08-30,/home/nk/Projects/data-mining/Chapter_4/Bai_3/output/manifest_snapshots/manifest_2026-08-30.csv,True,kept_latest_create_time
102563171,2026-08-29 14:56:37.769579400,3024.648527,3018.658013,6049.297054,2,32085264,2026-08-30,/home/nk/Projects/data-mining/Chapter_4/Bai_3/output/manifest_snapshots/manifest_2026-08-30.csv,True,kept_latest_create_time
102505146,2026-08-29 13:12:36.226742200,3024.648527,3023.098666,6049.297054,2,30471850,2026-08-30,/home/nk/Projects/data-mining/Chapter_4/Bai_3/output/manifest_snapshots/manifest_2026-08-30.csv,True,kept_latest_create_time
102748471,2026-08-29 20:28:41.846124600,3024.648527,3019.33647,6049.297054,2,32045623,2026-08-30,/home/nk/Projects/data-mining/Chapter_4/Bai_3/output/manifest_snapshots/manifest_2026-08-30.csv,True,kept_latest_create_time
102630220,2026-08-29 16:56:31.738078900,3024.648527,3018.899563,6049.297054,2,31615156,2026-08-30,/home/nk/Projects/data-mining/Chapter_4/Bai_3/output/manifest_snapshots/manifest_2026-08-30.csv,True,kept_latest_create_time
102563172,2026-08-29 14:56:37.771180700,3024.648527,3023.348394,6049.297054,2,32171268,2026-08-30,/home/nk/Projects/data-mining/Chapter_4/Bai_3/output/manifest_snapshots/manifest_2026-08-30.csv,True,kept_latest_create_time
102694950,2026-08-29 18:52:34.952579200,3024.648527,3019.125373,6049.297054,2,31963321,2026-08-30,/home/nk/Projects/data-mining/Chapter_4/Bai_3/output/manifest_snapshots/manifest_2026-08-30.csv,True,kept_latest_create_time
102083031,2026-08-29 00:36:28.618224700,3021.279202,3017.834721,6042.558403,2,32065772,2026-08-30,/home/nk/Projects/data-mining/Chapter_4/Bai_3/output/manifest_snapshots/manifest_2026-08-30.csv,True,kept_latest_create_time
102397878,2026-08-29 10:00:28.653370100,3020.199013,3019.941404,6040.398027,2,31954315,2026-08-30,/home/nk/Projects/data-mining/Chapter_4/Bai_3/output/manifest_snapshots/manifest_2026-08-30.csv,True,kept_latest_create_time
102091987,2026-08-29 00:52:29.342825800,3019.14529,3017.758669,6038.29058,2,32056444,2026-08-30,/home/nk/Projects/data-mining/Chapter_4/Bai_3/output/manifest_snapshots/manifest_2026-08-30.csv,True,kept_latest_create_time
102089752,2026-08-29 00:48:31.311377500,3018.739006,3015.118839,6037.478012,2,31900912,2026-08-30,/home/nk/Projects/data-mining/Chapter_4/Bai_3/output/manifest_snapshots/manifest_2026-08-30.csv,True,kept_latest_create_time
102346581,2026-08-29 08:28:30.447871800,3018.69799,3012.818056,6037.395981,2,32130397,2026-08-30,/home/nk/Projects/data-mining/Chapter_4/Bai_3/output/manifest_snapshots/manifest_2026-08-30.csv,True,kept_latest_create_time
102076339,2026-08-29 00:24:29.677061900,3018.118538,3013.065396,6036.237076,2,31666559,2026-08-30,/home/nk/Projects/data-mining/Chapter_4/Bai_3/output/manifest_snapshots/manifest_2026-08-30.csv,True,kept_latest_create_time
102297457,2026-08-29 07:00:32.836055300,3017.066273,3013.999018,6034.132547,2,31346358,2026-08-30,/home/nk/Projects/data-mining/Chapter_4/Bai_3/output/manifest_snapshots/manifest_2026-08-30.csv,True,kept_latest_create_time
102201447,2026-08-29 04:08:34.244516800,3015.45601,3005.210932,6030.912021,2,31220719,2026-08-30,/home/nk/Projects/data-mining/Chapter_4/Bai_3/output/manifest_snapshots/manifest_2026-08-30.csv,True,kept_latest_create_time
102201446,2026-08-29 04:08:34.242707000,3015.45601,3001.050907,6030.912021,2,31908235,2026-08-30,/home/nk/Projects/data-mining/Chapter_4/Bai_3/output/manifest_snapshots/manifest_2026-08-30.csv,True,kept_latest_create_time
102248387,2026-08-29 05:32:32.498104500,3015.45601,3006.026686,6030.912021,2,32207340,2026-08-30,/home/nk/Projects/data-mining/Chapter_4/Bai_3/output/manifest_snapshots/manifest_2026-08-30.csv,True,kept_latest_create_time
102161315,2026-08-29 02:56:44.314984400,3015.45601,3009.508659,6030.912021,2,32107308,2026-08-30,/home/nk/Projects/data-mining/Chapter_4/Bai_3/output/manifest_snapshots/manifest_2026-08-30.csv,True,kept_latest_create_time
102100943,2026-08-29 01:08:34.707772900,3014.110943,3013.145119,6028.221886,2,31397111,2026-08-30,/home/nk/Projects/data-mining/Chapter_4/Bai_3/output/manifest_snapshots/manifest_2026-08-30.csv,True,kept_latest_create_time
102103185,2026-08-29 01:12:34.857101900,3013.955514,3010.246624,6027.911028,2,31990319,2026-08-30,/home/nk/Projects/data-mining/Chapter_4/Bai_3/output/manifest_snapshots/manifest_2026-08-30.csv,True,kept_latest_create_time
102105487,2026-08-29 01:16:30.524454600,3013.846395,3005.660898,6027.692791,2,32164459,2026-08-30,/home/nk/Projects/data-mining/Chapter_4/Bai_3/output/manifest_snapshots/manifest_2026-08-30.csv,True,kept_latest_create_time
102125565,2026-08-29 01:52:29.121826200,3013.778667,3001.301312,6027.557334,2,32097116,2026-08-30,/home/nk/Projects/data-mining/Chapter_4/Bai_3/output/manifest_snapshots/manifest_2026-08-30.csv,True,kept_latest_create_time
102069628,2026-08-29 00:12:29.161161500,3012.887642,3008.231681,6025.775284,2,31240753,2026-08-30,/home/nk/Projects/data-mining/Chapter_4/Bai_3/output/manifest_snapshots/manifest_2026-08-30.csv,True,kept_latest_create_time
102449276,2026-08-29 11:32:29.806140800,2977.055088,2927.644662,5954.110176,2,31206882,2026-08-30,/home/nk/Projects/data-mining/Chapter_4/Bai_3/output/manifest_snapshots/manifest_2026-08-30.csv,True,kept_latest_create_time
102080807,2026-08-29 00:32:28.645111700,2974.458816,2918.101514,5948.917633,2,32268037,2026-08-30,/home/nk/Projects/data-mining/Chapter_4/Bai_3/output/manifest_snapshots/manifest_2026-08-30.csv,True,kept_latest_create_time
102297456,2026-08-29 07:00:32.832818500,2973.995197,2930.727943,5947.990395,2,31651663,2026-08-30,/home/nk/Projects/data-mining/Chapter_4/Bai_3/output/manifest_snapshots/manifest_2026-08-30.csv,True,kept_latest_create_time
102078571,2026-08-29 00:28:30.639090700,2971.793,2916.537878,5943.586,2,31048226,2026-08-30,/home/nk/Projects/data-mining/Chapter_4/Bai_3/output/manifest_snapshots/manifest_2026-08-30.csv,True,kept_latest_create_time
102819709,2026-08-29 22:36:39.966089100,2971.492015,2924.335538,5942.98403,2,32415298,2026-08-30,/home/nk/Projects/data-mining/Chapter_4/Bai_3/output/manifest_snapshots/manifest_2026-08-30.csv,True,kept_latest_create_time
102098706,2026-08-29 01:04:29.654350400,2971.004839,2931.954596,5942.009678,2,31098096,2026-08-30,/home/nk/Projects/data-mining/Chapter_4/Bai_3/output/manifest_snapshots/manifest_2026-08-30.csv,True,kept_latest_create_time
102087512,2026-08-29 00:44:30.815143900,2970.959009,2921.368449,5941.918017,2,32123993,2026-08-30,/home/nk/Projects/data-mining/Chapter_4/Bai_3/output/manifest_snapshots/manifest_2026-08-30.csv,True,kept_latest_create_time
102085269,2026-08-29 00:40:31.705777600,2970.618372,2924.454252,5941.236744,2,32126645,2026-08-30,/home/nk/Projects/data-mining/Chapter_4/Bai_3/output/manifest_snapshots/manifest_2026-08-30.csv,True,kept_latest_create_time
102094229,2026-08-29 00:56:29.758493300,2969.597005,2925.879699,5939.19401,2,30335252,2026-08-30,/home/nk/Projects/data-mining/Chapter_4/Bai_3/output/manifest_snapshots/manifest_2026-08-30.csv,True,kept_latest_create_time
102074098,2026-08-29 00:20:28.573270200,2969.056239,2921.00028,5938.112479,2,32013725,2026-08-30,/home/nk/Projects/data-mining/Chapter_4/Bai_3/output/manifest_snapshots/manifest_2026-08-30.csv,True,kept_latest_create_time
102071863,2026-08-29 00:16:28.462565300,2968.462061,2924.132825,5936.924123,2,31622632,2026-08-30,/home/nk/Projects/data-mining/Chapter_4/Bai_3/output/manifest_snapshots/manifest_2026-08-30.csv,True,kept_latest_create_time
102397877,2026-08-29 10:00:28.651877900,2968.098325,2912.817692,5936.19665,2,32335337,2026-08-30,/home/nk/Projects/data-mining/Chapter_4/Bai_3/output/manifest_snapshots/manifest_2026-08-30.csv,True,kept_latest_create_time
102096467,2026-08-29 01:00:30.007684900,2967.540665,2918.275234,5935.08133,2,32000274,2026-08-30,/home/nk/Projects/data-mining/Chapter_4/Bai_3/output/manifest_snapshots/manifest_2026-08-30.csv,True,kept_latest_create_time
102449287,2026-08-29 11:32:29.812268300,2966.379548,2909.927556,5932.759096,2,31480445,2026-08-30,/home/nk/Projects/data-mining/Chapter_4/Bai_3/output/manifest_snapshots/manifest_2026-08-30.csv,True,kept_latest_create_time
102248386,2026-08-29 05:32:32.477834500,2964.485989,2919.724766,5928.971978,2,32331960,2026-08-30,/home/nk/Projects/data-mining/Chapter_4/Bai_3/output/manifest_snapshots/manifest_2026-08-30.csv,True,kept_latest_create_time
102346579,2026-08-29 08:28:30.446737600,2963.409926,2910.99975,5926.819852,2,32181580,2026-08-30,/home/nk/Projects/data-mining/Chapter_4/Bai_3/output/manifest_snapshots/manifest_2026-08-30.csv,True,kept_latest_create_time
102150079,2026-08-29 02:36:29.458879800,2962.542336,2920.430608,5925.084672,2,32293201,2026-08-30,/home/nk/Projects/data-mining/Chapter_4/Bai_3/output/manifest_snapshots/manifest_2026-08-30.csv,True,kept_latest_create_time
102065135,2026-08-29 00:04:28.663317400,2962.225696,2927.373187,5924.451393,2,31380517,2026-08-30,/home/nk/Projects/data-mining/Chapter_4/Bai_3/output/manifest_snapshots/manifest_2026-08-30.csv,True,kept_latest_create_time
102062874,2026-08-29 00:00:29.131224500,2955.624277,2919.467398,5911.248553,2,31103670,2026-08-30,/home/nk/Projects/data-mining/Chapter_4/Bai_3/output/manifest_snapshots/manifest_2026-08-30.csv,True,kept_latest_create_time
102067390,2026-08-29 00:08:30.532894800,2943.526304,2885.763218,5887.052608,2,32257905,2026-08-30,/home/nk/Projects/data-mining/Chapter_4/Bai_3/output/manifest_snapshots/manifest_2026-08-30.csv,True,kept_latest_create_time
102844281,2026-08-29 23:20:46.607468500,2928.442128,2925.004815,5856.884256,2,32080777,2026-08-30,/home/nk/Projects/data-mining/Chapter_4/Bai_3/output/manifest_snapshots/manifest_2026-08-30.csv,True,kept_latest_create_time
102592229,2026-08-29 15:48:48.212163200,2926.630824,2913.316697,5853.261647,2,32082228,2026-08-30,/home/nk/Projects/data-mining/Chapter_4/Bai_3/output/manifest_snapshots/manifest_2026-08-30.csv,True,kept_latest_create_time
102661454,2026-08-29 17:52:35.634628800,2926.191078,2917.393506,5852.382157,2,32044939,2026-08-30,/home/nk/Projects/data-mining/Chapter_4/Bai_3/output/manifest_snapshots/manifest_2026-08-30.csv,True,kept_latest_create_time
102786270,2026-08-29 21:36:40.898646900,2926.176789,2920.623032,5852.353577,2,32241492,2026-08-30,/home/nk/Projects/data-mining/Chapter_4/Bai_3/output/manifest_snapshots/manifest_2026-08-30.csv,True,kept_latest_create_time
102141061,2026-08-29 02:20:29.472350100,2925.938614,2912.062288,5851.877228,2,30849919,2026-08-30,/home/nk/Projects/data-mining/Chapter_4/Bai_3/output/manifest_snapshots/manifest_2026-08-30.csv,True,kept_latest_create_time
102165685,2026-08-29 03:04:29.732036800,2925.762816,2916.676245,5851.525633,2,30966530,2026-08-30,/home/nk/Projects/data-mining/Chapter_4/Bai_3/output/manifest_snapshots/manifest_2026-08-30.csv,True,kept_latest_create_time
102226065,2026-08-29 04:52:29.422257500,2924.17713,2923.040326,5848.354259,2,31284729,2026-08-30,/home/nk/Projects/data-mining/Chapter_4/Bai_3/output/manifest_snapshots/manifest_2026-08-30.csv,True,kept_latest_create_time
102192503,2026-08-29 03:52:31.000542300,2924.12843,2918.257442,5848.256861,2,30426038,2026-08-30,/home/nk/Projects/data-mining/Chapter_4/Bai_3/output/manifest_snapshots/manifest_2026-08-30.csv,True,kept_latest_create_time
102288474,2026-08-29 06:44:33.220312800,2923.854665,2913.717954,5847.70933,2,31347689,2026-08-30,/home/nk/Projects/data-mining/Chapter_4/Bai_3/output/manifest_snapshots/manifest_2026-08-30.csv,True,kept_latest_create_time
102337644,2026-08-29 08:12:36.440432300,2922.222948,2918.492888,5844.445896,2,30938241,2026-08-30,/home/nk/Projects/data-mining/Chapter_4/Bai_3/output/manifest_snapshots/manifest_2026-08-30.csv,True,kept_latest_create_time
102386801,2026-08-29 09:40:28.607563100,2922.11099,2916.750727,5844.22198,2,30988945,2026-08-30,/home/nk/Projects/data-mining/Chapter_4/Bai_3/output/manifest_snapshots/manifest_2026-08-30.csv,True,kept_latest_create_time
102237246,2026-08-29 05:12:33.510113600,2921.785688,2913.881341,5843.571375,2,30559023,2026-08-30,/home/nk/Projects/data-mining/Chapter_4/Bai_3/output/manifest_snapshots/manifest_2026-08-30.csv,True,kept_latest_create_time
102576520,2026-08-29 15:20:38.407101400,2921.314953,2905.585059,5842.629907,2,32121133,2026-08-30,/home/nk/Projects/data-mining/Chapter_4/Bai_3/output/manifest_snapshots/manifest_2026-08-30.csv,True,kept_latest_create_time
102578775,2026-08-29 15:24:36.730396400,2920.426872,2899.841752,5840.853745,2,32103215,2026-08-30,/home/nk/Projects/data-mining/Chapter_4/Bai_3/output/manifest_snapshots/manifest_2026-08-30.csv,True,kept_latest_create_time
102337643,2026-08-29 08:12:36.439826600,2918.505522,2914.001796,5837.011045,2,32252372,2026-08-30,/home/nk/Projects/data-mining/Chapter_4/Bai_3/output/manifest_snapshots/manifest_2026-08-30.csv,True,kept_latest_create_time
102386803,2026-08-29 09:40:28.607264700,2918.476379,2915.740027,5836.952758,2,30747857,2026-08-30,/home/nk/Projects/data-mining/Chapter_4/Bai_3/output/manifest_snapshots/manifest_2026-08-30.csv,True,kept_latest_create_time
102583251,2026-08-29 15:32:35.973460500,2918.360032,2900.975566,5836.720064,2,31999149,2026-08-30,/home/nk/Projects/data-mining/Chapter_4/Bai_3/output/manifest_snapshots/manifest_2026-08-30.csv,True,kept_latest_create_time
102288473,2026-08-29 06:44:33.218985500,2918.268726,2918.019295,5836.537452,2,31670607,2026-08-30,/home/nk/Projects/data-mining/Chapter_4/Bai_3/output/manifest_snapshots/manifest_2026-08-30.csv,True,kept_latest_create_time
102724002,2026-08-29 19:44:35.703647600,2917.176928,2901.167597,5834.353856,2,31929872,2026-08-30,/home/nk/Projects/data-mining/Chapter_4/Bai_3/output/manifest_snapshots/manifest_2026-08-30.csv,True,kept_latest_create_time
102567547,2026-08-29 15:04:39.645788600,2916.73293,2894.990083,5833.465861,2,32197100,2026-08-30,/home/nk/Projects/data-mining/Chapter_4/Bai_3/output/manifest_snapshots/manifest_2026-08-30.csv,True,kept_latest_create_time
102569808,2026-08-29 15:08:41.713945600,2915.626464,2888.999088,5831.252927,2,32154391,2026-08-30,/home/nk/Projects/data-mining/Chapter_4/Bai_3/output/manifest_snapshots/manifest_2026-08-30.csv,True,kept_latest_create_time
102152262,2026-08-29 02:40:33.901485600,2913.960287,2913.407474,5827.920574,2,32279227,2026-08-30,/home/nk/Projects/data-mining/Chapter_4/Bai_3/output/manifest_snapshots/manifest_2026-08-30.csv,True,kept_latest_create_time
102138834,2026-08-29 02:16:30.015365300,2913.322016,2908.738698,5826.644031,2,31907574,2026-08-30,/home/nk/Projects/data-mining/Chapter_4/Bai_3/output/manifest_snapshots/manifest_2026-08-30.csv,True,kept_latest_create_time
102589974,2026-08-29 15:44:48.728452100,2910.687164,2902.745888,5821.374329,2,32438379,2026-08-30,/home/nk/Projects/data-mining/Chapter_4/Bai_3/output/manifest_snapshots/manifest_2026-08-30.csv,True,kept_latest_create_time
102587748,2026-08-29 15:40:46.236906200,2910.048708,2907.125595,5820.097416,2,32185406,2026-08-30,/home/nk/Projects/data-mining/Chapter_4/Bai_3/output/manifest_snapshots/manifest_2026-08-30.csv,True,kept_latest_create_time
102699430,2026-08-29 19:00:35.424648300,2909.514733,2907.16348,5819.029467,2,32436749,2026-08-30,/home/nk/Projects/data-mining/Chapter_4/Bai_3/output/manifest_snapshots/manifest_2026-08-30.csv,True,kept_latest_create_time
102645860,2026-08-29 17:24:40.244777100,2909.47241,2907.46429,5818.944819,2,32764760,2026-08-30,/home/nk/Projects/data-mining/Chapter_4/Bai_3/output/manifest_snapshots/manifest_2026-08-30.csv,True,kept_latest_create_time
102848668,2026-08-29 23:28:51.939696500,2908.121084,2880.622482,5816.242168,2,32192193,2026-08-30,/home/nk/Projects/data-mining/Chapter_4/Bai_3/output/manifest_snapshots/manifest_2026-08-30.csv,True,kept_latest_create_time
102864378,2026-08-29 23:56:44.327044000,2907.50018,2884.836081,5815.000361,2,32522368,2026-08-30,/home/nk/Projects/data-mining/Chapter_4/Bai_3/output/manifest_snapshots/manifest_2026-08-30.csv,True,kept_latest_create_time
102449280,2026-08-29 11:32:29.807844600,2907.401592,2900.466874,5814.803184,2,30902084,2026-08-30,/home/nk/Projects/data-mining/Chapter_4/Bai_3/output/manifest_snapshots/manifest_2026-08-30.csv,True,kept_latest_create_time
102757361,2026-08-29 20:44:39.277723600,2906.331626,2891.295189,5812.663251,2,32598223,2026-08-30,/home/nk/Projects/data-mining/Chapter_4/Bai_3/output/manifest_snapshots/manifest_2026-08-30.csv,True,kept_latest_create_time
102127848,2026-08-29 01:56:28.905868400,2906.073028,2876.515296,5812.146055,2,30812925,2026-08-30,/home/nk/Projects/data-mining/Chapter_4/Bai_3/output/manifest_snapshots/manifest_2026-08-30.csv,True,kept_latest_create_time
102565304,2026-08-29 15:00:40.736513700,2904.35788,2901.386481,5808.715759,2,32335934,2026-08-30,/home/nk/Projects/data-mining/Chapter_4/Bai_3/output/manifest_snapshots/manifest_2026-08-30.csv,True,kept_latest_create_time
102730697,2026-08-29 19:56:34.517757500,2904.263132,2891.816746,5808.526265,2,32231943,2026-08-30,/home/nk/Projects/data-mining/Chapter_4/Bai_3/output/manifest_snapshots/manifest_2026-08-30.csv,True,kept_latest_create_time
102547398,2026-08-29 14:28:33.302099600,2903.678658,2872.814754,5807.357315,2,31396437,2026-08-30,/home/nk/Projects/data-mining/Chapter_4/Bai_3/output/manifest_snapshots/manifest_2026-08-30.csv,True,kept_latest_create_time
102563063,2026-08-29 14:56:37.604920500,2902.756988,2893.425698,5805.513975,2,32362037,2026-08-30,/home/nk/Projects/data-mining/Chapter_4/Bai_3/output/manifest_snapshots/manifest_2026-08-30.csv,True,kept_latest_create_time
102581007,2026-08-29 15:28:37.836456300,2902.682817,2893.689856,5805.365634,2,32087257,2026-08-30,/home/nk/Projects/data-mining/Chapter_4/Bai_3/output/manifest_snapshots/manifest_2026-08-30.csv,True,kept_latest_create_time
102554117,2026-08-29 14:40:35.123177200,2902.510814,2897.273565,5805.021628,2,32325525,2026-08-30,/home/nk/Projects/data-mining/Chapter_4/Bai_3/output/manifest_snapshots/manifest_2026-08-30.csv,True,kept_latest_create_time
102114263,2026-08-29 01:32:30.337208400,2902.375722,2891.517345,5804.751444,2,32120828,2026-08-30,/home/nk/Projects/data-mining/Chapter_4/Bai_3/output/manifest_snapshots/manifest_2026-08-30.csv,True,kept_latest_create_time
102585501,2026-08-29 15:36:41.915766100,2900.695898,2894.427124,5801.391796,2,30625931,2026-08-30,/home/nk/Projects/data-mining/Chapter_4/Bai_3/output/manifest_snapshots/manifest_2026-08-30.csv,True,kept_latest_create_time
102835347,2026-08-29 23:04:37.714435700,2900.274509,2871.016671,5800.549019,2,30788276,2026-08-30,/home/nk/Projects/data-mining/Chapter_4/Bai_3/output/manifest_snapshots/manifest_2026-08-30.csv,True,kept_latest_create_time
102808633,2026-08-29 22:16:39.421734000,2900.01508,2864.796826,5800.03016,2,30176792,2026-08-30,/home/nk/Projects/data-mining/Chapter_4/Bai_3/output/manifest_snapshots/manifest_2026-08-30.csv,True,kept_latest_create_time
102665877,2026-08-29 18:00:37.064518800,2899.832034,2861.265837,5799.664068,2,32045409,2026-08-30,/home/nk/Projects/data-mining/Chapter_4/Bai_3/output/manifest_snapshots/manifest_2026-08-30.csv,True,kept_latest_create_time
102801934,2026-08-29 22:04:38.508388400,2898.844339,2873.016591,5797.688678,2,32433684,2026-08-30,/home/nk/Projects/data-mining/Chapter_4/Bai_3/output/manifest_snapshots/manifest_2026-08-30.csv,True,kept_latest_create_time
102775250,2026-08-29 21:16:40.344440400,2896.882364,2868.299615,5793.764729,2,31032905,2026-08-30,/home/nk/Projects/data-mining/Chapter_4/Bai_3/output/manifest_snapshots/manifest_2026-08-30.csv,True,kept_latest_create_time
102545173,2026-08-29 14:24:33.207611800,2896.565833,2880.541582,5793.131665,2,32296886,2026-08-30,/home/nk/Projects/data-mining/Chapter_4/Bai_3/output/manifest_snapshots/manifest_2026-08-30.csv,True,kept_latest_create_time
102167933,2026-08-29 03:08:31.758158400,2894.757938,2868.653479,5789.515876,2,31977822,2026-08-30,/home/nk/Projects/data-mining/Chapter_4/Bai_3/output/manifest_snapshots/manifest_2026-08-30.csv,True,kept_latest_create_time
102556360,2026-08-29 14:44:35.875844900,2893.878894,2888.893659,5787.757788,2,30030926,2026-08-30,/home/nk/Projects/data-mining/Chapter_4/Bai_3/output/manifest_snapshots/manifest_2026-08-30.csv,True,kept_latest_create_time
102743881,2026-08-29 20:20:40.131091700,2892.584949,2857.896222,5785.169898,2,32526038,2026-08-30,/home/nk/Projects/data-mining/Chapter_4/Bai_3/output/manifest_snapshots/manifest_2026-08-30.csv,True,kept_latest_create_time
102652522,2026-08-29 17:36:40.535326500,2891.735976,2881.038021,5783.471952,2,32397335,2026-08-30,/home/nk/Projects/data-mining/Chapter_4/Bai_3/output/manifest_snapshots/manifest_2026-08-30.csv,True,kept_latest_create_time
102192548,2026-08-29 03:52:31.046561700,2891.507563,2864.884638,5783.015125,2,31974414,2026-08-30,/home/nk/Projects/data-mining/Chapter_4/Bai_3/output/manifest_snapshots/manifest_2026-08-30.csv,True,kept_latest_create_time
102551911,2026-08-29 14:36:32.769555200,2891.154708,2887.934089,5782.309416,2,30974095,2026-08-30,/home/nk/Projects/data-mining/Chapter_4/Bai_3/output/manifest_snapshots/manifest_2026-08-30.csv,True,kept_latest_create_time
102134373,2026-08-29 02:08:32.854020400,2889.677604,2872.439328,5779.355207,2,32107301,2026-08-30,/home/nk/Projects/data-mining/Chapter_4/Bai_3/output/manifest_snapshots/manifest_2026-08-30.csv,True,kept_latest_create_time
102426925,2026-08-29 10:52:29.019456000,2887.345166,2843.959115,5774.690332,2,31759641,2026-08-30,/home/nk/Projects/data-mining/Chapter_4/Bai_3/output/manifest_snapshots/manifest_2026-08-30.csv,True,kept_latest_create_time
102505139,2026-08-29 13:12:36.215585700,2886.880204,2842.873861,5773.760408,2,31265307,2026-08-30,/home/nk/Projects/data-mining/Chapter_4/Bai_3/output/manifest_snapshots/manifest_2026-08-30.csv,True,kept_latest_create_time
102824223,2026-08-29 22:44:40.408903400,2884.111207,2883.859688,5768.222415,2,32575557,2026-08-30,/home/nk/Projects/data-mining/Chapter_4/Bai_3/output/manifest_snapshots/manifest_2026-08-30.csv,True,kept_latest_create_time
102542924,2026-08-29 14:20:31.468645200,2884.102719,2869.057488,5768.205438,2,31199090,2026-08-30,/home/nk/Projects/data-mining/Chapter_4/Bai_3/output/manifest_snapshots/manifest_2026-08-30.csv,True,kept_latest_create_time
102121175,2026-08-29 01:44:29.239524000,2884.088149,2880.19146,5768.176297,2,31752693,2026-08-30,/home/nk/Projects/data-mining/Chapter_4/Bai_3/output/manifest_snapshots/manifest_2026-08-30.csv,True,kept_latest_create_time
102728398,2026-08-29 19:52:35.715739800,2882.555906,2869.067977,5765.111812,2,32439022,2026-08-30,/home/nk/Projects/data-mining/Chapter_4/Bai_3/output/manifest_snapshots/manifest_2026-08-30.csv,True,kept_latest_create_time
102120962,2026-08-29 01:44:28.943960600,2882.428979,2880.142867,5764.857958,2,32154886,2026-08-30,/home/nk/Projects/data-mining/Chapter_4/Bai_3/output/manifest_snapshots/manifest_2026-08-30.csv,True,kept_latest_create_time
102498438,2026-08-29 13:00:34.441459700,2881.967844,2846.115746,5763.935689,2,32110356,2026-08-30,/home/nk/Projects/data-mining/Chapter_4/Bai_3/output/manifest_snapshots/manifest_2026-08-30.csv,True,kept_latest_create_time
102773027,2026-08-29 21:12:40.640774400,2881.171383,2872.231222,5762.342766,2,32247857,2026-08-30,/home/nk/Projects/data-mining/Chapter_4/Bai_3/output/manifest_snapshots/manifest_2026-08-30.csv,True,kept_latest_create_time
102795265,2026-08-29 21:52:40.848717000,2880.683902,2872.350984,5761.367805,2,32517278,2026-08-30,/home/nk/Projects/data-mining/Chapter_4/Bai_3/output/manifest_snapshots/manifest_2026-08-30.csv,True,kept_latest_create_time
102442578,2026-08-29 11:20:30.008351400,2877.237503,2849.599379,5754.475007,2,30422060,2026-08-30,/home/nk/Projects/data-mining/Chapter_4/Bai_3/output/manifest_snapshots/manifest_2026-08-30.csv,True,kept_latest_create_time
102145554,2026-08-29 02:28:31.856865200,2874.792503,2828.747276,5749.585005,2,32400610,2026-08-30,/home/nk/Projects/data-mining/Chapter_4/Bai_3/output/manifest_snapshots/manifest_2026-08-30.csv,True,kept_latest_create_time
102143303,2026-08-29 02:24:29.926055500,2874.251592,2831.936696,5748.503185,2,32590019,2026-08-30,/home/nk/Projects/data-mining/Chapter_4/Bai_3/output/manifest_snapshots/manifest_2026-08-30.csv,True,kept_latest_create_time
102161236,2026-08-29 02:56:44.020278400,2874.063727,2840.777933,5748.127454,2,32420163,2026-08-30,/home/nk/Projects/data-mining/Chapter_4/Bai_3/output/manifest_snapshots/manifest_2026-08-30.csv,True,kept_latest_create_time
102857635,2026-08-29 23:44:44.898031700,2873.241442,2870.901274,5746.482884,2,30384959,2026-08-30,/home/nk/Projects/data-mining/Chapter_4/Bai_3/output/manifest_snapshots/manifest_2026-08-30.csv,True,kept_latest_create_time
102708231,2026-08-29 19:16:34.999430300,2872.802524,2849.649423,5745.605048,2,32531558,2026-08-30,/home/nk/Projects/data-mining/Chapter_4/Bai_3/output/manifest_snapshots/manifest_2026-08-30.csv,True,kept_latest_create_time
102784142,2026-08-29 21:32:38.042173700,2871.962737,2866.996988,5743.925473,2,32386514,2026-08-30,/home/nk/Projects/data-mining/Chapter_4/Bai_3/output/manifest_snapshots/manifest_2026-08-30.csv,True,kept_latest_create_time
102821817,2026-08-29 22:40:38.171828200,2871.778939,2816.235864,5743.557877,2,32604638,2026-08-30,/home/nk/Projects/data-mining/Chapter_4/Bai_3/output/manifest_snapshots/manifest_2026-08-30.csv,True,kept_latest_create_time
102170159,2026-08-29 03:12:32.228783700,2871.680848,2829.245453,5743.361696,2,32119987,2026-08-30,/home/nk/Projects/data-mining/Chapter_4/Bai_3/output/manifest_snapshots/manifest_2026-08-30.csv,True,kept_latest_create_time
102505144,2026-08-29 13:12:36.219843700,2871.670368,2848.353391,5743.340735,2,30368224,2026-08-30,/home/nk/Projects/data-mining/Chapter_4/Bai_3/output/manifest_snapshots/manifest_2026-08-30.csv,True,kept_latest_create_time
102705997,2026-08-29 19:12:35.774557600,2871.621489,2841.807786,5743.242977,2,32400090,2026-08-30,/home/nk/Projects/data-mining/Chapter_4/Bai_3/output/manifest_snapshots/manifest_2026-08-30.csv,True,kept_latest_create_time
102817591,2026-08-29 22:32:37.909977700,2870.52165,2860.491139,5741.0433,2,31695614,2026-08-30,/home/nk/Projects/data-mining/Chapter_4/Bai_3/output/manifest_snapshots/manifest_2026-08-30.csv,True,kept_latest_create_time
102833169,2026-08-29 23:00:38.829634800,2870.449573,2865.315685,5740.899147,2,31015315,2026-08-30,/home/nk/Projects/data-mining/Chapter_4/Bai_3/output/manifest_snapshots/manifest_2026-08-30.csv,True,kept_latest_create_time
102127660,2026-08-29 01:56:28.610991000,2870.240976,2851.078208,5740.481952,2,31839617,2026-08-30,/home/nk/Projects/data-mining/Chapter_4/Bai_3/output/manifest_snapshots/manifest_2026-08-30.csv,True,kept_latest_create_time
102612351,2026-08-29 16:24:37.458918600,2870.065736,2822.904751,5740.131472,2,32153390,2026-08-30,/home/nk/Projects/data-mining/Chapter_4/Bai_3/output/manifest_snapshots/manifest_2026-08-30.csv,True,kept_latest_create_time
102788635,2026-08-29 21:40:40.379061300,2869.682801,2845.410617,5739.365602,2,32110383,2026-08-30,/home/nk/Projects/data-mining/Chapter_4/Bai_3/output/manifest_snapshots/manifest_2026-08-30.csv,True,kept_latest_create_time
102147795,2026-08-29 02:32:31.622103700,2869.658123,2814.620885,5739.316246,2,32010220,2026-08-30,/home/nk/Projects/data-mining/Chapter_4/Bai_3/output/manifest_snapshots/manifest_2026-08-30.csv,True,kept_latest_create_time
102132133,2026-08-29 02:04:30.550597400,2869.473787,2838.12104,5738.947575,2,32113037,2026-08-30,/home/nk/Projects/data-mining/Chapter_4/Bai_3/output/manifest_snapshots/manifest_2026-08-30.csv,True,kept_latest_create_time
102091898,2026-08-29 00:52:29.207309700,2868.938208,2818.252774,5737.876416,2,31148273,2026-08-30,/home/nk/Projects/data-mining/Chapter_4/Bai_3/output/manifest_snapshots/manifest_2026-08-30.csv,True,kept_latest_create_time
102763962,2026-08-29 20:56:40.259738400,2868.594501,2842.118004,5737.189001,2,32118152,2026-08-30,/home/nk/Projects/data-mining/Chapter_4/Bai_3/output/manifest_snapshots/manifest_2026-08-30.csv,True,kept_latest_create_time
102129891,2026-08-29 02:00:29.731478500,2867.841004,2840.404664,5735.682007,2,32300840,2026-08-30,/home/nk/Projects/data-mining/Chapter_4/Bai_3/output/manifest_snapshots/manifest_2026-08-30.csv,True,kept_latest_create_time
102163446,2026-08-29 03:00:47.759885200,2867.35746,2823.637275,5734.71492,2,32402305,2026-08-30,/home/nk/Projects/data-mining/Chapter_4/Bai_3/output/manifest_snapshots/manifest_2026-08-30.csv,True,kept_latest_create_time
102815339,2026-08-29 22:28:43.425837000,2867.33542,2807.072297,5734.670841,2,32078506,2026-08-30,/home/nk/Projects/data-mining/Chapter_4/Bai_3/output/manifest_snapshots/manifest_2026-08-30.csv,True,kept_latest_create_time
102391265,2026-08-29 09:48:31.238290300,2867.29398,2824.072067,5734.587959,2,30881847,2026-08-30,/home/nk/Projects/data-mining/Chapter_4/Bai_3/output/manifest_snapshots/manifest_2026-08-30.csv,True,kept_latest_create_time
102862084,2026-08-29 23:52:44.997044800,2866.750356,2843.27552,5733.500713,2,32195093,2026-08-30,/home/nk/Projects/data-mining/Chapter_4/Bai_3/output/manifest_snapshots/manifest_2026-08-30.csv,True,kept_latest_create_time
102266227,2026-08-29 06:04:33.752470600,2866.305249,2809.950459,5732.610497,2,32395095,2026-08-30,/home/nk/Projects/data-mining/Chapter_4/Bai_3/output/manifest_snapshots/manifest_2026-08-30.csv,True,kept_latest_create_time
102118731,2026-08-29 01:40:29.151502400,2866.23849,2844.157068,5732.47698,2,32190040,2026-08-30,/home/nk/Projects/data-mining/Chapter_4/Bai_3/output/manifest_snapshots/manifest_2026-08-30.csv,True,kept_latest_create_time
102837611,2026-08-29 23:08:39.616665100,2865.594501,2852.438667,5731.189001,2,32509499,2026-08-30,/home/nk/Projects/data-mining/Chapter_4/Bai_3/output/manifest_snapshots/manifest_2026-08-30.csv,True,kept_latest_create_time
102158975,2026-08-29 02:52:34.758370600,2865.041546,2826.890323,5730.083092,2,32392359,2026-08-30,/home/nk/Projects/data-mining/Chapter_4/Bai_3/output/manifest_snapshots/manifest_2026-08-30.csv,True,kept_latest_create_time
102755044,2026-08-29 20:40:39.318430100,2863.881402,2832.326157,5727.762804,2,32430612,2026-08-30,/home/nk/Projects/data-mining/Chapter_4/Bai_3/output/manifest_snapshots/manifest_2026-08-30.csv,True,kept_latest_create_time
102154496,2026-08-29 02:44:32.322403900,2863.817312,2820.848932,5727.634624,2,32383646,2026-08-30,/home/nk/Projects/data-mining/Chapter_4/Bai_3/output/manifest_snapshots/manifest_2026-08-30.csv,True,kept_latest_create_time
102112026,2026-08-29 01:28:32.327281200,2863.675399,2845.742652,5727.350798,2,31822034,2026-08-30,/home/nk/Projects/data-mining/Chapter_4/Bai_3/output/manifest_snapshots/manifest_2026-08-30.csv,True,kept_latest_create_time
102864190,2026-08-29 23:56:44.040619500,2863.557255,2833.236,5727.114509,2,32574388,2026-08-30,/home/nk/Projects/data-mining/Chapter_4/Bai_3/output/manifest_snapshots/manifest_2026-08-30.csv,True,kept_latest_create_time
102136602,2026-08-29 02:12:28.820717300,2863.153308,2814.828881,5726.306616,2,32406682,2026-08-30,/home/nk/Projects/data-mining/Chapter_4/Bai_3/output/manifest_snapshots/manifest_2026-08-30.csv,True,kept_latest_create_time
102746255,2026-08-29 20:24:39.402071900,2862.94716,2862.271159,5725.89432,2,32398223,2026-08-30,/home/nk/Projects/data-mining/Chapter_4/Bai_3/output/manifest_snapshots/manifest_2026-08-30.csv,True,kept_latest_create_time
102639129,2026-08-29 17:12:42.143036300,2862.675838,2836.513765,5725.351677,2,31384937,2026-08-30,/home/nk/Projects/data-mining/Chapter_4/Bai_3/output/manifest_snapshots/manifest_2026-08-30.csv,True,kept_latest_create_time
102703830,2026-08-29 19:08:38.319563900,2862.055444,2840.688423,5724.110889,2,31246788,2026-08-30,/home/nk/Projects/data-mining/Chapter_4/Bai_3/output/manifest_snapshots/manifest_2026-08-30.csv,True,kept_latest_create_time
102861956,2026-08-29 23:52:44.803309100,2861.700855,2837.043522,5723.401711,2,32519711,2026-08-30,/home/nk/Projects/data-mining/Chapter_4/Bai_3/output/manifest_snapshots/manifest_2026-08-30.csv,True,kept_latest_create_time
102109791,2026-08-29 01:24:29.646657500,2861.584837,2849.80523,5723.169674,2,32225170,2026-08-30,/home/nk/Projects/data-mining/Chapter_4/Bai_3/output/manifest_snapshots/manifest_2026-08-30.csv,True,kept_latest_create_time
102558593,2026-08-29 14:48:39.849887500,2861.152393,2826.984465,5722.304786,2,32693211,2026-08-30,/home/nk/Projects/data-mining/Chapter_4/Bai_3/output/manifest_snapshots/manifest_2026-08-30.csv,True,kept_latest_create_time
102857499,2026-08-29 23:44:44.680136600,2861.038883,2846.611552,5722.077765,2,32587311,2026-08-30,/home/nk/Projects/data-mining/Chapter_4/Bai_3/output/manifest_snapshots/manifest_2026-08-30.csv,True,kept_latest_create_time
102116499,2026-08-29 01:36:29.345590800,2858.171229,2835.235024,5716.342459,2,32241494,2026-08-30,/home/nk/Projects/data-mining/Chapter_4/Bai_3/output/manifest_snapshots/manifest_2026-08-30.csv,True,kept_latest_create_time
102156730,2026-08-29 02:48:34.226785900,2856.954653,2803.513369,5713.909305,2,32260389,2026-08-30,/home/nk/Projects/data-mining/Chapter_4/Bai_3/output/manifest_snapshots/manifest_2026-08-30.csv,True,kept_latest_create_time
102107558,2026-08-29 01:20:29.673779200,2856.248721,2848.083153,5712.497442,2,32274963,2026-08-30,/home/nk/Projects/data-mining/Chapter_4/Bai_3/output/manifest_snapshots/manifest_2026-08-30.csv,True,kept_latest_create_time
102123196,2026-08-29 01:48:30.769416700,2856.234659,2818.680225,5712.469319,2,32527499,2026-08-30,/home/nk/Projects/data-mining/Chapter_4/Bai_3/output/manifest_snapshots/manifest_2026-08-30.csv,True,kept_latest_create_time
102772992,2026-08-29 21:12:40.604899600,2856.211443,2845.491021,5712.422887,2,32518714,2026-08-30,/home/nk/Projects/data-mining/Chapter_4/Bai_3/output/manifest_snapshots/manifest_2026-08-30.csv,True,kept_latest_create_time
102841883,2026-08-29 23:16:44.163321400,2856.04872,2829.569863,5712.09744,2,32507084,2026-08-30,/home/nk/Projects/data-mining/Chapter_4/Bai_3/output/manifest_snapshots/manifest_2026-08-30.csv,True,kept_latest_create_time
102654680,2026-08-29 17:40:38.133564000,2854.338112,2836.019493,5708.676225,2,32258381,2026-08-30,/home/nk/Projects/data-mining/Chapter_4/Bai_3/output/manifest_snapshots/manifest_2026-08-30.csv,True,kept_latest_create_time
102717157,2026-08-29 19:32:35.025746000,2854.041652,2849.040997,5708.083304,2,32387925,2026-08-30,/home/nk/Projects/data-mining/Chapter_4/Bai_3/output/manifest_snapshots/manifest_2026-08-30.csv,True,kept_latest_create_time
102092108,2026-08-29 00:52:29.535770600,2853.556254,2826.976812,5707.112507,2,31817609,2026-08-30,/home/nk/Projects/data-mining/Chapter_4/Bai_3/output/manifest_snapshots/manifest_2026-08-30.csv,True,kept_latest_create_time
102560828,2026-08-29 14:52:38.303048100,2853.542775,2806.194434,5707.08555,2,32130400,2026-08-30,/home/nk/Projects/data-mining/Chapter_4/Bai_3/output/manifest_snapshots/manifest_2026-08-30.csv,True,kept_latest_create_time
102844112,2026-08-29 23:20:46.354334300,2852.119914,2824.859153,5704.239828,2,32507674,2026-08-30,/home/nk/Projects/data-mining/Chapter_4/Bai_3/output/manifest_snapshots/manifest_2026-08-30.csv,True,kept_latest_create_time
102708158,2026-08-29 19:16:34.873802400,2850.519833,2823.259442,5701.039666,2,30890162,2026-08-30,/home/nk/Projects/data-mining/Chapter_4/Bai_3/output/manifest_snapshots/manifest_2026-08-30.csv,True,kept_latest_create_time
102650212,2026-08-29 17:32:38.356492400,2845.436217,2818.003728,5690.872435,2,32253132,2026-08-30,/home/nk/Projects/data-mining/Chapter_4/Bai_3/output/manifest_snapshots/manifest_2026-08-30.csv,True,kept_latest_create_time
102659164,2026-08-29 17:48:39.112864000,2844.239873,2819.148351,5688.479747,2,31970059,2026-08-30,/home/nk/Projects/data-mining/Chapter_4/Bai_3/output/manifest_snapshots/manifest_2026-08-30.csv,True,kept_latest_create_time
102757368,2026-08-29 20:44:39.300347200,2843.194855,2818.390025,5686.38971,2,32533992,2026-08-30,/home/nk/Projects/data-mining/Chapter_4/Bai_3/output/manifest_snapshots/manifest_2026-08-30.csv,True,kept_latest_create_time
102096385,2026-08-29 01:00:29.839217800,2843.148864,2842.849198,5686.297728,2,32400186,2026-08-30,/home/nk/Projects/data-mining/Chapter_4/Bai_3/output/manifest_snapshots/manifest_2026-08-30.csv,True,kept_latest_create_time
102065292,2026-08-29 00:04:28.931841700,2842.747325,2754.598215,5685.49465,2,32283566,2026-08-30,/home/nk/Projects/data-mining/Chapter_4/Bai_3/output/manifest_snapshots/manifest_2026-08-30.csv,True,kept_latest_create_time
102100863,2026-08-29 01:08:34.602826900,2842.564476,2822.787934,5685.128952,2,32141118,2026-08-30,/home/nk/Projects/data-mining/Chapter_4/Bai_3/output/manifest_snapshots/manifest_2026-08-30.csv,True,kept_latest_create_time
102645751,2026-08-29 17:24:40.058481300,2842.059664,2823.142158,5684.119328,2,32447496,2026-08-30,/home/nk/Projects/data-mining/Chapter_4/Bai_3/output/manifest_snapshots/manifest_2026-08-30.csv,True,kept_latest_create_time
102714940,2026-08-29 19:28:38.348379200,2842.048529,2818.733028,5684.097057,2,32588305,2026-08-30,/home/nk/Projects/data-mining/Chapter_4/Bai_3/output/manifest_snapshots/manifest_2026-08-30.csv,True,kept_latest_create_time
102759575,2026-08-29 20:48:46.071106900,2840.857739,2809.707506,5681.715477,2,31009790,2026-08-30,/home/nk/Projects/data-mining/Chapter_4/Bai_3/output/manifest_snapshots/manifest_2026-08-30.csv,True,kept_latest_create_time
102574290,2026-08-29 15:16:37.328829700,2840.542869,2783.240957,5681.085739,2,31566230,2026-08-30,/home/nk/Projects/data-mining/Chapter_4/Bai_3/output/manifest_snapshots/manifest_2026-08-30.csv,True,kept_latest_create_time
102083124,2026-08-29 00:36:28.753781100,2840.323917,2826.577555,5680.647835,2,32325609,2026-08-30,/home/nk/Projects/data-mining/Chapter_4/Bai_3/output/manifest_snapshots/manifest_2026-08-30.csv,True,kept_latest_create_time
102663642,2026-08-29 17:56:36.214718300,2840.105467,2814.205788,5680.210933,2,32458971,2026-08-30,/home/nk/Projects/data-mining/Chapter_4/Bai_3/output/manifest_snapshots/manifest_2026-08-30.csv,True,kept_latest_create_time
102806428,2026-08-29 22:12:38.428087500,2839.637321,2803.233074,5679.274642,2,32589746,2026-08-30,/home/nk/Projects/data-mining/Chapter_4/Bai_3/output/manifest_snapshots/manifest_2026-08-30.csv,True,kept_latest_create_time
102719410,2026-08-29 19:36:38.160437800,2839.426782,2814.894496,5678.853563,2,32581171,2026-08-30,/home/nk/Projects/data-mining/Chapter_4/Bai_3/output/manifest_snapshots/manifest_2026-08-30.csv,True,kept_latest_create_time
102083125,2026-08-29 00:36:28.754377100,2838.504017,2828.878706,5677.008035,2,32449997,2026-08-30,/home/nk/Projects/data-mining/Chapter_4/Bai_3/output/manifest_snapshots/manifest_2026-08-30.csv,True,kept_latest_create_time
102636801,2026-08-29 17:08:35.723481100,2837.279285,2822.973016,5674.55857,2,31486361,2026-08-30,/home/nk/Projects/data-mining/Chapter_4/Bai_3/output/manifest_snapshots/manifest_2026-08-30.csv,True,kept_latest_create_time
102772965,2026-08-29 21:12:40.536992400,2836.919017,2801.89664,5673.838033,2,32587093,2026-08-30,/home/nk/Projects/data-mining/Chapter_4/Bai_3/output/manifest_snapshots/manifest_2026-08-30.csv,True,kept_latest_create_time
102279571,2026-08-29 06:28:36.529064500,2836.873729,2819.761756,5673.747458,2,31907017,2026-08-30,/home/nk/Projects/data-mining/Chapter_4/Bai_3/output/manifest_snapshots/manifest_2026-08-30.csv,True,kept_latest_create_time
102572045,2026-08-29 15:12:38.115567700,2836.839852,2780.197552,5673.679704,2,32601821,2026-08-30,/home/nk/Projects/data-mining/Chapter_4/Bai_3/output/manifest_snapshots/manifest_2026-08-30.csv,True,kept_latest_create_time
102248383,2026-08-29 05:32:32.474654900,2835.950468,2823.038186,5671.900936,2,32440307,2026-08-30,/home/nk/Projects/data-mining/Chapter_4/Bai_3/output/manifest_snapshots/manifest_2026-08-30.csv,True,kept_latest_create_time
102536407,2026-08-29 14:08:38.162972100,2835.385968,2827.345072,5670.771936,2,32138601,2026-08-30,/home/nk/Projects/data-mining/Chapter_4/Bai_3/output/manifest_snapshots/manifest_2026-08-30.csv,True,kept_latest_create_time
102710467,2026-08-29 19:20:37.742493100,2835.185529,2815.164029,5670.371059,2,32209190,2026-08-30,/home/nk/Projects/data-mining/Chapter_4/Bai_3/output/manifest_snapshots/manifest_2026-08-30.csv,True,kept_latest_create_time
102746112,2026-08-29 20:24:39.197462000,2835.086724,2806.965894,5670.173447,2,32564387,2026-08-30,/home/nk/Projects/data-mining/Chapter_4/Bai_3/output/manifest_snapshots/manifest_2026-08-30.csv,True,kept_latest_create_time
102817484,2026-08-29 22:32:37.748683600,2833.7712,2788.336806,5667.542399,2,32394129,2026-08-30,/home/nk/Projects/data-mining/Chapter_4/Bai_3/output/manifest_snapshots/manifest_2026-08-30.csv,True,kept_latest_create_time
102375638,2026-08-29 09:20:29.660768000,2833.056619,2813.74894,5666.113239,2,31709735,2026-08-30,/home/nk/Projects/data-mining/Chapter_4/Bai_3/output/manifest_snapshots/manifest_2026-08-30.csv,True,kept_latest_create_time
102426928,2026-08-29 10:52:29.019753900,2833.056619,2818.894159,5666.113239,2,32060526,2026-08-30,/home/nk/Projects/data-mining/Chapter_4/Bai_3/output/manifest_snapshots/manifest_2026-08-30.csv,True,kept_latest_create_time
102630182,2026-08-29 16:56:31.657960800,2832.32993,2827.16824,5664.65986,2,32399275,2026-08-30,/home/nk/Projects/data-mining/Chapter_4/Bai_3/output/manifest_snapshots/manifest_2026-08-30.csv,True,kept_latest_create_time
102098619,2026-08-29 01:04:29.540544600,2831.422189,2810.119907,5662.844377,2,32211581,2026-08-30,/home/nk/Projects/data-mining/Chapter_4/Bai_3/output/manifest_snapshots/manifest_2026-08-30.csv,True,kept_latest_create_time
102228276,2026-08-29 04:56:28.841744400,2831.421089,2803.604483,5662.842178,2,32473861,2026-08-30,/home/nk/Projects/data-mining/Chapter_4/Bai_3/output/manifest_snapshots/manifest_2026-08-30.csv,True,kept_latest_create_time
102342115,2026-08-29 08:20:29.102443200,2831.355468,2817.837232,5662.710936,2,32279258,2026-08-30,/home/nk/Projects/data-mining/Chapter_4/Bai_3/output/manifest_snapshots/manifest_2026-08-30.csv,True,kept_latest_create_time
102076547,2026-08-29 00:24:29.950223400,2830.277946,2821.447327,5660.555891,2,32276420,2026-08-30,/home/nk/Projects/data-mining/Chapter_4/Bai_3/output/manifest_snapshots/manifest_2026-08-30.csv,True,kept_latest_create_time
102656923,2026-08-29 17:44:36.362006200,2829.740707,2795.861062,5659.481414,2,31940136,2026-08-30,/home/nk/Projects/data-mining/Chapter_4/Bai_3/output/manifest_snapshots/manifest_2026-08-30.csv,True,kept_latest_create_time
102839880,2026-08-29 23:12:42.348382300,2829.73876,2812.334995,5659.47752,2,32119138,2026-08-30,/home/nk/Projects/data-mining/Chapter_4/Bai_3/output/manifest_snapshots/manifest_2026-08-30.csv,True,kept_latest_create_time
102739439,2026-08-29 20:12:40.193408500,2829.717525,2815.379552,5659.43505,2,31737372,2026-08-30,/home/nk/Projects/data-mining/Chapter_4/Bai_3/output/manifest_snapshots/manifest_2026-08-30.csv,True,kept_latest_create_time
102712705,2026-08-29 19:24:35.714108300,2829.330564,2798.482351,5658.661129,2,32560272,2026-08-30,/home/nk/Projects/data-mining/Chapter_4/Bai_3/output/manifest_snapshots/manifest_2026-08-30.csv,True,kept_latest_create_time
102326537,2026-08-29 07:52:29.218842200,2829.249219,2800.802078,5658.498439,2,32215749,2026-08-30,/home/nk/Projects/data-mining/Chapter_4/Bai_3/output/manifest_snapshots/manifest_2026-08-30.csv,True,kept_latest_create_time
102210423,2026-08-29 04:24:32.621074500,2828.629461,2823.542203,5657.258922,2,32277595,2026-08-30,/home/nk/Projects/data-mining/Chapter_4/Bai_3/output/manifest_snapshots/manifest_2026-08-30.csv,True,kept_latest_create_time
102125420,2026-08-29 01:52:28.853863200,2828.563804,2759.130938,5657.127607,2,31653918,2026-08-30,/home/nk/Projects/data-mining/Chapter_4/Bai_3/output/manifest_snapshots/manifest_2026-08-30.csv,True,kept_latest_create_time
102500674,2026-08-29 13:04:34.466963000,2828.545417,2809.703571,5657.090835,2,32569547,2026-08-30,/home/nk/Projects/data-mining/Chapter_4/Bai_3/output/manifest_snapshots/manifest_2026-08-30.csv,True,kept_latest_create_time
102752874,2026-08-29 20:36:40.177409200,2828.40152,2818.492784,5656.803041,2,32660597,2026-08-30,/home/nk/Projects/data-mining/Chapter_4/Bai_3/output/manifest_snapshots/manifest_2026-08-30.csv,True,kept_latest_create_time
102859728,2026-08-29 23:48:51.828328600,2828.122881,2815.144138,5656.245762,2,32245752,2026-08-30,/home/nk/Projects/data-mining/Chapter_4/Bai_3/output/manifest_snapshots/manifest_2026-08-30.csv,True,kept_latest_create_time
102734983,2026-08-29 20:04:37.545474400,2828.074699,2799.055779,5656.149398,2,32473152,2026-08-30,/home/nk/Projects/data-mining/Chapter_4/Bai_3/output/manifest_snapshots/manifest_2026-08-30.csv,True,kept_latest_create_time
102703759,2026-08-29 19:08:38.214166200,2827.999518,2822.611099,5655.999035,2,32570514,2026-08-30,/home/nk/Projects/data-mining/Chapter_4/Bai_3/output/manifest_snapshots/manifest_2026-08-30.csv,True,kept_latest_create_time
102094145,2026-08-29 00:56:29.614781700,2827.491976,2824.315079,5654.983952,2,32402244,2026-08-30,/home/nk/Projects/data-mining/Chapter_4/Bai_3/output/manifest_snapshots/manifest_2026-08-30.csv,True,kept_latest_create_time
102618963,2026-08-29 16:36:37.311951500,2826.855998,2822.068199,5653.711995,2,32257282,2026-08-30,/home/nk/Projects/data-mining/Chapter_4/Bai_3/output/manifest_snapshots/manifest_2026-08-30.csv,True,kept_latest_create_time
102761738,2026-08-29 20:52:40.458926000,2826.187818,2805.739951,5652.375636,2,32577661,2026-08-30,/home/nk/Projects/data-mining/Chapter_4/Bai_3/output/manifest_snapshots/manifest_2026-08-30.csv,True,kept_latest_create_time
102634641,2026-08-29 17:04:36.941983100,2826.063449,2815.532316,5652.126898,2,32510486,2026-08-30,/home/nk/Projects/data-mining/Chapter_4/Bai_3/output/manifest_snapshots/manifest_2026-08-30.csv,True,kept_latest_create_time
102632412,2026-08-29 17:00:33.843135500,2825.308814,2819.826419,5650.617628,2,32521578,2026-08-30,/home/nk/Projects/data-mining/Chapter_4/Bai_3/output/manifest_snapshots/manifest_2026-08-30.csv,True,kept_latest_create_time
102806355,2026-08-29 22:12:38.330145600,2824.983687,2806.701272,5649.967374,2,32567568,2026-08-30,/home/nk/Projects/data-mining/Chapter_4/Bai_3/output/manifest_snapshots/manifest_2026-08-30.csv,True,kept_latest_create_time
102839652,2026-08-29 23:12:41.939166300,2824.669332,2814.933348,5649.338664,2,32384931,2026-08-30,/home/nk/Projects/data-mining/Chapter_4/Bai_3/output/manifest_snapshots/manifest_2026-08-30.csv,True,kept_latest_create_time
102103307,2026-08-29 01:12:35.050870400,2824.614235,2806.094067,5649.228471,2,30954932,2026-08-30,/home/nk/Projects/data-mining/Chapter_4/Bai_3/output/manifest_snapshots/manifest_2026-08-30.csv,True,kept_latest_create_time
102647987,2026-08-29 17:28:41.147681300,2824.27171,2781.927787,5648.543421,2,31085088,2026-08-30,/home/nk/Projects/data-mining/Chapter_4/Bai_3/output/manifest_snapshots/manifest_2026-08-30.csv,True,kept_latest_create_time
102661404,2026-08-29 17:52:35.548197200,2824.256897,2787.903786,5648.513795,2,31249495,2026-08-30,/home/nk/Projects/data-mining/Chapter_4/Bai_3/output/manifest_snapshots/manifest_2026-08-30.csv,True,kept_latest_create_time
102737240,2026-08-29 20:08:39.968408100,2824.177944,2810.694427,5648.355888,2,32578166,2026-08-30,/home/nk/Projects/data-mining/Chapter_4/Bai_3/output/manifest_snapshots/manifest_2026-08-30.csv,True,kept_latest_create_time
102540675,2026-08-29 14:16:31.942365900,2823.898932,2769.269776,5647.797864,2,32608746,2026-08-30,/home/nk/Projects/data-mining/Chapter_4/Bai_3/output/manifest_snapshots/manifest_2026-08-30.csv,True,kept_latest_create_time
102603273,2026-08-29 16:08:41.428226500,2823.396849,2820.733535,5646.793698,2,32004987,2026-08-30,/home/nk/Projects/data-mining/Chapter_4/Bai_3/output/manifest_snapshots/manifest_2026-08-30.csv,True,kept_latest_create_time
102768450,2026-08-29 21:04:39.497499300,2823.203321,2796.051708,5646.406642,2,32633334,2026-08-30,/home/nk/Projects/data-mining/Chapter_4/Bai_3/output/manifest_snapshots/manifest_2026-08-30.csv,True,kept_latest_create_time
102143350,2026-08-29 02:24:30.408376300,2823.042582,2801.742622,5646.085164,2,32446780,2026-08-30,/home/nk/Projects/data-mining/Chapter_4/Bai_3/output/manifest_snapshots/manifest_2026-08-30.csv,True,kept_latest_create_time
102297452,2026-08-29 07:00:32.824705800,2822.867065,2793.198646,5645.734129,2,31382595,2026-08-30,/home/nk/Projects/data-mining/Chapter_4/Bai_3/output/manifest_snapshots/manifest_2026-08-30.csv,True,kept_latest_create_time
102853086,2026-08-29 23:36:47.951115400,2822.523004,2808.170828,5645.046008,2,31876565,2026-08-30,/home/nk/Projects/data-mining/Chapter_4/Bai_3/output/manifest_snapshots/manifest_2026-08-30.csv,True,kept_latest_create_time
102668107,2026-08-29 18:04:36.032495300,2821.607757,2777.527002,5643.215515,2,32573353,2026-08-30,/home/nk/Projects/data-mining/Chapter_4/Bai_3/output/manifest_snapshots/manifest_2026-08-30.csv,True,kept_latest_create_time
102726198,2026-08-29 19:48:38.243138600,2821.555422,2780.138223,5643.110844,2,32567818,2026-08-30,/home/nk/Projects/data-mining/Chapter_4/Bai_3/output/manifest_snapshots/manifest_2026-08-30.csv,True,kept_latest_create_time
102201436,2026-08-29 04:08:34.232672700,2821.449665,2798.245785,5642.899331,2,30824534,2026-08-30,/home/nk/Projects/data-mining/Chapter_4/Bai_3/output/manifest_snapshots/manifest_2026-08-30.csv,True,kept_latest_create_time
102810744,2026-08-29 22:20:38.334688500,2821.396724,2766.791309,5642.793447,2,32236593,2026-08-30,/home/nk/Projects/data-mining/Chapter_4/Bai_3/output/manifest_snapshots/manifest_2026-08-30.csv,True,kept_latest_create_time
102821961,2026-08-29 22:40:38.341590600,2821.027183,2794.85055,5642.054366,2,32567243,2026-08-30,/home/nk/Projects/data-mining/Chapter_4/Bai_3/output/manifest_snapshots/manifest_2026-08-30.csv,True,kept_latest_create_time
102779701,2026-08-29 21:24:39.831537900,2820.983136,2792.344905,5641.966271,2,32625025,2026-08-30,/home/nk/Projects/data-mining/Chapter_4/Bai_3/output/manifest_snapshots/manifest_2026-08-30.csv,True,kept_latest_create_time
102832962,2026-08-29 23:00:38.520379100,2820.770892,2809.941955,5641.541783,2,32653119,2026-08-30,/home/nk/Projects/data-mining/Chapter_4/Bai_3/output/manifest_snapshots/manifest_2026-08-30.csv,True,kept_latest_create_time
102594329,2026-08-29 15:52:51.920648900,2820.737958,2805.010827,5641.475915,2,32390022,2026-08-30,/home/nk/Projects/data-mining/Chapter_4/Bai_3/output/manifest_snapshots/manifest_2026-08-30.csv,True,kept_latest_create_time
102757272,2026-08-29 20:44:39.154345800,2820.720013,2803.935253,5641.440025,2,32525362,2026-08-30,/home/nk/Projects/data-mining/Chapter_4/Bai_3/output/manifest_snapshots/manifest_2026-08-30.csv,True,kept_latest_create_time
102533949,2026-08-29 14:04:37.646624400,2820.711846,2784.431489,5641.423692,2,31604424,2026-08-30,/home/nk/Projects/data-mining/Chapter_4/Bai_3/output/manifest_snapshots/manifest_2026-08-30.csv,True,kept_latest_create_time
102641270,2026-08-29 17:16:37.052821900,2820.699676,2793.345042,5641.399352,2,32433398,2026-08-30,/home/nk/Projects/data-mining/Chapter_4/Bai_3/output/manifest_snapshots/manifest_2026-08-30.csv,True,kept_latest_create_time
102297453,2026-08-29 07:00:32.826166400,2820.310493,2813.180627,5640.620986,2,32260442,2026-08-30,/home/nk/Projects/data-mining/Chapter_4/Bai_3/output/manifest_snapshots/manifest_2026-08-30.csv,True,kept_latest_create_time
102701514,2026-08-29 19:04:35.215868000,2819.547862,2806.80273,5639.095724,2,32588390,2026-08-30,/home/nk/Projects/data-mining/Chapter_4/Bai_3/output/manifest_snapshots/manifest_2026-08-30.csv,True,kept_latest_create_time
102721638,2026-08-29 19:40:35.026894800,2819.540244,2771.200541,5639.080488,2,30858386,2026-08-30,/home/nk/Projects/data-mining/Chapter_4/Bai_3/output/manifest_snapshots/manifest_2026-08-30.csv,True,kept_latest_create_time
102141112,2026-08-29 02:20:29.554871600,2819.50848,2806.018523,5639.01696,2,32433872,2026-08-30,/home/nk/Projects/data-mining/Chapter_4/Bai_3/output/manifest_snapshots/manifest_2026-08-30.csv,True,kept_latest_create_time
102607749,2026-08-29 16:16:45.559465300,2819.279125,2802.110125,5638.558249,2,32229413,2026-08-30,/home/nk/Projects/data-mining/Chapter_4/Bai_3/output/manifest_snapshots/manifest_2026-08-30.csv,True,kept_latest_create_time
102536198,2026-08-29 14:08:37.757514200,2818.763962,2772.492218,5637.527923,2,32806234,2026-08-30,/home/nk/Projects/data-mining/Chapter_4/Bai_3/output/manifest_snapshots/manifest_2026-08-30.csv,True,kept_latest_create_time
102752857,2026-08-29 20:36:40.139218200,2818.404194,2799.805622,5636.808388,2,32684297,2026-08-30,/home/nk/Projects/data-mining/Chapter_4/Bai_3/output/manifest_snapshots/manifest_2026-08-30.csv,True,kept_latest_create_time
102179150,2026-08-29 03:28:31.276676200,2818.340297,2808.667125,5636.680594,2,32437211,2026-08-30,/home/nk/Projects/data-mining/Chapter_4/Bai_3/output/manifest_snapshots/manifest_2026-08-30.csv,True,kept_latest_create_time
102784102,2026-08-29 21:32:37.969273500,2818.310562,2815.174299,5636.621124,2,31893935,2026-08-30,/home/nk/Projects/data-mining/Chapter_4/Bai_3/output/manifest_snapshots/manifest_2026-08-30.csv,True,kept_latest_create_time
102639027,2026-08-29 17:12:41.974276900,2818.16649,2795.234228,5636.33298,2,32241377,2026-08-30,/home/nk/Projects/data-mining/Chapter_4/Bai_3/output/manifest_snapshots/manifest_2026-08-30.csv,True,kept_latest_create_time
102103096,2026-08-29 01:12:34.741370400,2818.101072,2766.793126,5636.202145,2,31575673,2026-08-30,/home/nk/Projects/data-mining/Chapter_4/Bai_3/output/manifest_snapshots/manifest_2026-08-30.csv,True,kept_latest_create_time
102531712,2026-08-29 14:00:36.059452800,2818.067135,2788.259114,5636.13427,2,31450091,2026-08-30,/home/nk/Projects/data-mining/Chapter_4/Bai_3/output/manifest_snapshots/manifest_2026-08-30.csv,True,kept_latest_create_time
102605518,2026-08-29 16:12:40.099224400,2817.426571,2805.965148,5634.853141,2,32387933,2026-08-30,/home/nk/Projects/data-mining/Chapter_4/Bai_3/output/manifest_snapshots/manifest_2026-08-30.csv,True,kept_latest_create_time
102444817,2026-08-29 11:24:30.237945100,2816.740697,2780.778976,5633.481395,2,32446084,2026-08-30,/home/nk/Projects/data-mining/Chapter_4/Bai_3/output/manifest_snapshots/manifest_2026-08-30.csv,True,kept_latest_create_time
102067613,2026-08-29 00:08:30.931021300,2816.573065,2809.250173,5633.146131,2,32439751,2026-08-30,/home/nk/Projects/data-mining/Chapter_4/Bai_3/output/manifest_snapshots/manifest_2026-08-30.csv,True,kept_latest_create_time
102699387,2026-08-29 19:00:35.338775400,2815.448105,2811.027447,5630.896209,2,32686837,2026-08-30,/home/nk/Projects/data-mining/Chapter_4/Bai_3/output/manifest_snapshots/manifest_2026-08-30.csv,True,kept_latest_create_time
102549641,2026-08-29 14:32:31.223539200,2815.390874,2752.367398,5630.781748,2,32364927,2026-08-30,/home/nk/Projects/data-mining/Chapter_4/Bai_3/output/manifest_snapshots/manifest_2026-08-30.csv,True,kept_latest_create_time
102623371,2026-08-29 16:44:29.922219100,2814.700101,2802.2474,5629.400203,2,32075384,2026-08-30,/home/nk/Projects/data-mining/Chapter_4/Bai_3/output/manifest_snapshots/manifest_2026-08-30.csv,True,kept_latest_create_time
102634560,2026-08-29 17:04:36.718350500,2814.281433,2785.231738,5628.562866,2,31287461,2026-08-30,/home/nk/Projects/data-mining/Chapter_4/Bai_3/output/manifest_snapshots/manifest_2026-08-30.csv,True,kept_latest_create_time
102835195,2026-08-29 23:04:37.434294400,2813.929253,2790.961006,5627.858505,2,32525863,2026-08-30,/home/nk/Projects/data-mining/Chapter_4/Bai_3/output/manifest_snapshots/manifest_2026-08-30.csv,True,kept_latest_create_time
102717309,2026-08-29 19:32:35.245752900,2813.711459,2774.502456,5627.422917,2,32429161,2026-08-30,/home/nk/Projects/data-mining/Chapter_4/Bai_3/output/manifest_snapshots/manifest_2026-08-30.csv,True,kept_latest_create_time
102217095,2026-08-29 04:36:34.583096900,2813.625793,2813.191947,5627.251586,2,32435882,2026-08-30,/home/nk/Projects/data-mining/Chapter_4/Bai_3/output/manifest_snapshots/manifest_2026-08-30.csv,True,kept_latest_create_time
102741660,2026-08-29 20:16:41.253676500,2812.576193,2775.908812,5625.152385,2,32695490,2026-08-30,/home/nk/Projects/data-mining/Chapter_4/Bai_3/output/manifest_snapshots/manifest_2026-08-30.csv,True,kept_latest_create_time
102556518,2026-08-29 14:44:36.139801300,2812.414025,2783.142776,5624.82805,2,32567220,2026-08-30,/home/nk/Projects/data-mining/Chapter_4/Bai_3/output/manifest_snapshots/manifest_2026-08-30.csv,True,kept_latest_create_time
102266222,2026-08-29 06:04:33.747396500,2812.005049,2809.500334,5624.010097,2,32281657,2026-08-30,/home/nk/Projects/data-mining/Chapter_4/Bai_3/output/manifest_snapshots/manifest_2026-08-30.csv,True,kept_latest_create_time
102717146,2026-08-29 19:32:35.012909600,2811.932683,2804.239606,5623.865365,2,32531310,2026-08-30,/home/nk/Projects/data-mining/Chapter_4/Bai_3/output/manifest_snapshots/manifest_2026-08-30.csv,True,kept_latest_create_time
102614467,2026-08-29 16:28:42.340773200,2811.878637,2808.773127,5623.757275,2,32509848,2026-08-30,/home/nk/Projects/data-mining/Chapter_4/Bai_3/output/manifest_snapshots/manifest_2026-08-30.csv,True,kept_latest_create_time
102824043,2026-08-29 22:44:40.122649300,2811.743554,2809.260261,5623.487108,2,32237199,2026-08-30,/home/nk/Projects/data-mining/Chapter_4/Bai_3/output/manifest_snapshots/manifest_2026-08-30.csv,True,kept_latest_create_time
102712637,2026-08-29 19:24:35.611905900,2811.467393,2803.383911,5622.934787,2,32136655,2026-08-30,/home/nk/Projects/data-mining/Chapter_4/Bai_3/output/manifest_snapshots/manifest_2026-08-30.csv,True,kept_latest_create_time
102203688,2026-08-29 04:12:31.624084500,2810.94153,2803.163027,5621.88306,2,31365599,2026-08-30,/home/nk/Projects/data-mining/Chapter_4/Bai_3/output/manifest_snapshots/manifest_2026-08-30.csv,True,kept_latest_create_time
102520774,2026-08-29 13:40:31.432163300,2810.723188,2809.354606,5621.446375,2,32560874,2026-08-30,/home/nk/Projects/data-mining/Chapter_4/Bai_3/output/manifest_snapshots/manifest_2026-08-30.csv,True,kept_latest_create_time
102781914,2026-08-29 21:28:45.703347600,2810.559752,2801.40577,5621.119503,2,32071420,2026-08-30,/home/nk/Projects/data-mining/Chapter_4/Bai_3/output/manifest_snapshots/manifest_2026-08-30.csv,True,kept_latest_create_time
102125611,2026-08-29 01:52:29.197594500,2810.548433,2779.345378,5621.096865,2,32432046,2026-08-30,/home/nk/Projects/data-mining/Chapter_4/Bai_3/output/manifest_snapshots/manifest_2026-08-30.csv,True,kept_latest_create_time
102609979,2026-08-29 16:20:37.554662800,2810.356234,2793.701131,5620.712467,2,32244948,2026-08-30,/home/nk/Projects/data-mining/Chapter_4/Bai_3/output/manifest_snapshots/manifest_2026-08-30.csv,True,kept_latest_create_time
102266223,2026-08-29 06:04:33.748809700,2810.1169,2802.650999,5620.233799,2,31133515,2026-08-30,/home/nk/Projects/data-mining/Chapter_4/Bai_3/output/manifest_snapshots/manifest_2026-08-30.csv,True,kept_latest_create_time
102730501,2026-08-29 19:56:34.155339900,2809.838256,2798.794109,5619.676512,2,32622106,2026-08-30,/home/nk/Projects/data-mining/Chapter_4/Bai_3/output/manifest_snapshots/manifest_2026-08-30.csv,True,kept_latest_create_time
102529476,2026-08-29 13:56:34.380213300,2809.793516,2781.743546,5619.587031,2,32436264,2026-08-30,/home/nk/Projects/data-mining/Chapter_4/Bai_3/output/manifest_snapshots/manifest_2026-08-30.csv,True,kept_latest_create_time
102855265,2026-08-29 23:40:45.070729900,2809.76095,2778.585466,5619.521901,2,32278056,2026-08-30,/home/nk/Projects/data-mining/Chapter_4/Bai_3/output/manifest_snapshots/manifest_2026-08-30.csv,True,kept_latest_create_time
102817346,2026-08-29 22:32:37.533543200,2809.685595,2809.608415,5619.37119,2,32657609,2026-08-30,/home/nk/Projects/data-mining/Chapter_4/Bai_3/output/manifest_snapshots/manifest_2026-08-30.csv,True,kept_latest_create_time
102643517,2026-08-29 17:20:38.202264400,2809.539063,2765.163122,5619.078126,2,32428896,2026-08-30,/home/nk/Projects/data-mining/Chapter_4/Bai_3/output/manifest_snapshots/manifest_2026-08-30.csv,True,kept_latest_create_time
102556497,2026-08-29 14:44:36.116904000,2809.446846,2781.132865,5618.893693,2,32062283,2026-08-30,/home/nk/Projects/data-mining/Chapter_4/Bai_3/output/manifest_snapshots/manifest_2026-08-30.csv,True,kept_latest_create_time
102627851,2026-08-29 16:52:32.114538800,2809.128285,2797.105066,5618.25657,2,32432045,2026-08-30,/home/nk/Projects/data-mining/Chapter_4/Bai_3/output/manifest_snapshots/manifest_2026-08-30.csv,True,kept_latest_create_time
102750607,2026-08-29 20:32:39.235149200,2808.907592,2805.407661,5617.815184,2,32541112,2026-08-30,/home/nk/Projects/data-mining/Chapter_4/Bai_3/output/manifest_snapshots/manifest_2026-08-30.csv,True,kept_latest_create_time
102659194,2026-08-29 17:48:39.147105000,2808.845616,2777.297041,5617.691231,2,32244052,2026-08-30,/home/nk/Projects/data-mining/Chapter_4/Bai_3/output/manifest_snapshots/manifest_2026-08-30.csv,True,kept_latest_create_time
102621196,2026-08-29 16:40:33.902724600,2808.782886,2789.253754,5617.565772,2,32093609,2026-08-30,/home/nk/Projects/data-mining/Chapter_4/Bai_3/output/manifest_snapshots/manifest_2026-08-30.csv,True,kept_latest_create_time
102748357,2026-08-29 20:28:41.663805000,2808.534143,2762.703363,5617.068287,2,32413810,2026-08-30,/home/nk/Projects/data-mining/Chapter_4/Bai_3/output/manifest_snapshots/manifest_2026-08-30.csv,True,kept_latest_create_time
102850789,2026-08-29 23:32:49.319594000,2808.245855,2784.363351,5616.491711,2,32676928,2026-08-30,/home/nk/Projects/data-mining/Chapter_4/Bai_3/output/manifest_snapshots/manifest_2026-08-30.csv,True,kept_latest_create_time
102393491,2026-08-29 09:52:30.861324200,2808.112376,2767.002657,5616.224751,2,32439155,2026-08-30,/home/nk/Projects/data-mining/Chapter_4/Bai_3/output/manifest_snapshots/manifest_2026-08-30.csv,True,kept_latest_create_time
102848672,2026-08-29 23:28:51.943758100,2807.93622,2788.220297,5615.87244,2,32411627,2026-08-30,/home/nk/Projects/data-mining/Chapter_4/Bai_3/output/manifest_snapshots/manifest_2026-08-30.csv,True,kept_latest_create_time
102589865,2026-08-29 15:44:48.570170900,2807.445026,2804.652443,5614.890051,2,32389744,2026-08-30,/home/nk/Projects/data-mining/Chapter_4/Bai_3/output/manifest_snapshots/manifest_2026-08-30.csv,True,kept_latest_create_time
102259500,2026-08-29 05:52:32.342773800,2807.421276,2777.4621,5614.842552,2,32427181,2026-08-30,/home/nk/Projects/data-mining/Chapter_4/Bai_3/output/manifest_snapshots/manifest_2026-08-30.csv,True,kept_latest_create_time
102795242,2026-08-29 21:52:40.823959200,2807.068674,2788.324795,5614.137348,2,32383675,2026-08-30,/home/nk/Projects/data-mining/Chapter_4/Bai_3/output/manifest_snapshots/manifest_2026-08-30.csv,True,kept_latest_create_time
102538447,2026-08-29 14:12:32.511127900,2806.623105,2741.690853,5613.24621,2,32108797,2026-08-30,/home/nk/Projects/data-mining/Chapter_4/Bai_3/output/manifest_snapshots/manifest_2026-08-30.csv,True,kept_latest_create_time
102105333,2026-08-29 01:16:30.241926000,2806.176326,2737.160859,5612.352652,2,32304075,2026-08-30,/home/nk/Projects/data-mining/Chapter_4/Bai_3/output/manifest_snapshots/manifest_2026-08-30.csv,True,kept_latest_create_time
102623515,2026-08-29 16:44:30.157627800,2805.350204,2788.942365,5610.700409,2,31323290,2026-08-30,/home/nk/Projects/data-mining/Chapter_4/Bai_3/output/manifest_snapshots/manifest_2026-08-30.csv,True,kept_latest_create_time
102623443,2026-08-29 16:44:30.047980000,2805.216448,2776.474468,5610.432896,2,32195373,2026-08-30,/home/nk/Projects/data-mining/Chapter_4/Bai_3/output/manifest_snapshots/manifest_2026-08-30.csv,True,kept_latest_create_time
102346578,2026-08-29 08:28:30.445543000,2805.043359,2801.66984,5610.086718,2,32435388,2026-08-30,/home/nk/Projects/data-mining/Chapter_4/Bai_3/output/manifest_snapshots/manifest_2026-08-30.csv,True,kept_latest_create_time
102636882,2026-08-29 17:08:35.858660800,2805.03547,2780.773721,5610.07094,2,32389632,2026-08-30,/home/nk/Projects/data-mining/Chapter_4/Bai_3/output/manifest_snapshots/manifest_2026-08-30.csv,True,kept_latest_create_time
102759503,2026-08-29 20:48:45.956474200,2804.879952,2767.962818,5609.759905,2,31320542,2026-08-30,/home/nk/Projects/data-mining/Chapter_4/Bai_3/output/manifest_snapshots/manifest_2026-08-30.csv,True,kept_latest_create_time
102145702,2026-08-29 02:28:32.117111400,2804.834045,2803.031233,5609.668091,2,32466628,2026-08-30,/home/nk/Projects/data-mining/Chapter_4/Bai_3/output/manifest_snapshots/manifest_2026-08-30.csv,True,kept_latest_create_time
102134417,2026-08-29 02:08:32.928703600,2804.626659,2791.297997,5609.253318,2,32459279,2026-08-30,/home/nk/Projects/data-mining/Chapter_4/Bai_3/output/manifest_snapshots/manifest_2026-08-30.csv,True,kept_latest_create_time
102766192,2026-08-29 21:00:41.809276500,2804.522494,2763.026294,5609.044987,2,32408613,2026-08-30,/home/nk/Projects/data-mining/Chapter_4/Bai_3/output/manifest_snapshots/manifest_2026-08-30.csv,True,kept_latest_create_time
102790860,2026-08-29 21:44:41.016526200,2804.221363,2759.558935,5608.442727,2,31272360,2026-08-30,/home/nk/Projects/data-mining/Chapter_4/Bai_3/output/manifest_snapshots/manifest_2026-08-30.csv,True,kept_latest_create_time
102654721,2026-08-29 17:40:38.198045800,2803.675195,2777.876276,5607.350391,2,32517399,2026-08-30,/home/nk/Projects/data-mining/Chapter_4/Bai_3/output/manifest_snapshots/manifest_2026-08-30.csv,True,kept_latest_create_time
102719342,2026-08-29 19:36:37.961473600,2803.423054,2796.244594,5606.846108,2,32218531,2026-08-30,/home/nk/Projects/data-mining/Chapter_4/Bai_3/output/manifest_snapshots/manifest_2026-08-30.csv,True,kept_latest_create_time
102618875,2026-08-29 16:36:37.141157500,2803.403269,2801.364454,5606.806539,2,32432034,2026-08-30,/home/nk/Projects/data-mining/Chapter_4/Bai_3/output/manifest_snapshots/manifest_2026-08-30.csv,True,kept_latest_create_time
102857617,2026-08-29 23:44:44.857875800,2802.947177,2795.854032,5605.894353,2,32530550,2026-08-30,/home/nk/Projects/data-mining/Chapter_4/Bai_3/output/manifest_snapshots/manifest_2026-08-30.csv,True,kept_latest_create_time
102598799,2026-08-29 16:00:52.035496400,2802.724662,2783.715944,5605.449323,2,31236037,2026-08-30,/home/nk/Projects/data-mining/Chapter_4/Bai_3/output/manifest_snapshots/manifest_2026-08-30.csv,True,kept_latest_create_time
102627934,2026-08-29 16:52:32.249788500,2802.700605,2774.248827,5605.40121,2,32248686,2026-08-30,/home/nk/Projects/data-mining/Chapter_4/Bai_3/output/manifest_snapshots/manifest_2026-08-30.csv,True,kept_latest_create_time
102723802,2026-08-29 19:44:35.386727800,2802.666024,2798.43501,5605.332048,2,32375419,2026-08-30,/home/nk/Projects/data-mining/Chapter_4/Bai_3/output/manifest_snapshots/manifest_2026-08-30.csv,True,kept_latest_create_time
102828506,2026-08-29 22:52:40.603361700,2802.301692,2784.286673,5604.603384,2,32567218,2026-08-30,/home/nk/Projects/data-mining/Chapter_4/Bai_3/output/manifest_snapshots/manifest_2026-08-30.csv,True,kept_latest_create_time
102625691,2026-08-29 16:48:34.735927700,2801.867971,2777.967481,5603.735942,2,32512974,2026-08-30,/home/nk/Projects/data-mining/Chapter_4/Bai_3/output/manifest_snapshots/manifest_2026-08-30.csv,True,kept_latest_create_time
102703684,2026-08-29 19:08:38.086577700,2801.811561,2801.497789,5603.623121,2,32383029,2026-08-30,/home/nk/Projects/data-mining/Chapter_4/Bai_3/output/manifest_snapshots/manifest_2026-08-30.csv,True,kept_latest_create_time
102848577,2026-08-29 23:28:51.783139000,2801.64036,2780.346498,5603.28072,2,32574326,2026-08-30,/home/nk/Projects/data-mining/Chapter_4/Bai_3/output/manifest_snapshots/manifest_2026-08-30.csv,True,kept_latest_create_time
102726057,2026-08-29 19:48:38.026059000,2801.316922,2799.557064,5602.633844,2,32363822,2026-08-30,/home/nk/Projects/data-mining/Chapter_4/Bai_3/output/manifest_snapshots/manifest_2026-08-30.csv,True,kept_latest_create_time
102125461,2026-08-29 01:52:28.919632100,2801.101754,2784.647275,5602.203507,2,32453266,2026-08-30,/home/nk/Projects/data-mining/Chapter_4/Bai_3/output/manifest_snapshots/manifest_2026-08-30.csv,True,kept_latest_create_time
102728271,2026-08-29 19:52:35.439145800,2800.631787,2787.615127,5601.263574,2,32418534,2026-08-30,/home/nk/Projects/data-mining/Chapter_4/Bai_3/output/manifest_snapshots/manifest_2026-08-30.csv,True,kept_latest_create_time
102306309,2026-08-29 07:16:29.069797100,2800.580137,2779.133833,5601.160274,2,32392968,2026-08-30,/home/nk/Projects/data-mining/Chapter_4/Bai_3/output/manifest_snapshots/manifest_2026-08-30.csv,True,kept_latest_create_time
102806373,2026-08-29 22:12:38.351384300,2800.298145,2780.496218,5600.59629,2,32525798,2026-08-30,/home/nk/Projects/data-mining/Chapter_4/Bai_3/output/manifest_snapshots/manifest_2026-08-30.csv,True,kept_latest_create_time
102815113,2026-08-29 22:28:43.070894200,2800.287884,2798.632961,5600.575767,2,32439724,2026-08-30,/home/nk/Projects/data-mining/Chapter_4/Bai_3/output/manifest_snapshots/manifest_2026-08-30.csv,True,kept_latest_create_time
102083134,2026-08-29 00:36:28.763420300,2800.28688,2773.776428,5600.57376,2,32624256,2026-08-30,/home/nk/Projects/data-mining/Chapter_4/Bai_3/output/manifest_snapshots/manifest_2026-08-30.csv,True,kept_latest_create_time
102759566,2026-08-29 20:48:46.057533600,2799.954605,2777.050182,5599.909211,2,32196474,2026-08-30,/home/nk/Projects/data-mining/Chapter_4/Bai_3/output/manifest_snapshots/manifest_2026-08-30.csv,True,kept_latest_create_time
102632326,2026-08-29 17:00:33.660721200,2799.88561,2763.995623,5599.771219,2,32401394,2026-08-30,/home/nk/Projects/data-mining/Chapter_4/Bai_3/output/manifest_snapshots/manifest_2026-08-30.csv,True,kept_latest_create_time
102522770,2026-08-29 13:44:32.575929200,2799.739571,2791.958188,5599.479142,2,32127490,2026-08-30,/home/nk/Projects/data-mining/Chapter_4/Bai_3/output/manifest_snapshots/manifest_2026-08-30.csv,True,kept_latest_create_time
102601033,2026-08-29 16:04:35.114291900,2799.556452,2787.75648,5599.112904,2,32229879,2026-08-30,/home/nk/Projects/data-mining/Chapter_4/Bai_3/output/manifest_snapshots/manifest_2026-08-30.csv,True,kept_latest_create_time
102326536,2026-08-29 07:52:29.217816900,2799.460922,2796.266364,5598.921843,2,32425170,2026-08-30,/home/nk/Projects/data-mining/Chapter_4/Bai_3/output/manifest_snapshots/manifest_2026-08-30.csv,True,kept_latest_create_time
102732732,2026-08-29 20:00:36.671261600,2799.226363,2771.418942,5598.452726,2,31265607,2026-08-30,/home/nk/Projects/data-mining/Chapter_4/Bai_3/output/manifest_snapshots/manifest_2026-08-30.csv,True,kept_latest_create_time
102726036,2026-08-29 19:48:38.001926000,2799.078006,2791.833338,5598.156013,2,32519733,2026-08-30,/home/nk/Projects/data-mining/Chapter_4/Bai_3/output/manifest_snapshots/manifest_2026-08-30.csv,True,kept_latest_create_time
102132184,2026-08-29 02:04:30.642317800,2798.905937,2790.466069,5597.811874,2,31253401,2026-08-30,/home/nk/Projects/data-mining/Chapter_4/Bai_3/output/manifest_snapshots/manifest_2026-08-30.csv,True,kept_latest_create_time
102232763,2026-08-29 05:04:29.928781600,2798.624396,2770.001402,5597.248792,2,32619729,2026-08-30,/home/nk/Projects/data-mining/Chapter_4/Bai_3/output/manifest_snapshots/manifest_2026-08-30.csv,True,kept_latest_create_time
102315338,2026-08-29 07:32:32.347680900,2798.562398,2787.785565,5597.124795,2,32572857,2026-08-30,/home/nk/Projects/data-mining/Chapter_4/Bai_3/output/manifest_snapshots/manifest_2026-08-30.csv,True,kept_latest_create_time
102292878,2026-08-29 06:52:32.408206700,2798.536027,2756.387561,5597.072055,2,32648471,2026-08-30,/home/nk/Projects/data-mining/Chapter_4/Bai_3/output/manifest_snapshots/manifest_2026-08-30.csv,True,kept_latest_create_time
102690299,2026-08-29 18:44:34.736676300,2798.170694,2778.57118,5596.341388,2,32534082,2026-08-30,/home/nk/Projects/data-mining/Chapter_4/Bai_3/output/manifest_snapshots/manifest_2026-08-30.csv,True,kept_latest_create_time
102830735,2026-08-29 22:56:39.510278000,2797.65615,2769.681602,5595.3123,2,32621234,2026-08-30,/home/nk/Projects/data-mining/Chapter_4/Bai_3/output/manifest_snapshots/manifest_2026-08-30.csv,True,kept_latest_create_time
102694758,2026-08-29 18:52:34.612125100,2797.639306,2791.266472,5595.278612,2,32044095,2026-08-30,/home/nk/Projects/data-mining/Chapter_4/Bai_3/output/manifest_snapshots/manifest_2026-08-30.csv,True,kept_latest_create_time
102692586,2026-08-29 18:48:37.373711400,2797.223938,2778.366125,5594.447876,2,31250068,2026-08-30,/home/nk/Projects/data-mining/Chapter_4/Bai_3/output/manifest_snapshots/manifest_2026-08-30.csv,True,kept_latest_create_time
102217145,2026-08-29 04:36:34.659559900,2796.984694,2781.125833,5593.969387,2,32302084,2026-08-30,/home/nk/Projects/data-mining/Chapter_4/Bai_3/output/manifest_snapshots/manifest_2026-08-30.csv,True,kept_latest_create_time
102705918,2026-08-29 19:12:35.640489000,2796.925897,2782.88522,5593.851793,2,32509464,2026-08-30,/home/nk/Projects/data-mining/Chapter_4/Bai_3/output/manifest_snapshots/manifest_2026-08-30.csv,True,kept_latest_create_time
102846339,2026-08-29 23:24:47.418744900,2796.643172,2775.099038,5593.286344,2,32404463,2026-08-30,/home/nk/Projects/data-mining/Chapter_4/Bai_3/output/manifest_snapshots/manifest_2026-08-30.csv,True,kept_latest_create_time
102386737,2026-08-29 09:40:28.514497800,2796.294793,2786.350945,5592.589586,2,32437303,2026-08-30,/home/nk/Projects/data-mining/Chapter_4/Bai_3/output/manifest_snapshots/manifest_2026-08-30.csv,True,kept_latest_create_time
102743915,2026-08-29 20:20:40.174607100,2796.224534,2783.397635,5592.449067,2,32037645,2026-08-30,/home/nk/Projects/data-mining/Chapter_4/Bai_3/output/manifest_snapshots/manifest_2026-08-30.csv,True,kept_latest_create_time
102127706,2026-08-29 01:56:28.673323300,2795.972503,2779.655917,5591.945006,2,30825620,2026-08-30,/home/nk/Projects/data-mining/Chapter_4/Bai_3/output/manifest_snapshots/manifest_2026-08-30.csv,True,kept_latest_create_time
102074201,2026-08-29 00:20:28.727273400,2795.814838,2777.547615,5591.629676,2,31388654,2026-08-30,/home/nk/Projects/data-mining/Chapter_4/Bai_3/output/manifest_snapshots/manifest_2026-08-30.csv,True,kept_latest_create_time
102721564,2026-08-29 19:40:34.916793700,2795.726224,2789.555762,5591.452447,2,32651730,2026-08-30,/home/nk/Projects/data-mining/Chapter_4/Bai_3/output/manifest_snapshots/manifest_2026-08-30.csv,True,kept_latest_create_time
102690358,2026-08-29 18:44:34.849562600,2795.560734,2782.395357,5591.121467,2,31075918,2026-08-30,/home/nk/Projects/data-mining/Chapter_4/Bai_3/output/manifest_snapshots/manifest_2026-08-30.csv,True,kept_latest_create_time
102710389,2026-08-29 19:20:37.623350500,2795.424707,2778.604778,5590.849415,2,32654732,2026-08-30,/home/nk/Projects/data-mining/Chapter_4/Bai_3/output/manifest_snapshots/manifest_2026-08-30.csv,True,kept_latest_create_time
102609906,2026-08-29 16:20:37.459422900,2794.991151,2783.578456,5589.982302,2,32438230,2026-08-30,/home/nk/Projects/data-mining/Chapter_4/Bai_3/output/manifest_snapshots/manifest_2026-08-30.csv,True,kept_latest_create_time
102308540,2026-08-29 07:20:28.749020200,2794.841153,2785.169568,5589.682305,2,32572616,2026-08-30,/home/nk/Projects/data-mining/Chapter_4/Bai_3/output/manifest_snapshots/manifest_2026-08-30.csv,True,kept_latest_create_time
102518277,2026-08-29 13:36:32.587804300,2794.444545,2784.227238,5588.889091,2,32778413,2026-08-30,/home/nk/Projects/data-mining/Chapter_4/Bai_3/output/manifest_snapshots/manifest_2026-08-30.csv,True,kept_latest_create_time
102418040,2026-08-29 10:36:32.555179300,2793.666182,2774.369981,5587.332364,2,32399766,2026-08-30,/home/nk/Projects/data-mining/Chapter_4/Bai_3/output/manifest_snapshots/manifest_2026-08-30.csv,True,kept_latest_create_time
102167964,2026-08-29 03:08:31.828445500,2793.616195,2764.192339,5587.23239,2,32450070,2026-08-30,/home/nk/Projects/data-mining/Chapter_4/Bai_3/output/manifest_snapshots/manifest_2026-08-30.csv,True,kept_latest_create_time
102304072,2026-08-29 07:12:29.546998900,2793.400467,2772.435797,5586.800934,2,32572823,2026-08-30,/home/nk/Projects/data-mining/Chapter_4/Bai_3/output/manifest_snapshots/manifest_2026-08-30.csv,True,kept_latest_create_time
102755057,2026-08-29 20:40:39.329514300,2793.19372,2763.514383,5586.387439,2,32545661,2026-08-30,/home/nk/Projects/data-mining/Chapter_4/Bai_3/output/manifest_snapshots/manifest_2026-08-30.csv,True,kept_latest_create_time
102714879,2026-08-29 19:28:38.242511400,2792.80528,2774.322584,5585.61056,2,32536277,2026-08-30,/home/nk/Projects/data-mining/Chapter_4/Bai_3/output/manifest_snapshots/manifest_2026-08-30.csv,True,kept_latest_create_time
102089656,2026-08-29 00:48:31.012412400,2792.462824,2774.724049,5584.925647,2,32149336,2026-08-30,/home/nk/Projects/data-mining/Chapter_4/Bai_3/output/manifest_snapshots/manifest_2026-08-30.csv,True,kept_latest_create_time
102344368,2026-08-29 08:24:29.332089700,2792.415612,2738.935885,5584.831223,2,32578597,2026-08-30,/home/nk/Projects/data-mining/Chapter_4/Bai_3/output/manifest_snapshots/manifest_2026-08-30.csv,True,kept_latest_create_time
102806196,2026-08-29 22:12:38.100766500,2792.323012,2770.251931,5584.646024,2,32650151,2026-08-30,/home/nk/Projects/data-mining/Chapter_4/Bai_3/output/manifest_snapshots/manifest_2026-08-30.csv,True,kept_latest_create_time
102688165,2026-08-29 18:40:36.907583200,2792.165951,2783.536495,5584.331901,2,31237749,2026-08-30,/home/nk/Projects/data-mining/Chapter_4/Bai_3/output/manifest_snapshots/manifest_2026-08-30.csv,True,kept_latest_create_time
102741684,2026-08-29 20:16:41.305747500,2792.117999,2780.757988,5584.235997,2,32524817,2026-08-30,/home/nk/Projects/data-mining/Chapter_4/Bai_3/output/manifest_snapshots/manifest_2026-08-30.csv,True,kept_latest_create_time
102721568,2026-08-29 19:40:34.920406600,2792.066024,2775.161176,5584.132048,2,31304402,2026-08-30,/home/nk/Projects/data-mining/Chapter_4/Bai_3/output/manifest_snapshots/manifest_2026-08-30.csv,True,kept_latest_create_time
102819829,2026-08-29 22:36:40.145656100,2792.065127,2763.331402,5584.130254,2,32547462,2026-08-30,/home/nk/Projects/data-mining/Chapter_4/Bai_3/output/manifest_snapshots/manifest_2026-08-30.csv,True,kept_latest_create_time
102625609,2026-08-29 16:48:34.607498400,2792.025246,2772.459503,5584.050491,2,32423185,2026-08-30,/home/nk/Projects/data-mining/Chapter_4/Bai_3/output/manifest_snapshots/manifest_2026-08-30.csv,True,kept_latest_create_time
102464917,2026-08-29 12:00:30.688533700,2791.800065,2766.815607,5583.60013,2,32371491,2026-08-30,/home/nk/Projects/data-mining/Chapter_4/Bai_3/output/manifest_snapshots/manifest_2026-08-30.csv,True,kept_latest_create_time
102746134,2026-08-29 20:24:39.224292400,2791.741519,2780.937986,5583.483038,2,32539084,2026-08-30,/home/nk/Projects/data-mining/Chapter_4/Bai_3/output/manifest_snapshots/manifest_2026-08-30.csv,True,kept_latest_create_time
102730518,2026-08-29 19:56:34.209103100,2791.700875,2785.024529,5583.40175,2,32517847,2026-08-30,/home/nk/Projects/data-mining/Chapter_4/Bai_3/output/manifest_snapshots/manifest_2026-08-30.csv,True,kept_latest_create_time
102092148,2026-08-29 00:52:29.613365700,2791.513301,2769.851647,5583.026601,2,32606947,2026-08-30,/home/nk/Projects/data-mining/Chapter_4/Bai_3/output/manifest_snapshots/manifest_2026-08-30.csv,True,kept_latest_create_time
102815317,2026-08-29 22:28:43.407759800,2791.048242,2772.236479,5582.096484,2,32081646,2026-08-30,/home/nk/Projects/data-mining/Chapter_4/Bai_3/output/manifest_snapshots/manifest_2026-08-30.csv,True,kept_latest_create_time
102612152,2026-08-29 16:24:37.206127500,2791.015256,2771.596203,5582.030512,2,32431248,2026-08-30,/home/nk/Projects/data-mining/Chapter_4/Bai_3/output/manifest_snapshots/manifest_2026-08-30.csv,True,kept_latest_create_time
102699217,2026-08-29 19:00:35.100405600,2790.664446,2779.251997,5581.328893,2,31339613,2026-08-30,/home/nk/Projects/data-mining/Chapter_4/Bai_3/output/manifest_snapshots/manifest_2026-08-30.csv,True,kept_latest_create_time
102694822,2026-08-29 18:52:34.759379400,2790.415893,2758.333997,5580.831786,2,32690860,2026-08-30,/home/nk/Projects/data-mining/Chapter_4/Bai_3/output/manifest_snapshots/manifest_2026-08-30.csv,True,kept_latest_create_time
102699281,2026-08-29 19:00:35.205860300,2789.866546,2754.158721,5579.733092,2,32705744,2026-08-30,/home/nk/Projects/data-mining/Chapter_4/Bai_3/output/manifest_snapshots/manifest_2026-08-30.csv,True,kept_latest_create_time
102786279,2026-08-29 21:36:40.899746600,2789.819885,2788.102489,5579.639769,2,32295004,2026-08-30,/home/nk/Projects/data-mining/Chapter_4/Bai_3/output/manifest_snapshots/manifest_2026-08-30.csv,True,kept_latest_create_time
102837423,2026-08-29 23:08:39.326423000,2789.37148,2737.801691,5578.74296,2,32570684,2026-08-30,/home/nk/Projects/data-mining/Chapter_4/Bai_3/output/manifest_snapshots/manifest_2026-08-30.csv,True,kept_latest_create_time
102701451,2026-08-29 19:04:35.117198200,2788.796987,2787.078416,5577.593974,2,32666290,2026-08-30,/home/nk/Projects/data-mining/Chapter_4/Bai_3/output/manifest_snapshots/manifest_2026-08-30.csv,True,kept_latest_create_time
102480563,2026-08-29 12:28:32.368158200,2787.912829,2753.407113,5575.825658,2,32449693,2026-08-30,/home/nk/Projects/data-mining/Chapter_4/Bai_3/output/manifest_snapshots/manifest_2026-08-30.csv,True,kept_latest_create_time
102453701,2026-08-29 11:40:29.918625000,2787.802204,2771.25979,5575.604409,2,32691538,2026-08-30,/home/nk/Projects/data-mining/Chapter_4/Bai_3/output/manifest_snapshots/manifest_2026-08-30.csv,True,kept_latest_create_time
102630096,2026-08-29 16:56:31.517450400,2787.588378,2746.755687,5575.176755,2,32446639,2026-08-30,/home/nk/Projects/data-mining/Chapter_4/Bai_3/output/manifest_snapshots/manifest_2026-08-30.csv,True,kept_latest_create_time
102592085,2026-08-29 15:48:48.007582200,2787.524436,2781.890784,5575.048871,2,32195668,2026-08-30,/home/nk/Projects/data-mining/Chapter_4/Bai_3/output/manifest_snapshots/manifest_2026-08-30.csv,True,kept_latest_create_time
102772945,2026-08-29 21:12:40.516154400,2787.306076,2758.186624,5574.612152,2,32361808,2026-08-30,/home/nk/Projects/data-mining/Chapter_4/Bai_3/output/manifest_snapshots/manifest_2026-08-30.csv,True,kept_latest_create_time
102732741,2026-08-29 20:00:36.703332300,2787.19084,2769.973966,5574.381681,2,32646446,2026-08-30,/home/nk/Projects/data-mining/Chapter_4/Bai_3/output/manifest_snapshots/manifest_2026-08-30.csv,True,kept_latest_create_time
102409112,2026-08-29 10:20:34.133969800,2787.062683,2755.829831,5574.125366,2,32568379,2026-08-30,/home/nk/Projects/data-mining/Chapter_4/Bai_3/output/manifest_snapshots/manifest_2026-08-30.csv,True,kept_latest_create_time
102118765,2026-08-29 01:40:29.218912700,2786.972038,2769.630374,5573.944077,2,31293394,2026-08-30,/home/nk/Projects/data-mining/Chapter_4/Bai_3/output/manifest_snapshots/manifest_2026-08-30.csv,True,kept_latest_create_time
102696988,2026-08-29 18:56:35.401019000,2786.757605,2782.351031,5573.515211,2,32547221,2026-08-30,/home/nk/Projects/data-mining/Chapter_4/Bai_3/output/manifest_snapshots/manifest_2026-08-30.csv,True,kept_latest_create_time
102728293,2026-08-29 19:52:35.502941400,2786.493037,2767.190294,5572.986074,2,32525344,2026-08-30,/home/nk/Projects/data-mining/Chapter_4/Bai_3/output/manifest_snapshots/manifest_2026-08-30.csv,True,kept_latest_create_time
102524997,2026-08-29 13:48:32.234099300,2786.363451,2754.043207,5572.726902,2,32483789,2026-08-30,/home/nk/Projects/data-mining/Chapter_4/Bai_3/output/manifest_snapshots/manifest_2026-08-30.csv,True,kept_latest_create_time
102183636,2026-08-29 03:36:28.754958400,2785.78503,2773.61252,5571.57006,2,32217880,2026-08-30,/home/nk/Projects/data-mining/Chapter_4/Bai_3/output/manifest_snapshots/manifest_2026-08-30.csv,True,kept_latest_create_time
102596558,2026-08-29 15:56:44.230838600,2785.775947,2758.327844,5571.551895,2,32386955,2026-08-30,/home/nk/Projects/data-mining/Chapter_4/Bai_3/output/manifest_snapshots/manifest_2026-08-30.csv,True,kept_latest_create_time
102737271,2026-08-29 20:08:40.023403800,2785.769962,2779.377185,5571.539923,2,32664277,2026-08-30,/home/nk/Projects/data-mining/Chapter_4/Bai_3/output/manifest_snapshots/manifest_2026-08-30.csv,True,kept_latest_create_time
102170215,2026-08-29 03:12:32.331040500,2785.769072,2769.416746,5571.538144,2,29779483,2026-08-30,/home/nk/Projects/data-mining/Chapter_4/Bai_3/output/manifest_snapshots/manifest_2026-08-30.csv,True,kept_latest_create_time
102692525,2026-08-29 18:48:37.274290200,2785.229483,2778.864408,5570.458965,2,32531023,2026-08-30,/home/nk/Projects/data-mining/Chapter_4/Bai_3/output/manifest_snapshots/manifest_2026-08-30.csv,True,kept_latest_create_time
102125609,2026-08-29 01:52:29.200749300,2784.939183,2761.690476,5569.878366,2,31393807,2026-08-30,/home/nk/Projects/data-mining/Chapter_4/Bai_3/output/manifest_snapshots/manifest_2026-08-30.csv,True,kept_latest_create_time
102540749,2026-08-29 14:16:32.060814700,2784.346183,2738.158265,5568.692366,2,32317407,2026-08-30,/home/nk/Projects/data-mining/Chapter_4/Bai_3/output/manifest_snapshots/manifest_2026-08-30.csv,True,kept_latest_create_time
102250622,2026-08-29 05:36:34.368362900,2783.939024,2760.836195,5567.878047,2,31554225,2026-08-30,/home/nk/Projects/data-mining/Chapter_4/Bai_3/output/manifest_snapshots/manifest_2026-08-30.csv,True,kept_latest_create_time
102750583,2026-08-29 20:32:39.213707300,2783.698435,2722.473476,5567.396871,2,31242144,2026-08-30,/home/nk/Projects/data-mining/Chapter_4/Bai_3/output/manifest_snapshots/manifest_2026-08-30.csv,True,kept_latest_create_time
102480562,2026-08-29 12:28:32.367818500,2783.689658,2771.004824,5567.379316,2,32438779,2026-08-30,/home/nk/Projects/data-mining/Chapter_4/Bai_3/output/manifest_snapshots/manifest_2026-08-30.csv,True,kept_latest_create_time
102676934,2026-08-29 18:20:36.825385600,2783.413337,2758.189132,5566.826674,2,32598493,2026-08-30,/home/nk/Projects/data-mining/Chapter_4/Bai_3/output/manifest_snapshots/manifest_2026-08-30.csv,True,kept_latest_create_time
102103137,2026-08-29 01:12:34.809460600,2783.223055,2736.689187,5566.44611,2,32439185,2026-08-30,/home/nk/Projects/data-mining/Chapter_4/Bai_3/output/manifest_snapshots/manifest_2026-08-30.csv,True,kept_latest_create_time
102812882,2026-08-29 22:24:41.724267300,2782.819308,2771.650507,5565.638616,2,32562944,2026-08-30,/home/nk/Projects/data-mining/Chapter_4/Bai_3/output/manifest_snapshots/manifest_2026-08-30.csv,True,kept_latest_create_time
102723894,2026-08-29 19:44:35.525080200,2782.688311,2694.897404,5565.376621,2,32714392,2026-08-30,/home/nk/Projects/data-mining/Chapter_4/Bai_3/output/manifest_snapshots/manifest_2026-08-30.csv,True,kept_latest_create_time
102114301,2026-08-29 01:32:30.407049400,2782.292956,2756.970223,5564.585912,2,32453432,2026-08-30,/home/nk/Projects/data-mining/Chapter_4/Bai_3/output/manifest_snapshots/manifest_2026-08-30.csv,True,kept_latest_create_time
102426916,2026-08-29 10:52:29.014204900,2782.079647,2772.001522,5564.159294,2,32445054,2026-08-30,/home/nk/Projects/data-mining/Chapter_4/Bai_3/output/manifest_snapshots/manifest_2026-08-30.csv,True,kept_latest_create_time
102100900,2026-08-29 01:08:34.642879100,2781.866054,2741.606588,5563.732107,2,32453987,2026-08-30,/home/nk/Projects/data-mining/Chapter_4/Bai_3/output/manifest_snapshots/manifest_2026-08-30.csv,True,kept_latest_create_time
102748507,2026-08-29 20:28:41.911149900,2781.785337,2755.548611,5563.570674,2,32548063,2026-08-30,/home/nk/Projects/data-mining/Chapter_4/Bai_3/output/manifest_snapshots/manifest_2026-08-30.csv,True,kept_latest_create_time
102846457,2026-08-29 23:24:47.551598000,2781.000145,2779.786424,5562.000289,2,32306798,2026-08-30,/home/nk/Projects/data-mining/Chapter_4/Bai_3/output/manifest_snapshots/manifest_2026-08-30.csv,True,kept_latest_create_time
102138878,2026-08-29 02:16:30.059799000,2780.61851,2760.889644,5561.23702,2,32446611,2026-08-30,/home/nk/Projects/data-mining/Chapter_4/Bai_3/output/manifest_snapshots/manifest_2026-08-30.csv,True,kept_latest_create_time
102395687,2026-08-29 09:56:28.857595100,2780.340484,2776.421666,5560.680967,2,32568616,2026-08-30,/home/nk/Projects/data-mining/Chapter_4/Bai_3/output/manifest_snapshots/manifest_2026-08-30.csv,True,kept_latest_create_time
102337566,2026-08-29 08:12:36.313778600,2780.309133,2772.347786,5560.618266,2,31110319,2026-08-30,/home/nk/Projects/data-mining/Chapter_4/Bai_3/output/manifest_snapshots/manifest_2026-08-30.csv,True,kept_latest_create_time
102822012,2026-08-29 22:40:38.431740800,2780.157962,2773.414673,5560.315924,2,32557180,2026-08-30,/home/nk/Projects/data-mining/Chapter_4/Bai_3/output/manifest_snapshots/manifest_2026-08-30.csv,True,kept_latest_create_time
102683662,2026-08-29 18:32:35.531634800,2779.431474,2773.973564,5558.862947,2,32566645,2026-08-30,/home/nk/Projects/data-mining/Chapter_4/Bai_3/output/manifest_snapshots/manifest_2026-08-30.csv,True,kept_latest_create_time
102641300,2026-08-29 17:16:37.106618400,2779.416757,2770.457753,5558.833515,2,32414967,2026-08-30,/home/nk/Projects/data-mining/Chapter_4/Bai_3/output/manifest_snapshots/manifest_2026-08-30.csv,True,kept_latest_create_time
102739463,2026-08-29 20:12:40.429219400,2778.898357,2760.081289,5557.796714,2,32485704,2026-08-30,/home/nk/Projects/data-mining/Chapter_4/Bai_3/output/manifest_snapshots/manifest_2026-08-30.csv,True,kept_latest_create_time
102605437,2026-08-29 16:12:39.960380100,2778.58246,2767.498486,5557.164919,2,32400285,2026-08-30,/home/nk/Projects/data-mining/Chapter_4/Bai_3/output/manifest_snapshots/manifest_2026-08-30.csv,True,kept_latest_create_time
102697058,2026-08-29 18:56:35.502678900,2778.435543,2744.544433,5556.871086,2,32567576,2026-08-30,/home/nk/Projects/data-mining/Chapter_4/Bai_3/output/manifest_snapshots/manifest_2026-08-30.csv,True,kept_latest_create_time
102342025,2026-08-29 08:20:28.956302800,2778.434379,2760.343681,5556.868757,2,32518415,2026-08-30,/home/nk/Projects/data-mining/Chapter_4/Bai_3/output/manifest_snapshots/manifest_2026-08-30.csv,True,kept_latest_create_time
102806255,2026-08-29 22:12:38.199524800,2778.295497,2775.930536,5556.590995,2,32561525,2026-08-30,/home/nk/Projects/data-mining/Chapter_4/Bai_3/output/manifest_snapshots/manifest_2026-08-30.csv,True,kept_latest_create_time
102723820,2026-08-29 19:44:35.415635900,2777.940839,2741.078444,5555.881678,2,32415886,2026-08-30,/home/nk/Projects/data-mining/Chapter_4/Bai_3/output/manifest_snapshots/manifest_2026-08-30.csv,True,kept_latest_create_time
102612227,2026-08-29 16:24:37.305187300,2777.920076,2739.391931,5555.840152,2,32212219,2026-08-30,/home/nk/Projects/data-mining/Chapter_4/Bai_3/output/manifest_snapshots/manifest_2026-08-30.csv,True,kept_latest_create_time
102826274,2026-08-29 22:48:41.158499200,2777.625722,2740.833901,5555.251443,2,32552318,2026-08-30,/home/nk/Projects/data-mining/Chapter_4/Bai_3/output/manifest_snapshots/manifest_2026-08-30.csv,True,kept_latest_create_time
102085185,2026-08-29 00:40:31.573887600,2777.615501,2769.922478,5555.231001,2,32142960,2026-08-30,/home/nk/Projects/data-mining/Chapter_4/Bai_3/output/manifest_snapshots/manifest_2026-08-30.csv,True,kept_latest_create_time
102808424,2026-08-29 22:16:39.022657900,2777.324377,2775.695853,5554.648755,2,32677136,2026-08-30,/home/nk/Projects/data-mining/Chapter_4/Bai_3/output/manifest_snapshots/manifest_2026-08-30.csv,True,kept_latest_create_time
102719329,2026-08-29 19:36:37.948554200,2777.152331,2774.050379,5554.304662,2,32674239,2026-08-30,/home/nk/Projects/data-mining/Chapter_4/Bai_3/output/manifest_snapshots/manifest_2026-08-30.csv,True,kept_latest_create_time
102391270,2026-08-29 09:48:31.242316900,2775.598717,2703.836708,5551.197433,2,32422080,2026-08-30,/home/nk/Projects/data-mining/Chapter_4/Bai_3/output/manifest_snapshots/manifest_2026-08-30.csv,True,kept_latest_create_time
102136647,2026-08-29 02:12:28.877854100,2775.506828,2755.161364,5551.013655,2,32639484,2026-08-30,/home/nk/Projects/data-mining/Chapter_4/Bai_3/output/manifest_snapshots/manifest_2026-08-30.csv,True,kept_latest_create_time
102580888,2026-08-29 15:28:37.647985500,2775.296396,2762.090823,5550.592791,2,32367635,2026-08-30,/home/nk/Projects/data-mining/Chapter_4/Bai_3/output/manifest_snapshots/manifest_2026-08-30.csv,True,kept_latest_create_time
102616723,2026-08-29 16:32:32.625954300,2775.170101,2735.995747,5550.340202,2,32303899,2026-08-30,/home/nk/Projects/data-mining/Chapter_4/Bai_3/output/manifest_snapshots/manifest_2026-08-30.csv,True,kept_latest_create_time
102853219,2026-08-29 23:36:48.232074400,2774.712883,2770.695318,5549.425766,2,32398857,2026-08-30,/home/nk/Projects/data-mining/Chapter_4/Bai_3/output/manifest_snapshots/manifest_2026-08-30.csv,True,kept_latest_create_time
102085373,2026-08-29 00:40:31.855356100,2774.665251,2770.519325,5549.330503,2,31587861,2026-08-30,/home/nk/Projects/data-mining/Chapter_4/Bai_3/output/manifest_snapshots/manifest_2026-08-30.csv,True,kept_latest_create_time
102279573,2026-08-29 06:28:36.529946300,2774.662543,2751.205319,5549.325085,2,32450964,2026-08-30,/home/nk/Projects/data-mining/Chapter_4/Bai_3/output/manifest_snapshots/manifest_2026-08-30.csv,True,kept_latest_create_time
102648020,2026-08-29 17:28:41.221133900,2774.531665,2759.384944,5549.06333,2,32558138,2026-08-30,/home/nk/Projects/data-mining/Chapter_4/Bai_3/output/manifest_snapshots/manifest_2026-08-30.csv,True,kept_latest_create_time
102563135,2026-08-29 14:56:37.716126600,2774.479553,2772.034272,5548.959106,2,32206680,2026-08-30,/home/nk/Projects/data-mining/Chapter_4/Bai_3/output/manifest_snapshots/manifest_2026-08-30.csv,True,kept_latest_create_time
102067349,2026-08-29 00:08:30.480931400,2773.822431,2721.852524,5547.644862,2,32444787,2026-08-30,/home/nk/Projects/data-mining/Chapter_4/Bai_3/output/manifest_snapshots/manifest_2026-08-30.csv,True,kept_latest_create_time
102799574,2026-08-29 22:00:42.279059400,2773.583881,2772.022676,5547.167762,2,32564051,2026-08-30,/home/nk/Projects/data-mining/Chapter_4/Bai_3/output/manifest_snapshots/manifest_2026-08-30.csv,True,kept_latest_create_time
102107602,2026-08-29 01:20:29.742641000,2773.463353,2737.347981,5546.926706,2,31753067,2026-08-30,/home/nk/Projects/data-mining/Chapter_4/Bai_3/output/manifest_snapshots/manifest_2026-08-30.csv,True,kept_latest_create_time
102453789,2026-08-29 11:40:30.038335000,2773.369212,2767.553586,5546.738424,2,32405304,2026-08-30,/home/nk/Projects/data-mining/Chapter_4/Bai_3/output/manifest_snapshots/manifest_2026-08-30.csv,True,kept_latest_create_time
102375637,2026-08-29 09:20:29.660070500,2773.358777,2749.560918,5546.717554,2,31402611,2026-08-30,/home/nk/Projects/data-mining/Chapter_4/Bai_3/output/manifest_snapshots/manifest_2026-08-30.csv,True,kept_latest_create_time
102688030,2026-08-29 18:40:36.663583700,2772.669191,2762.015122,5545.338383,2,32527033,2026-08-30,/home/nk/Projects/data-mining/Chapter_4/Bai_3/output/manifest_snapshots/manifest_2026-08-30.csv,True,kept_latest_create_time
102129938,2026-08-29 02:00:29.808696500,2771.581201,2758.485114,5543.162403,2,32628625,2026-08-30,/home/nk/Projects/data-mining/Chapter_4/Bai_3/output/manifest_snapshots/manifest_2026-08-30.csv,True,kept_latest_create_time
102685821,2026-08-29 18:36:36.899212700,2771.313343,2699.226981,5542.626687,2,32523289,2026-08-30,/home/nk/Projects/data-mining/Chapter_4/Bai_3/output/manifest_snapshots/manifest_2026-08-30.csv,True,kept_latest_create_time
102123231,2026-08-29 01:48:30.834468100,2770.275049,2762.411173,5540.550098,2,32626495,2026-08-30,/home/nk/Projects/data-mining/Chapter_4/Bai_3/output/manifest_snapshots/manifest_2026-08-30.csv,True,kept_latest_create_time
102801802,2026-08-29 22:04:38.319975000,2770.226944,2768.533989,5540.453889,2,32701364,2026-08-30,/home/nk/Projects/data-mining/Chapter_4/Bai_3/output/manifest_snapshots/manifest_2026-08-30.csv,True,kept_latest_create_time
102558605,2026-08-29 14:48:39.864331400,2769.803077,2708.793075,5539.606153,2,32104731,2026-08-30,/home/nk/Projects/data-mining/Chapter_4/Bai_3/output/manifest_snapshots/manifest_2026-08-30.csv,True,kept_latest_create_time
102527239,2026-08-29 13:52:35.647811200,2769.795488,2712.374094,5539.590975,2,32616748,2026-08-30,/home/nk/Projects/data-mining/Chapter_4/Bai_3/output/manifest_snapshots/manifest_2026-08-30.csv,True,kept_latest_create_time
102509606,2026-08-29 13:20:33.519782300,2769.576565,2763.126443,5539.153131,2,32445378,2026-08-30,/home/nk/Projects/data-mining/Chapter_4/Bai_3/output/manifest_snapshots/manifest_2026-08-30.csv,True,kept_latest_create_time
102784078,2026-08-29 21:32:37.939055400,2769.472306,2754.059642,5538.944612,2,32448675,2026-08-30,/home/nk/Projects/data-mining/Chapter_4/Bai_3/output/manifest_snapshots/manifest_2026-08-30.csv,True,kept_latest_create_time
102083142,2026-08-29 00:36:28.773641300,2769.338971,2767.661588,5538.677943,2,32600343,2026-08-30,/home/nk/Projects/data-mining/Chapter_4/Bai_3/output/manifest_snapshots/manifest_2026-08-30.csv,True,kept_latest_create_time
102824228,2026-08-29 22:44:40.410729700,2769.331529,2746.452325,5538.663059,2,31535683,2026-08-30,/home/nk/Projects/data-mining/Chapter_4/Bai_3/output/manifest_snapshots/manifest_2026-08-30.csv,True,kept_latest_create_time
102431396,2026-08-29 11:00:29.615797700,2768.992747,2728.267057,5537.985493,2,31893857,2026-08-30,/home/nk/Projects/data-mining/Chapter_4/Bai_3/output/manifest_snapshots/manifest_2026-08-30.csv,True,kept_latest_create_time
102792875,2026-08-29 21:48:41.931219700,2768.75108,2757.655445,5537.502159,2,32560204,2026-08-30,/home/nk/Projects/data-mining/Chapter_4/Bai_3/output/manifest_snapshots/manifest_2026-08-30.csv,True,kept_latest_create_time
102661433,2026-08-29 17:52:35.608750200,2768.743809,2766.433334,5537.487619,2,32519072,2026-08-30,/home/nk/Projects/data-mining/Chapter_4/Bai_3/output/manifest_snapshots/manifest_2026-08-30.csv,True,kept_latest_create_time
102549711,2026-08-29 14:32:31.341776000,2768.660367,2751.202503,5537.320734,2,32302973,2026-08-30,/home/nk/Projects/data-mining/Chapter_4/Bai_3/output/manifest_snapshots/manifest_2026-08-30.csv,True,kept_latest_create_time
102712628,2026-08-29 19:24:35.600800900,2768.352587,2758.816891,5536.705175,2,32686295,2026-08-30,/home/nk/Projects/data-mining/Chapter_4/Bai_3/output/manifest_snapshots/manifest_2026-08-30.csv,True,kept_latest_create_time
102781707,2026-08-29 21:28:45.309059300,2768.350032,2740.45793,5536.700064,2,32433963,2026-08-30,/home/nk/Projects/data-mining/Chapter_4/Bai_3/output/manifest_snapshots/manifest_2026-08-30.csv,True,kept_latest_create_time
102810655,2026-08-29 22:20:38.207494700,2768.190206,2750.008477,5536.380412,2,32557080,2026-08-30,/home/nk/Projects/data-mining/Chapter_4/Bai_3/output/manifest_snapshots/manifest_2026-08-30.csv,True,kept_latest_create_time
102337681,2026-08-29 08:12:36.512985500,2767.720147,2743.360562,5535.440295,2,32569322,2026-08-30,/home/nk/Projects/data-mining/Chapter_4/Bai_3/output/manifest_snapshots/manifest_2026-08-30.csv,True,kept_latest_create_time
102616645,2026-08-29 16:32:32.510340200,2767.375925,2741.30897,5534.751849,2,32243301,2026-08-30,/home/nk/Projects/data-mining/Chapter_4/Bai_3/output/manifest_snapshots/manifest_2026-08-30.csv,True,kept_latest_create_time
102726201,2026-08-29 19:48:38.246824000,2766.930703,2759.890793,5533.861405,2,32564838,2026-08-30,/home/nk/Projects/data-mining/Chapter_4/Bai_3/output/manifest_snapshots/manifest_2026-08-30.csv,True,kept_latest_create_time
102087420,2026-08-29 00:44:30.672324500,2766.460309,2735.508409,5532.920618,2,32403280,2026-08-30,/home/nk/Projects/data-mining/Chapter_4/Bai_3/output/manifest_snapshots/manifest_2026-08-30.csv,True,kept_latest_create_time
102819583,2026-08-29 22:36:39.772919000,2766.394199,2717.919174,5532.788398,2,32513810,2026-08-30,/home/nk/Projects/data-mining/Chapter_4/Bai_3/output/manifest_snapshots/manifest_2026-08-30.csv,True,kept_latest_create_time
102585385,2026-08-29 15:36:41.672139900,2766.317122,2749.166881,5532.634244,2,32217464,2026-08-30,/home/nk/Projects/data-mining/Chapter_4/Bai_3/output/manifest_snapshots/manifest_2026-08-30.csv,True,kept_latest_create_time
102748382,2026-08-29 20:28:41.714714300,2766.248811,2725.71613,5532.497622,2,32533080,2026-08-30,/home/nk/Projects/data-mining/Chapter_4/Bai_3/output/manifest_snapshots/manifest_2026-08-30.csv,True,kept_latest_create_time
102346518,2026-08-29 08:28:30.349380700,2765.794553,2757.248011,5531.589106,2,32249917,2026-08-30,/home/nk/Projects/data-mining/Chapter_4/Bai_3/output/manifest_snapshots/manifest_2026-08-30.csv,True,kept_latest_create_time
102281687,2026-08-29 06:32:34.404219500,2765.740477,2734.609574,5531.480954,2,31198969,2026-08-30,/home/nk/Projects/data-mining/Chapter_4/Bai_3/output/manifest_snapshots/manifest_2026-08-30.csv,True,kept_latest_create_time
102556429,2026-08-29 14:44:36.008448400,2765.618103,2762.637916,5531.236206,2,32520142,2026-08-30,/home/nk/Projects/data-mining/Chapter_4/Bai_3/output/manifest_snapshots/manifest_2026-08-30.csv,True,kept_latest_create_time
102679138,2026-08-29 18:24:35.711731200,2765.515387,2762.722035,5531.030775,2,32705424,2026-08-30,/home/nk/Projects/data-mining/Chapter_4/Bai_3/output/manifest_snapshots/manifest_2026-08-30.csv,True,kept_latest_create_time
102645778,2026-08-29 17:24:40.126057200,2765.0,2751.550397,5530.0,2,31822347,2026-08-30,/home/nk/Projects/data-mining/Chapter_4/Bai_3/output/manifest_snapshots/manifest_2026-08-30.csv,True,kept_latest_create_time
102683587,2026-08-29 18:32:35.432085000,2764.592505,2760.054535,5529.185009,2,32242980,2026-08-30,/home/nk/Projects/data-mining/Chapter_4/Bai_3/output/manifest_snapshots/manifest_2026-08-30.csv,True,kept_latest_create_time
102359915,2026-08-29 08:52:36.930527800,2764.538488,2746.109833,5529.076976,2,31265972,2026-08-30,/home/nk/Projects/data-mining/Chapter_4/Bai_3/output/manifest_snapshots/manifest_2026-08-30.csv,True,kept_latest_create_time
102614389,2026-08-29 16:28:42.227323400,2764.099706,2745.124368,5528.199411,2,32300436,2026-08-30,/home/nk/Projects/data-mining/Chapter_4/Bai_3/output/manifest_snapshots/manifest_2026-08-30.csv,True,kept_latest_create_time
102375639,2026-08-29 09:20:29.661654500,2763.921886,2737.184033,5527.843773,2,32423588,2026-08-30,/home/nk/Projects/data-mining/Chapter_4/Bai_3/output/manifest_snapshots/manifest_2026-08-30.csv,True,kept_latest_create_time
102174685,2026-08-29 03:20:29.002899900,2763.705194,2718.878835,5527.410387,2,32472419,2026-08-30,/home/nk/Projects/data-mining/Chapter_4/Bai_3/output/manifest_snapshots/manifest_2026-08-30.csv,True,kept_latest_create_time
102366622,2026-08-29 09:04:28.864811700,2763.509633,2760.777255,5527.019266,2,32401413,2026-08-30,/home/nk/Projects/data-mining/Chapter_4/Bai_3/output/manifest_snapshots/manifest_2026-08-30.csv,True,kept_latest_create_time
102685887,2026-08-29 18:36:37.026998700,2763.354014,2734.39101,5526.708029,2,32465899,2026-08-30,/home/nk/Projects/data-mining/Chapter_4/Bai_3/output/manifest_snapshots/manifest_2026-08-30.csv,True,kept_latest_create_time
102643544,2026-08-29 17:20:38.230696100,2763.261933,2758.051545,5526.523866,2,32504634,2026-08-30,/home/nk/Projects/data-mining/Chapter_4/Bai_3/output/manifest_snapshots/manifest_2026-08-30.csv,True,kept_latest_create_time
102188127,2026-08-29 03:44:30.007392300,2763.224943,2752.743298,5526.449886,2,32318535,2026-08-30,/home/nk/Projects/data-mining/Chapter_4/Bai_3/output/manifest_snapshots/manifest_2026-08-30.csv,True,kept_latest_create_time
102587627,2026-08-29 15:40:46.050744100,2763.125436,2733.328968,5526.250872,2,32384100,2026-08-30,/home/nk/Projects/data-mining/Chapter_4/Bai_3/output/manifest_snapshots/manifest_2026-08-30.csv,True,kept_latest_create_time
102078531,2026-08-29 00:28:30.570605100,2762.372728,2741.144809,5524.745457,2,32445836,2026-08-30,/home/nk/Projects/data-mining/Chapter_4/Bai_3/output/manifest_snapshots/manifest_2026-08-30.csv,True,kept_latest_create_time
102527305,2026-08-29 13:52:35.763471700,2762.036557,2738.447485,5524.073113,2,32238953,2026-08-30,/home/nk/Projects/data-mining/Chapter_4/Bai_3/output/manifest_snapshots/manifest_2026-08-30.csv,True,kept_latest_create_time
102362150,2026-08-29 08:56:42.015878500,2761.550175,2752.115614,5523.10035,2,32404994,2026-08-30,/home/nk/Projects/data-mining/Chapter_4/Bai_3/output/manifest_snapshots/manifest_2026-08-30.csv,True,kept_latest_create_time
102792804,2026-08-29 21:48:41.831509800,2761.506817,2731.231698,5523.013634,2,32551753,2026-08-30,/home/nk/Projects/data-mining/Chapter_4/Bai_3/output/manifest_snapshots/manifest_2026-08-30.csv,True,kept_latest_create_time
102286171,2026-08-29 06:40:33.913867700,2760.992005,2749.576231,5521.984011,2,32554747,2026-08-30,/home/nk/Projects/data-mining/Chapter_4/Bai_3/output/manifest_snapshots/manifest_2026-08-30.csv,True,kept_latest_create_time
102411290,2026-08-29 10:24:33.618839800,2760.023782,2733.315441,5520.047565,2,31622071,2026-08-30,/home/nk/Projects/data-mining/Chapter_4/Bai_3/output/manifest_snapshots/manifest_2026-08-30.csv,True,kept_latest_create_time
102578653,2026-08-29 15:24:36.471135800,2760.023405,2743.88947,5520.04681,2,32263412,2026-08-30,/home/nk/Projects/data-mining/Chapter_4/Bai_3/output/manifest_snapshots/manifest_2026-08-30.csv,True,kept_latest_create_time
102734962,2026-08-29 20:04:37.522187600,2759.741553,2688.423669,5519.483106,2,32333095,2026-08-30,/home/nk/Projects/data-mining/Chapter_4/Bai_3/output/manifest_snapshots/manifest_2026-08-30.csv,True,kept_latest_create_time
102598718,2026-08-29 16:00:51.917474000,2759.741499,2747.675249,5519.482997,2,32403510,2026-08-30,/home/nk/Projects/data-mining/Chapter_4/Bai_3/output/manifest_snapshots/manifest_2026-08-30.csv,True,kept_latest_create_time
102174696,2026-08-29 03:20:29.007469900,2759.678095,2750.817362,5519.356189,2,31739446,2026-08-30,/home/nk/Projects/data-mining/Chapter_4/Bai_3/output/manifest_snapshots/manifest_2026-08-30.csv,True,kept_latest_create_time
102783948,2026-08-29 21:32:37.730585300,2759.544686,2747.126359,5519.089373,2,32698888,2026-08-30,/home/nk/Projects/data-mining/Chapter_4/Bai_3/output/manifest_snapshots/manifest_2026-08-30.csv,True,kept_latest_create_time
102685819,2026-08-29 18:36:36.882099600,2759.453097,2745.558643,5518.906194,2,32366591,2026-08-30,/home/nk/Projects/data-mining/Chapter_4/Bai_3/output/manifest_snapshots/manifest_2026-08-30.csv,True,kept_latest_create_time
102790649,2026-08-29 21:44:40.712432600,2759.315223,2751.58646,5518.630445,2,32696590,2026-08-30,/home/nk/Projects/data-mining/Chapter_4/Bai_3/output/manifest_snapshots/manifest_2026-08-30.csv,True,kept_latest_create_time
102554192,2026-08-29 14:40:35.252575600,2759.09162,2755.53064,5518.183241,2,32110580,2026-08-30,/home/nk/Projects/data-mining/Chapter_4/Bai_3/output/manifest_snapshots/manifest_2026-08-30.csv,True,kept_latest_create_time
102569824,2026-08-29 15:08:41.731172600,2758.970278,2702.938098,5517.940556,2,32386139,2026-08-30,/home/nk/Projects/data-mining/Chapter_4/Bai_3/output/manifest_snapshots/manifest_2026-08-30.csv,True,kept_latest_create_time
102449216,2026-08-29 11:32:29.716201100,2758.762787,2756.931499,5517.525574,2,32558132,2026-08-30,/home/nk/Projects/data-mining/Chapter_4/Bai_3/output/manifest_snapshots/manifest_2026-08-30.csv,True,kept_latest_create_time
102440331,2026-08-29 11:16:30.345185300,2758.300319,2756.797886,5516.600639,2,32577644,2026-08-30,/home/nk/Projects/data-mining/Chapter_4/Bai_3/output/manifest_snapshots/manifest_2026-08-30.csv,True,kept_latest_create_time
102801727,2026-08-29 22:04:38.218519800,2758.189119,2750.487884,5516.378238,2,32406503,2026-08-30,/home/nk/Projects/data-mining/Chapter_4/Bai_3/output/manifest_snapshots/manifest_2026-08-30.csv,True,kept_latest_create_time
102853191,2026-08-29 23:36:48.146015700,2757.949415,2741.676021,5515.89883,2,32408661,2026-08-30,/home/nk/Projects/data-mining/Chapter_4/Bai_3/output/manifest_snapshots/manifest_2026-08-30.csv,True,kept_latest_create_time
102830836,2026-08-29 22:56:39.675499500,2757.949415,2745.774872,5515.89883,2,32418849,2026-08-30,/home/nk/Projects/data-mining/Chapter_4/Bai_3/output/manifest_snapshots/manifest_2026-08-30.csv,True,kept_latest_create_time
102433555,2026-08-29 11:04:28.629694900,2757.536575,2733.840735,5515.073149,2,31224859,2026-08-30,/home/nk/Projects/data-mining/Chapter_4/Bai_3/output/manifest_snapshots/manifest_2026-08-30.csv,True,kept_latest_create_time
102560904,2026-08-29 14:52:38.445256100,2757.133914,2748.027459,5514.267828,2,32391330,2026-08-30,/home/nk/Projects/data-mining/Chapter_4/Bai_3/output/manifest_snapshots/manifest_2026-08-30.csv,True,kept_latest_create_time
102096426,2026-08-29 01:00:29.925453200,2757.006556,2748.448448,5514.013112,2,32639770,2026-08-30,/home/nk/Projects/data-mining/Chapter_4/Bai_3/output/manifest_snapshots/manifest_2026-08-30.csv,True,kept_latest_create_time
102848673,2026-08-29 23:28:51.945354100,2756.792725,2751.289373,5513.58545,2,31255119,2026-08-30,/home/nk/Projects/data-mining/Chapter_4/Bai_3/output/manifest_snapshots/manifest_2026-08-30.csv,True,kept_latest_create_time
102748463,2026-08-29 20:28:41.835740500,2756.413486,2702.890081,5512.826973,2,32459374,2026-08-30,/home/nk/Projects/data-mining/Chapter_4/Bai_3/output/manifest_snapshots/manifest_2026-08-30.csv,True,kept_latest_create_time
102266215,2026-08-29 06:04:33.739481900,2756.314482,2749.844608,5512.628964,2,32627644,2026-08-30,/home/nk/Projects/data-mining/Chapter_4/Bai_3/output/manifest_snapshots/manifest_2026-08-30.csv,True,kept_latest_create_time
102710380,2026-08-29 19:20:37.613532100,2756.071288,2748.038412,5512.142577,2,32473706,2026-08-30,/home/nk/Projects/data-mining/Chapter_4/Bai_3/output/manifest_snapshots/manifest_2026-08-30.csv,True,kept_latest_create_time
102839775,2026-08-29 23:12:42.211853600,2755.003532,2742.873938,5510.007063,2,32565831,2026-08-30,/home/nk/Projects/data-mining/Chapter_4/Bai_3/output/manifest_snapshots/manifest_2026-08-30.csv,True,kept_latest_create_time
102803960,2026-08-29 22:08:40.840726800,2754.966561,2750.338264,5509.933122,2,31320731,2026-08-30,/home/nk/Projects/data-mining/Chapter_4/Bai_3/output/manifest_snapshots/manifest_2026-08-30.csv,True,kept_latest_create_time
102513816,2026-08-29 13:28:36.520742000,2754.889552,2751.463072,5509.779105,2,32414553,2026-08-30,/home/nk/Projects/data-mining/Chapter_4/Bai_3/output/manifest_snapshots/manifest_2026-08-30.csv,True,kept_latest_create_time
102639061,2026-08-29 17:12:42.036687200,2754.700462,2747.25354,5509.400925,2,32229199,2026-08-30,/home/nk/Projects/data-mining/Chapter_4/Bai_3/output/manifest_snapshots/manifest_2026-08-30.csv,True,kept_latest_create_time
102442511,2026-08-29 11:20:29.906059900,2754.298856,2752.218969,5508.597711,2,32558376,2026-08-30,/home/nk/Projects/data-mining/Chapter_4/Bai_3/output/manifest_snapshots/manifest_2026-08-30.csv,True,kept_latest_create_time
102366712,2026-08-29 09:04:29.055467900,2753.709242,2736.289612,5507.418484,2,32049092,2026-08-30,/home/nk/Projects/data-mining/Chapter_4/Bai_3/output/manifest_snapshots/manifest_2026-08-30.csv,True,kept_latest_create_time
102391261,2026-08-29 09:48:31.234731600,2753.704917,2737.080422,5507.409834,2,32566915,2026-08-30,/home/nk/Projects/data-mining/Chapter_4/Bai_3/output/manifest_snapshots/manifest_2026-08-30.csv,True,kept_latest_create_time
102109835,2026-08-29 01:24:29.733216600,2753.615543,2744.539532,5507.231087,2,32323438,2026-08-30,/home/nk/Projects/data-mining/Chapter_4/Bai_3/output/manifest_snapshots/manifest_2026-08-30.csv,True,kept_latest_create_time
102080719,2026-08-29 00:32:28.527219900,2753.571843,2750.029223,5507.143685,2,32297137,2026-08-30,/home/nk/Projects/data-mining/Chapter_4/Bai_3/output/manifest_snapshots/manifest_2026-08-30.csv,True,kept_latest_create_time
102114403,2026-08-29 01:32:30.556687000,2753.541669,2742.204646,5507.083337,2,32433019,2026-08-30,/home/nk/Projects/data-mining/Chapter_4/Bai_3/output/manifest_snapshots/manifest_2026-08-30.csv,True,kept_latest_create_time
102288403,2026-08-29 06:44:33.111326500,2753.45251,2750.612379,5506.905019,2,32738843,2026-08-30,/home/nk/Projects/data-mining/Chapter_4/Bai_3/output/manifest_snapshots/manifest_2026-08-30.csv,True,kept_latest_create_time
102583135,2026-08-29 15:32:35.810480000,2753.356872,2709.105572,5506.713745,2,32355400,2026-08-30,/home/nk/Projects/data-mining/Chapter_4/Bai_3/output/manifest_snapshots/manifest_2026-08-30.csv,True,kept_latest_create_time
102797262,2026-08-29 21:56:39.205097200,2753.325585,2751.809523,5506.65117,2,31370550,2026-08-30,/home/nk/Projects/data-mining/Chapter_4/Bai_3/output/manifest_snapshots/manifest_2026-08-30.csv,True,kept_latest_create_time
102301827,2026-08-29 07:08:31.316802300,2753.25452,2740.902257,5506.50904,2,32744988,2026-08-30,/home/nk/Projects/data-mining/Chapter_4/Bai_3/output/manifest_snapshots/manifest_2026-08-30.csv,True,kept_latest_create_time
102143381,2026-08-29 02:24:30.470415600,2753.210113,2748.807505,5506.420226,2,32610333,2026-08-30,/home/nk/Projects/data-mining/Chapter_4/Bai_3/output/manifest_snapshots/manifest_2026-08-30.csv,True,kept_latest_create_time
102297351,2026-08-29 07:00:32.629388200,2752.974746,2750.712118,5505.949493,2,32449562,2026-08-30,/home/nk/Projects/data-mining/Chapter_4/Bai_3/output/manifest_snapshots/manifest_2026-08-30.csv,True,kept_latest_create_time
102621118,2026-08-29 16:40:33.756117800,2752.878079,2693.234773,5505.756157,2,32449364,2026-08-30,/home/nk/Projects/data-mining/Chapter_4/Bai_3/output/manifest_snapshots/manifest_2026-08-30.csv,True,kept_latest_create_time
102543000,2026-08-29 14:20:31.605880600,2752.86279,2732.210902,5505.725579,2,32555464,2026-08-30,/home/nk/Projects/data-mining/Chapter_4/Bai_3/output/manifest_snapshots/manifest_2026-08-30.csv,True,kept_latest_create_time
102440263,2026-08-29 11:16:30.239538600,2752.722274,2750.366047,5505.444548,2,32702823,2026-08-30,/home/nk/Projects/data-mining/Chapter_4/Bai_3/output/manifest_snapshots/manifest_2026-08-30.csv,True,kept_latest_create_time
102795116,2026-08-29 21:52:40.549755900,2751.392735,2740.097858,5502.78547,2,32570458,2026-08-30,/home/nk/Projects/data-mining/Chapter_4/Bai_3/output/manifest_snapshots/manifest_2026-08-30.csv,True,kept_latest_create_time
102636824,2026-08-29 17:08:35.756122900,2751.37849,2732.141845,5502.756981,2,32560261,2026-08-30,/home/nk/Projects/data-mining/Chapter_4/Bai_3/output/manifest_snapshots/manifest_2026-08-30.csv,True,kept_latest_create_time
102116537,2026-08-29 01:36:29.423223600,2750.32599,2737.971094,5500.651981,2,32436158,2026-08-30,/home/nk/Projects/data-mining/Chapter_4/Bai_3/output/manifest_snapshots/manifest_2026-08-30.csv,True,kept_latest_create_time
102464773,2026-08-29 12:00:30.456089000,2750.167787,2725.114029,5500.335574,2,32450951,2026-08-30,/home/nk/Projects/data-mining/Chapter_4/Bai_3/output/manifest_snapshots/manifest_2026-08-30.csv,True,kept_latest_create_time
102489476,2026-08-29 12:44:39.221913700,2749.980517,2715.2122,5499.961034,2,32148175,2026-08-30,/home/nk/Projects/data-mining/Chapter_4/Bai_3/output/manifest_snapshots/manifest_2026-08-30.csv,True,kept_latest_create_time
102502613,2026-08-29 13:08:37.244047600,2749.55438,2738.621765,5499.10876,2,32266212,2026-08-30,/home/nk/Projects/data-mining/Chapter_4/Bai_3/output/manifest_snapshots/manifest_2026-08-30.csv,True,kept_latest_create_time
102632359,2026-08-29 17:00:33.731658800,2749.403087,2742.336977,5498.806175,2,32561500,2026-08-30,/home/nk/Projects/data-mining/Chapter_4/Bai_3/output/manifest_snapshots/manifest_2026-08-30.csv,True,kept_latest_create_time
102779478,2026-08-29 21:24:39.437071100,2747.823131,2732.863008,5495.646261,2,31454899,2026-08-30,/home/nk/Projects/data-mining/Chapter_4/Bai_3/output/manifest_snapshots/manifest_2026-08-30.csv,True,kept_latest_create_time
102082990,2026-08-29 00:36:28.562802200,2747.816425,2738.674715,5495.632849,2,32281272,2026-08-30,/home/nk/Projects/data-mining/Chapter_4/Bai_3/output/manifest_snapshots/manifest_2026-08-30.csv,True,kept_latest_create_time
102641401,2026-08-29 17:16:37.253981700,2746.966894,2707.322711,5493.933787,2,32433687,2026-08-30,/home/nk/Projects/data-mining/Chapter_4/Bai_3/output/manifest_snapshots/manifest_2026-08-30.csv,True,kept_latest_create_time
102243909,2026-08-29 05:24:33.113683600,2746.658372,2728.601725,5493.316745,2,30383137,2026-08-30,/home/nk/Projects/data-mining/Chapter_4/Bai_3/output/manifest_snapshots/manifest_2026-08-30.csv,True,kept_latest_create_time
102337637,2026-08-29 08:12:36.433199800,2746.594768,2745.987897,5493.189537,2,32636272,2026-08-30,/home/nk/Projects/data-mining/Chapter_4/Bai_3/output/manifest_snapshots/manifest_2026-08-30.csv,True,kept_latest_create_time
102389026,2026-08-29 09:44:28.666512300,2746.498989,2731.605958,5492.997977,2,32615654,2026-08-30,/home/nk/Projects/data-mining/Chapter_4/Bai_3/output/manifest_snapshots/manifest_2026-08-30.csv,True,kept_latest_create_time
102792964,2026-08-29 21:48:42.061529700,2745.977905,2723.513896,5491.95581,2,32555537,2026-08-30,/home/nk/Projects/data-mining/Chapter_4/Bai_3/output/manifest_snapshots/manifest_2026-08-30.csv,True,kept_latest_create_time
102574301,2026-08-29 15:16:37.345400300,2745.937713,2704.13024,5491.875427,2,31051623,2026-08-30,/home/nk/Projects/data-mining/Chapter_4/Bai_3/output/manifest_snapshots/manifest_2026-08-30.csv,True,kept_latest_create_time
102808547,2026-08-29 22:16:39.252749200,2745.446631,2721.044712,5490.893262,2,32404073,2026-08-30,/home/nk/Projects/data-mining/Chapter_4/Bai_3/output/manifest_snapshots/manifest_2026-08-30.csv,True,kept_latest_create_time
102310772,2026-08-29 07:24:28.566670800,2745.430452,2701.831118,5490.860904,2,32536905,2026-08-30,/home/nk/Projects/data-mining/Chapter_4/Bai_3/output/manifest_snapshots/manifest_2026-08-30.csv,True,kept_latest_create_time
102150172,2026-08-29 02:36:29.589267400,2745.376726,2733.720313,5490.753453,2,32136303,2026-08-30,/home/nk/Projects/data-mining/Chapter_4/Bai_3/output/manifest_snapshots/manifest_2026-08-30.csv,True,kept_latest_create_time
102446982,2026-08-29 11:28:32.114522700,2745.365367,2724.31803,5490.730734,2,32746467,2026-08-30,/home/nk/Projects/data-mining/Chapter_4/Bai_3/output/manifest_snapshots/manifest_2026-08-30.csv,True,kept_latest_create_time
102313016,2026-08-29 07:28:31.240216300,2745.336482,2708.618493,5490.672963,2,32345115,2026-08-30,/home/nk/Projects/data-mining/Chapter_4/Bai_3/output/manifest_snapshots/manifest_2026-08-30.csv,True,kept_latest_create_time
102603206,2026-08-29 16:08:41.321130500,2745.238074,2715.549276,5490.476148,2,32458650,2026-08-30,/home/nk/Projects/data-mining/Chapter_4/Bai_3/output/manifest_snapshots/manifest_2026-08-30.csv,True,kept_latest_create_time
102511575,2026-08-29 13:24:33.290971900,2744.789059,2731.906513,5489.578118,2,30871127,2026-08-30,/home/nk/Projects/data-mining/Chapter_4/Bai_3/output/manifest_snapshots/manifest_2026-08-30.csv,True,kept_latest_create_time
102498220,2026-08-29 13:00:34.030769500,2744.720592,2723.853639,5489.441185,2,32415692,2026-08-30,/home/nk/Projects/data-mining/Chapter_4/Bai_3/output/manifest_snapshots/manifest_2026-08-30.csv,True,kept_latest_create_time
102674691,2026-08-29 18:16:36.411519700,2743.990681,2742.632776,5487.981361,2,32590300,2026-08-30,/home/nk/Projects/data-mining/Chapter_4/Bai_3/output/manifest_snapshots/manifest_2026-08-30.csv,True,kept_latest_create_time
102538503,2026-08-29 14:12:32.613365600,2743.712704,2743.043014,5487.425408,2,32321504,2026-08-30,/home/nk/Projects/data-mining/Chapter_4/Bai_3/output/manifest_snapshots/manifest_2026-08-30.csv,True,kept_latest_create_time
102576541,2026-08-29 15:20:38.438277300,2743.642903,2712.031138,5487.285806,2,32338531,2026-08-30,/home/nk/Projects/data-mining/Chapter_4/Bai_3/output/manifest_snapshots/manifest_2026-08-30.csv,True,kept_latest_create_time
102283928,2026-08-29 06:36:34.035876700,2743.53068,2741.926424,5487.06136,2,32599204,2026-08-30,/home/nk/Projects/data-mining/Chapter_4/Bai_3/output/manifest_snapshots/manifest_2026-08-30.csv,True,kept_latest_create_time
102543110,2026-08-29 14:20:31.774835600,2743.486746,2695.584859,5486.973491,2,32450437,2026-08-30,/home/nk/Projects/data-mining/Chapter_4/Bai_3/output/manifest_snapshots/manifest_2026-08-30.csv,True,kept_latest_create_time
102679121,2026-08-29 18:24:35.679635700,2743.068591,2738.103691,5486.137182,2,32527669,2026-08-30,/home/nk/Projects/data-mining/Chapter_4/Bai_3/output/manifest_snapshots/manifest_2026-08-30.csv,True,kept_latest_create_time
102181384,2026-08-29 03:32:28.859095500,2742.964693,2733.300785,5485.929385,2,32624033,2026-08-30,/home/nk/Projects/data-mining/Chapter_4/Bai_3/output/manifest_snapshots/manifest_2026-08-30.csv,True,kept_latest_create_time
102677146,2026-08-29 18:20:37.129754600,2742.8357,2717.28834,5485.6714,2,31446883,2026-08-30,/home/nk/Projects/data-mining/Chapter_4/Bai_3/output/manifest_snapshots/manifest_2026-08-30.csv,True,kept_latest_create_time
102777395,2026-08-29 21:20:40.823640100,2742.534493,2720.526235,5485.068986,2,32399369,2026-08-30,/home/nk/Projects/data-mining/Chapter_4/Bai_3/output/manifest_snapshots/manifest_2026-08-30.csv,True,kept_latest_create_time
102335390,2026-08-29 08:08:30.544696200,2742.499487,2709.035125,5484.998973,2,32437666,2026-08-30,/home/nk/Projects/data-mining/Chapter_4/Bai_3/output/manifest_snapshots/manifest_2026-08-30.csv,True,kept_latest_create_time
102549659,2026-08-29 14:32:31.242971900,2742.481492,2707.729409,5484.962984,2,32512898,2026-08-30,/home/nk/Projects/data-mining/Chapter_4/Bai_3/output/manifest_snapshots/manifest_2026-08-30.csv,True,kept_latest_create_time
102487150,2026-08-29 12:40:32.733710700,2742.327977,2713.599428,5484.655953,2,32566648,2026-08-30,/home/nk/Projects/data-mining/Chapter_4/Bai_3/output/manifest_snapshots/manifest_2026-08-30.csv,True,kept_latest_create_time
102085230,2026-08-29 00:40:31.634612900,2742.100819,2728.634937,5484.201638,2,32447974,2026-08-30,/home/nk/Projects/data-mining/Chapter_4/Bai_3/output/manifest_snapshots/manifest_2026-08-30.csv,True,kept_latest_create_time
102346485,2026-08-29 08:28:30.317959900,2741.98282,2714.70746,5483.965641,2,32418564,2026-08-30,/home/nk/Projects/data-mining/Chapter_4/Bai_3/output/manifest_snapshots/manifest_2026-08-30.csv,True,kept_latest_create_time
102493982,2026-08-29 12:52:33.033711100,2741.74826,2719.737797,5483.49652,2,32625211,2026-08-30,/home/nk/Projects/data-mining/Chapter_4/Bai_3/output/manifest_snapshots/manifest_2026-08-30.csv,True,kept_latest_create_time
102496081,2026-08-29 12:56:32.897195200,2741.670872,2695.409995,5483.341743,2,31098576,2026-08-30,/home/nk/Projects/data-mining/Chapter_4/Bai_3/output/manifest_snapshots/manifest_2026-08-30.csv,True,kept_latest_create_time
102837653,2026-08-29 23:08:39.692461600,2741.619884,2708.03681,5483.239767,2,32432870,2026-08-30,/home/nk/Projects/data-mining/Chapter_4/Bai_3/output/manifest_snapshots/manifest_2026-08-30.csv,True,kept_latest_create_time
102848785,2026-08-29 23:28:52.119705300,2741.385282,2712.357523,5482.770563,2,32461216,2026-08-30,/home/nk/Projects/data-mining/Chapter_4/Bai_3/output/manifest_snapshots/manifest_2026-08-30.csv,True,kept_latest_create_time
102078489,2026-08-29 00:28:30.521292900,2741.174491,2739.323778,5482.348981,2,32398941,2026-08-30,/home/nk/Projects/data-mining/Chapter_4/Bai_3/output/manifest_snapshots/manifest_2026-08-30.csv,True,kept_latest_create_time
102652483,2026-08-29 17:36:40.517581900,2740.871595,2711.722344,5481.743191,2,32605512,2026-08-30,/home/nk/Projects/data-mining/Chapter_4/Bai_3/output/manifest_snapshots/manifest_2026-08-30.csv,True,kept_latest_create_time
102516044,2026-08-29 13:32:32.678869100,2740.733191,2715.346583,5481.466383,2,32061018,2026-08-30,/home/nk/Projects/data-mining/Chapter_4/Bai_3/output/manifest_snapshots/manifest_2026-08-30.csv,True,kept_latest_create_time
102335330,2026-08-29 08:08:30.451383000,2740.355658,2714.721115,5480.711316,2,32484023,2026-08-30,/home/nk/Projects/data-mining/Chapter_4/Bai_3/output/manifest_snapshots/manifest_2026-08-30.csv,True,kept_latest_create_time
102444750,2026-08-29 11:24:30.131487600,2740.084296,2718.728619,5480.168592,2,32575258,2026-08-30,/home/nk/Projects/data-mining/Chapter_4/Bai_3/output/manifest_snapshots/manifest_2026-08-30.csv,True,kept_latest_create_time
102094187,2026-08-29 00:56:29.706118400,2740.021572,2739.743163,5480.043144,2,32455292,2026-08-30,/home/nk/Projects/data-mining/Chapter_4/Bai_3/output/manifest_snapshots/manifest_2026-08-30.csv,True,kept_latest_create_time
102339808,2026-08-29 08:16:30.017433300,2739.963861,2714.594437,5479.927722,2,32562768,2026-08-30,/home/nk/Projects/data-mining/Chapter_4/Bai_3/output/manifest_snapshots/manifest_2026-08-30.csv,True,kept_latest_create_time
102313119,2026-08-29 07:28:31.429324500,2739.926857,2718.248385,5479.853714,2,32433405,2026-08-30,/home/nk/Projects/data-mining/Chapter_4/Bai_3/output/manifest_snapshots/manifest_2026-08-30.csv,True,kept_latest_create_time
102534021,2026-08-29 14:04:37.749911400,2739.702172,2730.344313,5479.404343,2,32429308,2026-08-30,/home/nk/Projects/data-mining/Chapter_4/Bai_3/output/manifest_snapshots/manifest_2026-08-30.csv,True,kept_latest_create_time
102190128,2026-08-29 03:48:30.819553200,2739.664189,2694.089888,5479.328378,2,31968876,2026-08-30,/home/nk/Projects/data-mining/Chapter_4/Bai_3/output/manifest_snapshots/manifest_2026-08-30.csv,True,kept_latest_create_time
102634589,2026-08-29 17:04:36.861544600,2739.461631,2715.419171,5478.923263,2,32634189,2026-08-30,/home/nk/Projects/data-mining/Chapter_4/Bai_3/output/manifest_snapshots/manifest_2026-08-30.csv,True,kept_latest_create_time
102109920,2026-08-29 01:24:29.904152000,2739.33208,2733.484097,5478.66416,2,32440969,2026-08-30,/home/nk/Projects/data-mining/Chapter_4/Bai_3/output/manifest_snapshots/manifest_2026-08-30.csv,True,kept_latest_create_time
102592272,2026-08-29 15:48:48.261486800,2738.776502,2701.39318,5477.553005,2,31108282,2026-08-30,/home/nk/Projects/data-mining/Chapter_4/Bai_3/output/manifest_snapshots/manifest_2026-08-30.csv,True,kept_latest_create_time
102408936,2026-08-29 10:20:33.910411200,2738.618893,2717.205509,5477.237787,2,32558040,2026-08-30,/home/nk/Projects/data-mining/Chapter_4/Bai_3/output/manifest_snapshots/manifest_2026-08-30.csv,True,kept_latest_create_time
102065094,2026-08-29 00:04:28.621768100,2738.490357,2729.198093,5476.980714,2,32436465,2026-08-30,/home/nk/Projects/data-mining/Chapter_4/Bai_3/output/manifest_snapshots/manifest_2026-08-30.csv,True,kept_latest_create_time
102279559,2026-08-29 06:28:36.519432800,2738.434172,2721.583008,5476.868345,2,32435749,2026-08-30,/home/nk/Projects/data-mining/Chapter_4/Bai_3/output/manifest_snapshots/manifest_2026-08-30.csv,True,kept_latest_create_time
102571934,2026-08-29 15:12:37.963934700,2737.610669,2737.025702,5475.221339,2,32305344,2026-08-30,/home/nk/Projects/data-mining/Chapter_4/Bai_3/output/manifest_snapshots/manifest_2026-08-30.csv,True,kept_latest_create_time
102205861,2026-08-29 04:16:32.712916200,2737.511967,2732.572306,5475.023934,2,32518355,2026-08-30,/home/nk/Projects/data-mining/Chapter_4/Bai_3/output/manifest_snapshots/manifest_2026-08-30.csv,True,kept_latest_create_time
102681427,2026-08-29 18:28:37.817885000,2737.23519,2698.844057,5474.470381,2,32416130,2026-08-30,/home/nk/Projects/data-mining/Chapter_4/Bai_3/output/manifest_snapshots/manifest_2026-08-30.csv,True,kept_latest_create_time
102366678,2026-08-29 09:04:29.018949500,2736.902971,2708.780919,5473.805942,2,32389383,2026-08-30,/home/nk/Projects/data-mining/Chapter_4/Bai_3/output/manifest_snapshots/manifest_2026-08-30.csv,True,kept_latest_create_time
102567567,2026-08-29 15:04:39.713043100,2736.741054,2707.159933,5473.482108,2,32379888,2026-08-30,/home/nk/Projects/data-mining/Chapter_4/Bai_3/output/manifest_snapshots/manifest_2026-08-30.csv,True,kept_latest_create_time
102681352,2026-08-29 18:28:37.706127100,2736.400044,2709.041147,5472.800088,2,32557303,2026-08-30,/home/nk/Projects/data-mining/Chapter_4/Bai_3/output/manifest_snapshots/manifest_2026-08-30.csv,True,kept_latest_create_time
102663732,2026-08-29 17:56:36.333082100,2736.304068,2697.174728,5472.608136,2,32504451,2026-08-30,/home/nk/Projects/data-mining/Chapter_4/Bai_3/output/manifest_snapshots/manifest_2026-08-30.csv,True,kept_latest_create_time
102342039,2026-08-29 08:20:28.998750200,2736.226342,2731.284861,5472.452684,2,32760761,2026-08-30,/home/nk/Projects/data-mining/Chapter_4/Bai_3/output/manifest_snapshots/manifest_2026-08-30.csv,True,kept_latest_create_time
102551885,2026-08-29 14:36:32.720194100,2735.610635,2714.621737,5471.221271,2,32524964,2026-08-30,/home/nk/Projects/data-mining/Chapter_4/Bai_3/output/manifest_snapshots/manifest_2026-08-30.csv,True,kept_latest_create_time
102451456,2026-08-29 11:36:30.302823400,2735.504266,2705.963807,5471.008531,2,32216990,2026-08-30,/home/nk/Projects/data-mining/Chapter_4/Bai_3/output/manifest_snapshots/manifest_2026-08-30.csv,True,kept_latest_create_time
102344282,2026-08-29 08:24:29.216217100,2735.239619,2705.684072,5470.479239,2,32574880,2026-08-30,/home/nk/Projects/data-mining/Chapter_4/Bai_3/output/manifest_snapshots/manifest_2026-08-30.csv,True,kept_latest_create_time
102717091,2026-08-29 19:32:34.941526100,2735.206105,2699.113934,5470.41221,2,32581934,2026-08-30,/home/nk/Projects/data-mining/Chapter_4/Bai_3/output/manifest_snapshots/manifest_2026-08-30.csv,True,kept_latest_create_time
102330847,2026-08-29 08:00:28.621044000,2735.128784,2714.290664,5470.257568,2,32375869,2026-08-30,/home/nk/Projects/data-mining/Chapter_4/Bai_3/output/manifest_snapshots/manifest_2026-08-30.csv,True,kept_latest_create_time
102797444,2026-08-29 21:56:39.432814800,2735.00091,2708.512299,5470.00182,2,32387198,2026-08-30,/home/nk/Projects/data-mining/Chapter_4/Bai_3/output/manifest_snapshots/manifest_2026-08-30.csv,True,kept_latest_create_time
102804030,2026-08-29 22:08:41.009876700,2734.908683,2694.170391,5469.817366,2,32523761,2026-08-30,/home/nk/Projects/data-mining/Chapter_4/Bai_3/output/manifest_snapshots/manifest_2026-08-30.csv,True,kept_latest_create_time
102547420,2026-08-29 14:28:33.328282400,2734.69864,2714.295605,5469.39728,2,32085728,2026-08-30,/home/nk/Projects/data-mining/Chapter_4/Bai_3/output/manifest_snapshots/manifest_2026-08-30.csv,True,kept_latest_create_time
102788415,2026-08-29 21:40:39.949279700,2734.439007,2723.34357,5468.878014,2,32677857,2026-08-30,/home/nk/Projects/data-mining/Chapter_4/Bai_3/output/manifest_snapshots/manifest_2026-08-30.csv,True,kept_latest_create_time
102656956,2026-08-29 17:44:36.426899000,2734.183425,2686.18905,5468.36685,2,32478545,2026-08-30,/home/nk/Projects/data-mining/Chapter_4/Bai_3/output/manifest_snapshots/manifest_2026-08-30.csv,True,kept_latest_create_time
102080767,2026-08-29 00:32:28.603523300,2734.178213,2727.902585,5468.356426,2,32459602,2026-08-30,/home/nk/Projects/data-mining/Chapter_4/Bai_3/output/manifest_snapshots/manifest_2026-08-30.csv,True,kept_latest_create_time
102082949,2026-08-29 00:36:28.517210500,2733.530491,2697.096977,5467.060983,2,32247623,2026-08-30,/home/nk/Projects/data-mining/Chapter_4/Bai_3/output/manifest_snapshots/manifest_2026-08-30.csv,True,kept_latest_create_time
102083141,2026-08-29 00:36:28.772648200,2733.309025,2692.272773,5466.61805,2,31570178,2026-08-30,/home/nk/Projects/data-mining/Chapter_4/Bai_3/output/manifest_snapshots/manifest_2026-08-30.csv,True,kept_latest_create_time
102750665,2026-08-29 20:32:39.331452800,2733.189655,2699.746192,5466.379311,2,32620180,2026-08-30,/home/nk/Projects/data-mining/Chapter_4/Bai_3/output/manifest_snapshots/manifest_2026-08-30.csv,True,kept_latest_create_time
102333093,2026-08-29 08:04:28.811301300,2733.053225,2705.124204,5466.106451,2,32410949,2026-08-30,/home/nk/Projects/data-mining/Chapter_4/Bai_3/output/manifest_snapshots/manifest_2026-08-30.csv,True,kept_latest_create_time
102650243,2026-08-29 17:32:38.418977800,2732.937899,2701.172728,5465.875798,2,32692700,2026-08-30,/home/nk/Projects/data-mining/Chapter_4/Bai_3/output/manifest_snapshots/manifest_2026-08-30.csv,True,kept_latest_create_time
102145645,2026-08-29 02:28:32.022977500,2732.681932,2712.581507,5465.363865,2,31253952,2026-08-30,/home/nk/Projects/data-mining/Chapter_4/Bai_3/output/manifest_snapshots/manifest_2026-08-30.csv,True,kept_latest_create_time
102293010,2026-08-29 06:52:32.617845100,2732.479362,2724.236609,5464.958724,2,32411998,2026-08-30,/home/nk/Projects/data-mining/Chapter_4/Bai_3/output/manifest_snapshots/manifest_2026-08-30.csv,True,kept_latest_create_time
102574170,2026-08-29 15:16:37.139127900,2732.11495,2712.423345,5464.229901,2,32448906,2026-08-30,/home/nk/Projects/data-mining/Chapter_4/Bai_3/output/manifest_snapshots/manifest_2026-08-30.csv,True,kept_latest_create_time
102216977,2026-08-29 04:36:34.323588900,2731.879978,2696.104552,5463.759956,2,32040089,2026-08-30,/home/nk/Projects/data-mining/Chapter_4/Bai_3/output/manifest_snapshots/manifest_2026-08-30.csv,True,kept_latest_create_time
102299586,2026-08-29 07:04:31.832175400,2731.737469,2703.33691,5463.474939,2,32568018,2026-08-30,/home/nk/Projects/data-mining/Chapter_4/Bai_3/output/manifest_snapshots/manifest_2026-08-30.csv,True,kept_latest_create_time
102509338,2026-08-29 13:20:33.090621800,2731.613174,2712.765793,5463.226348,2,31276637,2026-08-30,/home/nk/Projects/data-mining/Chapter_4/Bai_3/output/manifest_snapshots/manifest_2026-08-30.csv,True,kept_latest_create_time
102576404,2026-08-29 15:20:38.223049300,2731.595606,2699.69687,5463.191213,2,32384224,2026-08-30,/home/nk/Projects/data-mining/Chapter_4/Bai_3/output/manifest_snapshots/manifest_2026-08-30.csv,True,kept_latest_create_time
102763891,2026-08-29 20:56:40.126157400,2731.302562,2704.70107,5462.605125,2,32580221,2026-08-30,/home/nk/Projects/data-mining/Chapter_4/Bai_3/output/manifest_snapshots/manifest_2026-08-30.csv,True,kept_latest_create_time
102824214,2026-08-29 22:44:40.400546400,2731.123827,2717.949251,5462.247653,2,30988483,2026-08-30,/home/nk/Projects/data-mining/Chapter_4/Bai_3/output/manifest_snapshots/manifest_2026-08-30.csv,True,kept_latest_create_time
102770570,2026-08-29 21:08:42.502212400,2731.11807,2709.747081,5462.23614,2,32303261,2026-08-30,/home/nk/Projects/data-mining/Chapter_4/Bai_3/output/manifest_snapshots/manifest_2026-08-30.csv,True,kept_latest_create_time
102295115,2026-08-29 06:56:31.475816600,2730.947468,2712.822437,5461.894937,2,31212705,2026-08-30,/home/nk/Projects/data-mining/Chapter_4/Bai_3/output/manifest_snapshots/manifest_2026-08-30.csv,True,kept_latest_create_time
102795038,2026-08-29 21:52:40.426878500,2730.224379,2719.219445,5460.448758,2,32553544,2026-08-30,/home/nk/Projects/data-mining/Chapter_4/Bai_3/output/manifest_snapshots/manifest_2026-08-30.csv,True,kept_latest_create_time
102670205,2026-08-29 18:08:38.399329000,2730.104066,2725.958574,5460.208132,2,32574003,2026-08-30,/home/nk/Projects/data-mining/Chapter_4/Bai_3/output/manifest_snapshots/manifest_2026-08-30.csv,True,kept_latest_create_time
102201381,2026-08-29 04:08:34.144112700,2729.794992,2723.946883,5459.589984,2,32429791,2026-08-30,/home/nk/Projects/data-mining/Chapter_4/Bai_3/output/manifest_snapshots/manifest_2026-08-30.csv,True,kept_latest_create_time
102112156,2026-08-29 01:28:32.538303900,2729.716055,2716.55636,5459.43211,2,32475656,2026-08-30,/home/nk/Projects/data-mining/Chapter_4/Bai_3/output/manifest_snapshots/manifest_2026-08-30.csv,True,kept_latest_create_time
102552024,2026-08-29 14:36:33.007713700,2729.457086,2691.728231,5458.914172,2,32231627,2026-08-30,/home/nk/Projects/data-mining/Chapter_4/Bai_3/output/manifest_snapshots/manifest_2026-08-30.csv,True,kept_latest_create_time
102630123,2026-08-29 16:56:31.553668600,2729.433146,2710.69283,5458.866292,2,32551763,2026-08-30,/home/nk/Projects/data-mining/Chapter_4/Bai_3/output/manifest_snapshots/manifest_2026-08-30.csv,True,kept_latest_create_time
102797343,2026-08-29 21:56:39.311007200,2729.38318,2692.093613,5458.766361,2,32506687,2026-08-30,/home/nk/Projects/data-mining/Chapter_4/Bai_3/output/manifest_snapshots/manifest_2026-08-30.csv,True,kept_latest_create_time
102777414,2026-08-29 21:20:40.845076200,2729.20053,2701.415529,5458.401061,2,32675469,2026-08-30,/home/nk/Projects/data-mining/Chapter_4/Bai_3/output/manifest_snapshots/manifest_2026-08-30.csv,True,kept_latest_create_time
102601001,2026-08-29 16:04:35.040589400,2728.79082,2696.068033,5457.58164,2,32049227,2026-08-30,/home/nk/Projects/data-mining/Chapter_4/Bai_3/output/manifest_snapshots/manifest_2026-08-30.csv,True,kept_latest_create_time
102076300,2026-08-29 00:24:29.625107900,2728.660903,2727.561282,5457.321806,2,32454636,2026-08-30,/home/nk/Projects/data-mining/Chapter_4/Bai_3/output/manifest_snapshots/manifest_2026-08-30.csv,True,kept_latest_create_time
102799490,2026-08-29 22:00:42.158219800,2728.602574,2697.510331,5457.205149,2,32527299,2026-08-30,/home/nk/Projects/data-mining/Chapter_4/Bai_3/output/manifest_snapshots/manifest_2026-08-30.csv,True,kept_latest_create_time
102619050,2026-08-29 16:36:37.450494300,2728.46191,2706.811224,5456.92382,2,31181507,2026-08-30,/home/nk/Projects/data-mining/Chapter_4/Bai_3/output/manifest_snapshots/manifest_2026-08-30.csv,True,kept_latest_create_time
102339821,2026-08-29 08:16:30.031446600,2728.321522,2725.618503,5456.643044,2,32547307,2026-08-30,/home/nk/Projects/data-mining/Chapter_4/Bai_3/output/manifest_snapshots/manifest_2026-08-30.csv,True,kept_latest_create_time
102667976,2026-08-29 18:04:35.847445000,2728.303912,2727.495959,5456.607824,2,32579655,2026-08-30,/home/nk/Projects/data-mining/Chapter_4/Bai_3/output/manifest_snapshots/manifest_2026-08-30.csv,True,kept_latest_create_time
102337576,2026-08-29 08:12:36.324839300,2727.847994,2719.929174,5455.695987,2,32557895,2026-08-30,/home/nk/Projects/data-mining/Chapter_4/Bai_3/output/manifest_snapshots/manifest_2026-08-30.csv,True,kept_latest_create_time
102826416,2026-08-29 22:48:41.412332700,2727.712507,2688.704579,5455.425015,2,32756062,2026-08-30,/home/nk/Projects/data-mining/Chapter_4/Bai_3/output/manifest_snapshots/manifest_2026-08-30.csv,True,kept_latest_create_time
102190210,2026-08-29 03:48:30.951501500,2727.411745,2707.552078,5454.82349,2,32612730,2026-08-30,/home/nk/Projects/data-mining/Chapter_4/Bai_3/output/manifest_snapshots/manifest_2026-08-30.csv,True,kept_latest_create_time
102759654,2026-08-29 20:48:46.209310500,2727.319671,2696.921694,5454.639343,2,32358482,2026-08-30,/home/nk/Projects/data-mining/Chapter_4/Bai_3/output/manifest_snapshots/manifest_2026-08-30.csv,True,kept_latest_create_time
102208023,2026-08-29 04:20:33.516976900,2727.152819,2706.940558,5454.305638,2,32437393,2026-08-30,/home/nk/Projects/data-mining/Chapter_4/Bai_3/output/manifest_snapshots/manifest_2026-08-30.csv,True,kept_latest_create_time
102270520,2026-08-29 06:12:32.940163100,2727.085655,2699.003434,5454.17131,2,32584995,2026-08-30,/home/nk/Projects/data-mining/Chapter_4/Bai_3/output/manifest_snapshots/manifest_2026-08-30.csv,True,kept_latest_create_time
102326376,2026-08-29 07:52:28.964305500,2727.083935,2708.85725,5454.16787,2,32484988,2026-08-30,/home/nk/Projects/data-mining/Chapter_4/Bai_3/output/manifest_snapshots/manifest_2026-08-30.csv,True,kept_latest_create_time
102529542,2026-08-29 13:56:34.541377300,2727.007851,2723.928402,5454.015703,2,31518490,2026-08-30,/home/nk/Projects/data-mining/Chapter_4/Bai_3/output/manifest_snapshots/manifest_2026-08-30.csv,True,kept_latest_create_time
102547476,2026-08-29 14:28:33.420534300,2726.813581,2709.800627,5453.627163,2,30827077,2026-08-30,/home/nk/Projects/data-mining/Chapter_4/Bai_3/output/manifest_snapshots/manifest_2026-08-30.csv,True,kept_latest_create_time
102080904,2026-08-29 00:32:28.769460100,2726.676179,2704.926302,5453.352358,2,32336751,2026-08-30,/home/nk/Projects/data-mining/Chapter_4/Bai_3/output/manifest_snapshots/manifest_2026-08-30.csv,True,kept_latest_create_time
102342029,2026-08-29 08:20:28.931984500,2726.559407,2714.823191,5453.118815,2,32421100,2026-08-30,/home/nk/Projects/data-mining/Chapter_4/Bai_3/output/manifest_snapshots/manifest_2026-08-30.csv,True,kept_latest_create_time
102692510,2026-08-29 18:48:37.233774500,2726.456925,2714.255165,5452.913851,2,32283739,2026-08-30,/home/nk/Projects/data-mining/Chapter_4/Bai_3/output/manifest_snapshots/manifest_2026-08-30.csv,True,kept_latest_create_time
102862048,2026-08-29 23:52:44.933836100,2726.351265,2705.866106,5452.702531,2,32434130,2026-08-30,/home/nk/Projects/data-mining/Chapter_4/Bai_3/output/manifest_snapshots/manifest_2026-08-30.csv,True,kept_latest_create_time
102520529,2026-08-29 13:40:31.040772900,2726.240003,2659.270532,5452.480006,2,32484539,2026-08-30,/home/nk/Projects/data-mining/Chapter_4/Bai_3/output/manifest_snapshots/manifest_2026-08-30.csv,True,kept_latest_create_time
102321903,2026-08-29 07:44:28.803900400,2726.20374,2718.705301,5452.407479,2,32570424,2026-08-30,/home/nk/Projects/data-mining/Chapter_4/Bai_3/output/manifest_snapshots/manifest_2026-08-30.csv,True,kept_latest_create_time
102069591,2026-08-29 00:12:29.103922800,2726.151241,2712.054324,5452.302481,2,32246246,2026-08-30,/home/nk/Projects/data-mining/Chapter_4/Bai_3/output/manifest_snapshots/manifest_2026-08-30.csv,True,kept_latest_create_time
102252783,2026-08-29 05:40:32.369787800,2725.704004,2706.434447,5451.408007,2,31236173,2026-08-30,/home/nk/Projects/data-mining/Chapter_4/Bai_3/output/manifest_snapshots/manifest_2026-08-30.csv,True,kept_latest_create_time
102357672,2026-08-29 08:48:36.627483400,2725.065841,2710.559976,5450.131683,2,32310931,2026-08-30,/home/nk/Projects/data-mining/Chapter_4/Bai_3/output/manifest_snapshots/manifest_2026-08-30.csv,True,kept_latest_create_time
102431414,2026-08-29 11:00:29.636179200,2724.920876,2670.227256,5449.841752,2,32733601,2026-08-30,/home/nk/Projects/data-mining/Chapter_4/Bai_3/output/manifest_snapshots/manifest_2026-08-30.csv,True,kept_latest_create_time
102364469,2026-08-29 09:00:31.338059300,2724.8985,2706.323729,5449.796999,2,32252944,2026-08-30,/home/nk/Projects/data-mining/Chapter_4/Bai_3/output/manifest_snapshots/manifest_2026-08-30.csv,True,kept_latest_create_time
102426833,2026-08-29 10:52:28.868577800,2724.861693,2722.668225,5449.723385,2,32577672,2026-08-30,/home/nk/Projects/data-mining/Chapter_4/Bai_3/output/manifest_snapshots/manifest_2026-08-30.csv,True,kept_latest_create_time
102199146,2026-08-29 04:04:29.549909400,2724.501168,2718.109844,5449.002337,2,32420322,2026-08-30,/home/nk/Projects/data-mining/Chapter_4/Bai_3/output/manifest_snapshots/manifest_2026-08-30.csv,True,kept_latest_create_time
102625629,2026-08-29 16:48:34.625046200,2724.465734,2714.727721,5448.931469,2,32428299,2026-08-30,/home/nk/Projects/data-mining/Chapter_4/Bai_3/output/manifest_snapshots/manifest_2026-08-30.csv,True,kept_latest_create_time
102132232,2026-08-29 02:04:30.735184600,2724.385867,2717.04122,5448.771734,2,32572466,2026-08-30,/home/nk/Projects/data-mining/Chapter_4/Bai_3/output/manifest_snapshots/manifest_2026-08-30.csv,True,kept_latest_create_time
102699210,2026-08-29 19:00:35.064696800,2724.355901,2722.874718,5448.711803,2,32435760,2026-08-30,/home/nk/Projects/data-mining/Chapter_4/Bai_3/output/manifest_snapshots/manifest_2026-08-30.csv,True,kept_latest_create_time
102752906,2026-08-29 20:36:40.273400300,2724.295424,2721.177789,5448.590849,2,32289271,2026-08-30,/home/nk/Projects/data-mining/Chapter_4/Bai_3/output/manifest_snapshots/manifest_2026-08-30.csv,True,kept_latest_create_time
102391046,2026-08-29 09:48:30.828555100,2724.008828,2658.975151,5448.017657,2,32395956,2026-08-30,/home/nk/Projects/data-mining/Chapter_4/Bai_3/output/manifest_snapshots/manifest_2026-08-30.csv,True,kept_latest_create_time
102237133,2026-08-29 05:12:33.342925400,2723.797186,2705.528055,5447.594371,2,32442660,2026-08-30,/home/nk/Projects/data-mining/Chapter_4/Bai_3/output/manifest_snapshots/manifest_2026-08-30.csv,True,kept_latest_create_time
102786175,2026-08-29 21:36:40.712570600,2723.717419,2695.53697,5447.434838,2,32590470,2026-08-30,/home/nk/Projects/data-mining/Chapter_4/Bai_3/output/manifest_snapshots/manifest_2026-08-30.csv,True,kept_latest_create_time
102460289,2026-08-29 11:52:29.827315900,2723.497779,2723.207852,5446.995558,2,32507989,2026-08-30,/home/nk/Projects/data-mining/Chapter_4/Bai_3/output/manifest_snapshots/manifest_2026-08-30.csv,True,kept_latest_create_time
102330861,2026-08-29 08:00:28.638767700,2722.974118,2703.371078,5445.948236,2,32396976,2026-08-30,/home/nk/Projects/data-mining/Chapter_4/Bai_3/output/manifest_snapshots/manifest_2026-08-30.csv,True,kept_latest_create_time
102859850,2026-08-29 23:48:52.036102000,2722.96508,2717.660156,5445.930161,2,30953897,2026-08-30,/home/nk/Projects/data-mining/Chapter_4/Bai_3/output/manifest_snapshots/manifest_2026-08-30.csv,True,kept_latest_create_time
102143389,2026-08-29 02:24:30.497923600,2722.478013,2700.946973,5444.956027,2,32438428,2026-08-30,/home/nk/Projects/data-mining/Chapter_4/Bai_3/output/manifest_snapshots/manifest_2026-08-30.csv,True,kept_latest_create_time
102261664,2026-08-29 05:56:33.904926100,2722.472206,2704.894078,5444.944412,2,30781012,2026-08-30,/home/nk/Projects/data-mining/Chapter_4/Bai_3/output/manifest_snapshots/manifest_2026-08-30.csv,True,kept_latest_create_time
102118885,2026-08-29 01:40:29.403984900,2722.438469,2667.228603,5444.876939,2,32448671,2026-08-30,/home/nk/Projects/data-mining/Chapter_4/Bai_3/output/manifest_snapshots/manifest_2026-08-30.csv,True,kept_latest_create_time
102618896,2026-08-29 16:36:37.204096000,2722.355963,2708.554002,5444.711927,2,32561834,2026-08-30,/home/nk/Projects/data-mining/Chapter_4/Bai_3/output/manifest_snapshots/manifest_2026-08-30.csv,True,kept_latest_create_time
102147918,2026-08-29 02:32:31.819472000,2722.352379,2680.509933,5444.704758,2,32219523,2026-08-30,/home/nk/Projects/data-mining/Chapter_4/Bai_3/output/manifest_snapshots/manifest_2026-08-30.csv,True,kept_latest_create_time
102355428,2026-08-29 08:44:28.924213800,2722.343761,2710.350025,5444.687521,2,32402998,2026-08-30,/home/nk/Projects/data-mining/Chapter_4/Bai_3/output/manifest_snapshots/manifest_2026-08-30.csv,True,kept_latest_create_time
102328615,2026-08-29 07:56:28.410202700,2722.339965,2694.145353,5444.679931,2,32712219,2026-08-30,/home/nk/Projects/data-mining/Chapter_4/Bai_3/output/manifest_snapshots/manifest_2026-08-30.csv,True,kept_latest_create_time
102518349,2026-08-29 13:36:32.718366900,2722.252901,2719.164375,5444.505803,2,32569726,2026-08-30,/home/nk/Projects/data-mining/Chapter_4/Bai_3/output/manifest_snapshots/manifest_2026-08-30.csv,True,kept_latest_create_time
102558664,2026-08-29 14:48:39.966409900,2721.670603,2682.521689,5443.341206,2,32072503,2026-08-30,/home/nk/Projects/data-mining/Chapter_4/Bai_3/output/manifest_snapshots/manifest_2026-08-30.csv,True,kept_latest_create_time
102292975,2026-08-29 06:52:32.552908200,2721.635225,2707.013829,5443.270451,2,30895899,2026-08-30,/home/nk/Projects/data-mining/Chapter_4/Bai_3/output/manifest_snapshots/manifest_2026-08-30.csv,True,kept_latest_create_time
