episode_id,record_level,flag,action,reversible,source_manifest
102062874,episode,rule_reward_sum_mismatch,flag_and_exclude_from_clean_analysis,True,
102062874,episode,rule_any_episode_anomaly,flag_and_exclude_from_clean_analysis,True,
102062874,episode,rule_only,flag_and_exclude_from_clean_analysis,True,
102065094,episode,rule_reward_sum_mismatch,flag_and_exclude_from_clean_analysis,True,
102065094,episode,rule_any_episode_anomaly,flag_and_exclude_from_clean_analysis,True,
102065094,episode,rule_only,flag_and_exclude_from_clean_analysis,True,
102065135,episode,rule_reward_sum_mismatch,flag_and_exclude_from_clean_analysis,True,
102065135,episode,rule_any_episode_anomaly,flag_and_exclude_from_clean_analysis,True,
102065135,episode,rule_only,flag_and_exclude_from_clean_analysis,True,
102065292,episode,rule_reward_sum_mismatch,flag_and_exclude_from_clean_analysis,True,
102065292,episode,rule_any_episode_anomaly,flag_and_exclude_from_clean_analysis,True,
102065292,episode,rule_only,flag_and_exclude_from_clean_analysis,True,
102067349,episode,rule_reward_sum_mismatch,flag_and_exclude_from_clean_analysis,True,
102067349,episode,rule_any_episode_anomaly,flag_and_exclude_from_clean_analysis,True,
102067349,episode,rule_only,flag_and_exclude_from_clean_analysis,True,
102067390,episode,rule_reward_sum_mismatch,flag_and_exclude_from_clean_analysis,True,
102067390,episode,rule_any_episode_anomaly,flag_and_exclude_from_clean_analysis,True,
102067390,episode,rule_only,flag_and_exclude_from_clean_analysis,True,
102067613,episode,rule_reward_sum_mismatch,flag_and_exclude_from_clean_analysis,True,
102067613,episode,rule_any_episode_anomaly,flag_and_exclude_from_clean_analysis,True,
102067613,episode,rule_only,flag_and_exclude_from_clean_analysis,True,
102069591,episode,rule_reward_sum_mismatch,flag_and_exclude_from_clean_analysis,True,
102069591,episode,rule_any_episode_anomaly,flag_and_exclude_from_clean_analysis,True,
102069591,episode,rule_only,flag_and_exclude_from_clean_analysis,True,
102069628,episode,rule_reward_sum_mismatch,flag_and_exclude_from_clean_analysis,True,
102069628,episode,rule_any_episode_anomaly,flag_and_exclude_from_clean_analysis,True,
102069628,episode,rule_only,flag_and_exclude_from_clean_analysis,True,
102071863,episode,rule_reward_sum_mismatch,flag_and_exclude_from_clean_analysis,True,
102071863,episode,rule_any_episode_anomaly,flag_and_exclude_from_clean_analysis,True,
102071863,episode,rule_only,flag_and_exclude_from_clean_analysis,True,
102074098,episode,rule_reward_sum_mismatch,flag_and_exclude_from_clean_analysis,True,
102074098,episode,rule_any_episode_anomaly,flag_and_exclude_from_clean_analysis,True,
102074098,episode,rule_only,flag_and_exclude_from_clean_analysis,True,
102074201,episode,rule_reward_sum_mismatch,flag_and_exclude_from_clean_analysis,True,
102074201,episode,rule_any_episode_anomaly,flag_and_exclude_from_clean_analysis,True,
102074201,episode,rule_only,flag_and_exclude_from_clean_analysis,True,
102076300,episode,rule_reward_sum_mismatch,flag_and_exclude_from_clean_analysis,True,
102076300,episode,rule_any_episode_anomaly,flag_and_exclude_from_clean_analysis,True,
102076300,episode,rule_only,flag_and_exclude_from_clean_analysis,True,
102076339,episode,rule_reward_sum_mismatch,flag_and_exclude_from_clean_analysis,True,
102076339,episode,rule_any_episode_anomaly,flag_and_exclude_from_clean_analysis,True,
102076339,episode,rule_only,flag_and_exclude_from_clean_analysis,True,
102076547,episode,rule_reward_sum_mismatch,flag_and_exclude_from_clean_analysis,True,
102076547,episode,rule_any_episode_anomaly,flag_and_exclude_from_clean_analysis,True,
102076547,episode,rule_only,flag_and_exclude_from_clean_analysis,True,
102078489,episode,rule_reward_sum_mismatch,flag_and_exclude_from_clean_analysis,True,
102078489,episode,rule_any_episode_anomaly,flag_and_exclude_from_clean_analysis,True,
102078489,episode,rule_only,flag_and_exclude_from_clean_analysis,True,
102078531,episode,rule_reward_sum_mismatch,flag_and_exclude_from_clean_analysis,True,
102078531,episode,rule_any_episode_anomaly,flag_and_exclude_from_clean_analysis,True,
102078531,episode,rule_only,flag_and_exclude_from_clean_analysis,True,
102078571,episode,rule_reward_sum_mismatch,flag_and_exclude_from_clean_analysis,True,
102078571,episode,rule_any_episode_anomaly,flag_and_exclude_from_clean_analysis,True,
102078571,episode,rule_only,flag_and_exclude_from_clean_analysis,True,
102080719,episode,rule_reward_sum_mismatch,flag_and_exclude_from_clean_analysis,True,
102080719,episode,rule_any_episode_anomaly,flag_and_exclude_from_clean_analysis,True,
102080719,episode,rule_only,flag_and_exclude_from_clean_analysis,True,
102080767,episode,rule_reward_sum_mismatch,flag_and_exclude_from_clean_analysis,True,
102080767,episode,rule_any_episode_anomaly,flag_and_exclude_from_clean_analysis,True,
102080767,episode,rule_only,flag_and_exclude_from_clean_analysis,True,
102080807,episode,rule_reward_sum_mismatch,flag_and_exclude_from_clean_analysis,True,
102080807,episode,rule_any_episode_anomaly,flag_and_exclude_from_clean_analysis,True,
102080807,episode,rule_only,flag_and_exclude_from_clean_analysis,True,
102080904,episode,rule_reward_sum_mismatch,flag_and_exclude_from_clean_analysis,True,
102080904,episode,rule_any_episode_anomaly,flag_and_exclude_from_clean_analysis,True,
102080904,episode,rule_only,flag_and_exclude_from_clean_analysis,True,
102082949,episode,rule_reward_sum_mismatch,flag_and_exclude_from_clean_analysis,True,
102082949,episode,rule_any_episode_anomaly,flag_and_exclude_from_clean_analysis,True,
102082949,episode,rule_only,flag_and_exclude_from_clean_analysis,True,
102082990,episode,rule_reward_sum_mismatch,flag_and_exclude_from_clean_analysis,True,
102082990,episode,rule_any_episode_anomaly,flag_and_exclude_from_clean_analysis,True,
102082990,episode,rule_only,flag_and_exclude_from_clean_analysis,True,
102083031,episode,rule_reward_sum_mismatch,flag_and_exclude_from_clean_analysis,True,
102083031,episode,rule_any_episode_anomaly,flag_and_exclude_from_clean_analysis,True,
102083031,episode,rule_only,flag_and_exclude_from_clean_analysis,True,
102083124,episode,rule_reward_sum_mismatch,flag_and_exclude_from_clean_analysis,True,
102083124,episode,rule_any_episode_anomaly,flag_and_exclude_from_clean_analysis,True,
102083124,episode,rule_only,flag_and_exclude_from_clean_analysis,True,
102083125,episode,rule_reward_sum_mismatch,flag_and_exclude_from_clean_analysis,True,
102083125,episode,rule_any_episode_anomaly,flag_and_exclude_from_clean_analysis,True,
102083125,episode,rule_only,flag_and_exclude_from_clean_analysis,True,
102083134,episode,rule_reward_sum_mismatch,flag_and_exclude_from_clean_analysis,True,
102083134,episode,rule_any_episode_anomaly,flag_and_exclude_from_clean_analysis,True,
102083134,episode,rule_only,flag_and_exclude_from_clean_analysis,True,
102083141,episode,rule_reward_sum_mismatch,flag_and_exclude_from_clean_analysis,True,
102083141,episode,rule_any_episode_anomaly,flag_and_exclude_from_clean_analysis,True,
102083141,episode,rule_only,flag_and_exclude_from_clean_analysis,True,
102083142,episode,rule_reward_sum_mismatch,flag_and_exclude_from_clean_analysis,True,
102083142,episode,rule_any_episode_anomaly,flag_and_exclude_from_clean_analysis,True,
102083142,episode,rule_only,flag_and_exclude_from_clean_analysis,True,
102085185,episode,rule_reward_sum_mismatch,flag_and_exclude_from_clean_analysis,True,
102085185,episode,rule_any_episode_anomaly,flag_and_exclude_from_clean_analysis,True,
102085185,episode,rule_only,flag_and_exclude_from_clean_analysis,True,
102085230,episode,rule_reward_sum_mismatch,flag_and_exclude_from_clean_analysis,True,
102085230,episode,rule_any_episode_anomaly,flag_and_exclude_from_clean_analysis,True,
102085230,episode,rule_only,flag_and_exclude_from_clean_analysis,True,
102085269,episode,rule_reward_sum_mismatch,flag_and_exclude_from_clean_analysis,True,
102085269,episode,rule_any_episode_anomaly,flag_and_exclude_from_clean_analysis,True,
102085269,episode,rule_only,flag_and_exclude_from_clean_analysis,True,
102085373,episode,rule_reward_sum_mismatch,flag_and_exclude_from_clean_analysis,True,
102085373,episode,rule_any_episode_anomaly,flag_and_exclude_from_clean_analysis,True,
102085373,episode,rule_only,flag_and_exclude_from_clean_analysis,True,
102087420,episode,rule_reward_sum_mismatch,flag_and_exclude_from_clean_analysis,True,
102087420,episode,rule_any_episode_anomaly,flag_and_exclude_from_clean_analysis,True,
102087420,episode,rule_only,flag_and_exclude_from_clean_analysis,True,
102087512,episode,rule_reward_sum_mismatch,flag_and_exclude_from_clean_analysis,True,
102087512,episode,rule_any_episode_anomaly,flag_and_exclude_from_clean_analysis,True,
102087512,episode,rule_only,flag_and_exclude_from_clean_analysis,True,
102089656,episode,rule_reward_sum_mismatch,flag_and_exclude_from_clean_analysis,True,
102089656,episode,rule_any_episode_anomaly,flag_and_exclude_from_clean_analysis,True,
102089656,episode,rule_only,flag_and_exclude_from_clean_analysis,True,
102089752,episode,rule_reward_sum_mismatch,flag_and_exclude_from_clean_analysis,True,
102089752,episode,rule_any_episode_anomaly,flag_and_exclude_from_clean_analysis,True,
102089752,episode,rule_only,flag_and_exclude_from_clean_analysis,True,
102091898,episode,rule_reward_sum_mismatch,flag_and_exclude_from_clean_analysis,True,
102091898,episode,rule_any_episode_anomaly,flag_and_exclude_from_clean_analysis,True,
102091898,episode,rule_only,flag_and_exclude_from_clean_analysis,True,
102091987,episode,rule_reward_sum_mismatch,flag_and_exclude_from_clean_analysis,True,
102091987,episode,rule_any_episode_anomaly,flag_and_exclude_from_clean_analysis,True,
102091987,episode,rule_only,flag_and_exclude_from_clean_analysis,True,
102092108,episode,rule_reward_sum_mismatch,flag_and_exclude_from_clean_analysis,True,
102092108,episode,rule_any_episode_anomaly,flag_and_exclude_from_clean_analysis,True,
102092108,episode,rule_only,flag_and_exclude_from_clean_analysis,True,
102092148,episode,rule_reward_sum_mismatch,flag_and_exclude_from_clean_analysis,True,
102092148,episode,rule_any_episode_anomaly,flag_and_exclude_from_clean_analysis,True,
102092148,episode,rule_only,flag_and_exclude_from_clean_analysis,True,
102094145,episode,rule_reward_sum_mismatch,flag_and_exclude_from_clean_analysis,True,
102094145,episode,rule_any_episode_anomaly,flag_and_exclude_from_clean_analysis,True,
102094145,episode,rule_only,flag_and_exclude_from_clean_analysis,True,
102094187,episode,rule_reward_sum_mismatch,flag_and_exclude_from_clean_analysis,True,
102094187,episode,rule_any_episode_anomaly,flag_and_exclude_from_clean_analysis,True,
102094187,episode,rule_only,flag_and_exclude_from_clean_analysis,True,
102094229,episode,rule_reward_sum_mismatch,flag_and_exclude_from_clean_analysis,True,
102094229,episode,rule_any_episode_anomaly,flag_and_exclude_from_clean_analysis,True,
102094229,episode,stat_size_outlier,flag_and_exclude_from_clean_analysis,True,
102094229,episode,stat_any_outlier,flag_and_exclude_from_clean_analysis,True,
102096385,episode,rule_reward_sum_mismatch,flag_and_exclude_from_clean_analysis,True,
102096385,episode,rule_any_episode_anomaly,flag_and_exclude_from_clean_analysis,True,
102096385,episode,rule_only,flag_and_exclude_from_clean_analysis,True,
102096426,episode,rule_reward_sum_mismatch,flag_and_exclude_from_clean_analysis,True,
102096426,episode,rule_any_episode_anomaly,flag_and_exclude_from_clean_analysis,True,
102096426,episode,rule_only,flag_and_exclude_from_clean_analysis,True,
102096467,episode,rule_reward_sum_mismatch,flag_and_exclude_from_clean_analysis,True,
102096467,episode,rule_any_episode_anomaly,flag_and_exclude_from_clean_analysis,True,
102096467,episode,rule_only,flag_and_exclude_from_clean_analysis,True,
102098619,episode,rule_reward_sum_mismatch,flag_and_exclude_from_clean_analysis,True,
102098619,episode,rule_any_episode_anomaly,flag_and_exclude_from_clean_analysis,True,
102098619,episode,rule_only,flag_and_exclude_from_clean_analysis,True,
102098706,episode,rule_reward_sum_mismatch,flag_and_exclude_from_clean_analysis,True,
102098706,episode,rule_any_episode_anomaly,flag_and_exclude_from_clean_analysis,True,
102098706,episode,rule_only,flag_and_exclude_from_clean_analysis,True,
102100863,episode,rule_reward_sum_mismatch,flag_and_exclude_from_clean_analysis,True,
102100863,episode,rule_any_episode_anomaly,flag_and_exclude_from_clean_analysis,True,
102100863,episode,rule_only,flag_and_exclude_from_clean_analysis,True,
102100900,episode,rule_reward_sum_mismatch,flag_and_exclude_from_clean_analysis,True,
102100900,episode,rule_any_episode_anomaly,flag_and_exclude_from_clean_analysis,True,
102100900,episode,rule_only,flag_and_exclude_from_clean_analysis,True,
102100943,episode,rule_reward_sum_mismatch,flag_and_exclude_from_clean_analysis,True,
102100943,episode,rule_any_episode_anomaly,flag_and_exclude_from_clean_analysis,True,
102100943,episode,rule_only,flag_and_exclude_from_clean_analysis,True,
102103096,episode,rule_reward_sum_mismatch,flag_and_exclude_from_clean_analysis,True,
102103096,episode,rule_any_episode_anomaly,flag_and_exclude_from_clean_analysis,True,
102103096,episode,rule_only,flag_and_exclude_from_clean_analysis,True,
102103137,episode,rule_reward_sum_mismatch,flag_and_exclude_from_clean_analysis,True,
102103137,episode,rule_any_episode_anomaly,flag_and_exclude_from_clean_analysis,True,
102103137,episode,rule_only,flag_and_exclude_from_clean_analysis,True,
102103185,episode,rule_reward_sum_mismatch,flag_and_exclude_from_clean_analysis,True,
102103185,episode,rule_any_episode_anomaly,flag_and_exclude_from_clean_analysis,True,
102103185,episode,rule_only,flag_and_exclude_from_clean_analysis,True,
102103307,episode,rule_reward_sum_mismatch,flag_and_exclude_from_clean_analysis,True,
102103307,episode,rule_any_episode_anomaly,flag_and_exclude_from_clean_analysis,True,
102103307,episode,rule_only,flag_and_exclude_from_clean_analysis,True,
102105333,episode,rule_reward_sum_mismatch,flag_and_exclude_from_clean_analysis,True,
102105333,episode,rule_any_episode_anomaly,flag_and_exclude_from_clean_analysis,True,
102105333,episode,rule_only,flag_and_exclude_from_clean_analysis,True,
102105487,episode,rule_reward_sum_mismatch,flag_and_exclude_from_clean_analysis,True,
102105487,episode,rule_any_episode_anomaly,flag_and_exclude_from_clean_analysis,True,
102105487,episode,rule_only,flag_and_exclude_from_clean_analysis,True,
102107558,episode,rule_reward_sum_mismatch,flag_and_exclude_from_clean_analysis,True,
102107558,episode,rule_any_episode_anomaly,flag_and_exclude_from_clean_analysis,True,
102107558,episode,rule_only,flag_and_exclude_from_clean_analysis,True,
102107602,episode,rule_reward_sum_mismatch,flag_and_exclude_from_clean_analysis,True,
102107602,episode,rule_any_episode_anomaly,flag_and_exclude_from_clean_analysis,True,
102107602,episode,rule_only,flag_and_exclude_from_clean_analysis,True,
102109791,episode,rule_reward_sum_mismatch,flag_and_exclude_from_clean_analysis,True,
102109791,episode,rule_any_episode_anomaly,flag_and_exclude_from_clean_analysis,True,
102109791,episode,rule_only,flag_and_exclude_from_clean_analysis,True,
102109835,episode,rule_reward_sum_mismatch,flag_and_exclude_from_clean_analysis,True,
102109835,episode,rule_any_episode_anomaly,flag_and_exclude_from_clean_analysis,True,
102109835,episode,rule_only,flag_and_exclude_from_clean_analysis,True,
102109920,episode,rule_reward_sum_mismatch,flag_and_exclude_from_clean_analysis,True,
102109920,episode,rule_any_episode_anomaly,flag_and_exclude_from_clean_analysis,True,
102109920,episode,rule_only,flag_and_exclude_from_clean_analysis,True,
102112026,episode,rule_reward_sum_mismatch,flag_and_exclude_from_clean_analysis,True,
102112026,episode,rule_any_episode_anomaly,flag_and_exclude_from_clean_analysis,True,
102112026,episode,rule_only,flag_and_exclude_from_clean_analysis,True,
102112156,episode,rule_reward_sum_mismatch,flag_and_exclude_from_clean_analysis,True,
102112156,episode,rule_any_episode_anomaly,flag_and_exclude_from_clean_analysis,True,
102112156,episode,rule_only,flag_and_exclude_from_clean_analysis,True,
102114263,episode,rule_reward_sum_mismatch,flag_and_exclude_from_clean_analysis,True,
102114263,episode,rule_any_episode_anomaly,flag_and_exclude_from_clean_analysis,True,
102114263,episode,rule_only,flag_and_exclude_from_clean_analysis,True,
102114301,episode,rule_reward_sum_mismatch,flag_and_exclude_from_clean_analysis,True,
102114301,episode,rule_any_episode_anomaly,flag_and_exclude_from_clean_analysis,True,
102114301,episode,rule_only,flag_and_exclude_from_clean_analysis,True,
102114403,episode,rule_reward_sum_mismatch,flag_and_exclude_from_clean_analysis,True,
102114403,episode,rule_any_episode_anomaly,flag_and_exclude_from_clean_analysis,True,
102114403,episode,rule_only,flag_and_exclude_from_clean_analysis,True,
102116499,episode,rule_reward_sum_mismatch,flag_and_exclude_from_clean_analysis,True,
102116499,episode,rule_any_episode_anomaly,flag_and_exclude_from_clean_analysis,True,
102116499,episode,rule_only,flag_and_exclude_from_clean_analysis,True,
102116537,episode,rule_reward_sum_mismatch,flag_and_exclude_from_clean_analysis,True,
102116537,episode,rule_any_episode_anomaly,flag_and_exclude_from_clean_analysis,True,
102116537,episode,rule_only,flag_and_exclude_from_clean_analysis,True,
102118731,episode,rule_reward_sum_mismatch,flag_and_exclude_from_clean_analysis,True,
102118731,episode,rule_any_episode_anomaly,flag_and_exclude_from_clean_analysis,True,
102118731,episode,rule_only,flag_and_exclude_from_clean_analysis,True,
102118765,episode,rule_reward_sum_mismatch,flag_and_exclude_from_clean_analysis,True,
102118765,episode,rule_any_episode_anomaly,flag_and_exclude_from_clean_analysis,True,
102118765,episode,rule_only,flag_and_exclude_from_clean_analysis,True,
102118885,episode,rule_reward_sum_mismatch,flag_and_exclude_from_clean_analysis,True,
102118885,episode,rule_any_episode_anomaly,flag_and_exclude_from_clean_analysis,True,
102118885,episode,rule_only,flag_and_exclude_from_clean_analysis,True,
102120962,episode,rule_reward_sum_mismatch,flag_and_exclude_from_clean_analysis,True,
102120962,episode,rule_any_episode_anomaly,flag_and_exclude_from_clean_analysis,True,
102120962,episode,rule_only,flag_and_exclude_from_clean_analysis,True,
102121175,episode,rule_reward_sum_mismatch,flag_and_exclude_from_clean_analysis,True,
102121175,episode,rule_any_episode_anomaly,flag_and_exclude_from_clean_analysis,True,
102121175,episode,rule_only,flag_and_exclude_from_clean_analysis,True,
102123196,episode,rule_reward_sum_mismatch,flag_and_exclude_from_clean_analysis,True,
102123196,episode,rule_any_episode_anomaly,flag_and_exclude_from_clean_analysis,True,
102123196,episode,rule_only,flag_and_exclude_from_clean_analysis,True,
102123231,episode,rule_reward_sum_mismatch,flag_and_exclude_from_clean_analysis,True,
102123231,episode,rule_any_episode_anomaly,flag_and_exclude_from_clean_analysis,True,
102123231,episode,rule_only,flag_and_exclude_from_clean_analysis,True,
102125420,episode,rule_reward_sum_mismatch,flag_and_exclude_from_clean_analysis,True,
102125420,episode,rule_any_episode_anomaly,flag_and_exclude_from_clean_analysis,True,
102125420,episode,rule_only,flag_and_exclude_from_clean_analysis,True,
102125461,episode,rule_reward_sum_mismatch,flag_and_exclude_from_clean_analysis,True,
102125461,episode,rule_any_episode_anomaly,flag_and_exclude_from_clean_analysis,True,
102125461,episode,rule_only,flag_and_exclude_from_clean_analysis,True,
102125565,episode,rule_reward_sum_mismatch,flag_and_exclude_from_clean_analysis,True,
102125565,episode,rule_any_episode_anomaly,flag_and_exclude_from_clean_analysis,True,
102125565,episode,rule_only,flag_and_exclude_from_clean_analysis,True,
102125609,episode,rule_reward_sum_mismatch,flag_and_exclude_from_clean_analysis,True,
102125609,episode,rule_any_episode_anomaly,flag_and_exclude_from_clean_analysis,True,
102125609,episode,rule_only,flag_and_exclude_from_clean_analysis,True,
102125611,episode,rule_reward_sum_mismatch,flag_and_exclude_from_clean_analysis,True,
102125611,episode,rule_any_episode_anomaly,flag_and_exclude_from_clean_analysis,True,
102125611,episode,rule_only,flag_and_exclude_from_clean_analysis,True,
102127660,episode,rule_reward_sum_mismatch,flag_and_exclude_from_clean_analysis,True,
102127660,episode,rule_any_episode_anomaly,flag_and_exclude_from_clean_analysis,True,
102127660,episode,rule_only,flag_and_exclude_from_clean_analysis,True,
102127706,episode,rule_reward_sum_mismatch,flag_and_exclude_from_clean_analysis,True,
102127706,episode,rule_any_episode_anomaly,flag_and_exclude_from_clean_analysis,True,
102127706,episode,rule_only,flag_and_exclude_from_clean_analysis,True,
102127848,episode,rule_reward_sum_mismatch,flag_and_exclude_from_clean_analysis,True,
102127848,episode,rule_any_episode_anomaly,flag_and_exclude_from_clean_analysis,True,
102127848,episode,rule_only,flag_and_exclude_from_clean_analysis,True,
102129891,episode,rule_reward_sum_mismatch,flag_and_exclude_from_clean_analysis,True,
102129891,episode,rule_any_episode_anomaly,flag_and_exclude_from_clean_analysis,True,
102129891,episode,rule_only,flag_and_exclude_from_clean_analysis,True,
102129938,episode,rule_reward_sum_mismatch,flag_and_exclude_from_clean_analysis,True,
102129938,episode,rule_any_episode_anomaly,flag_and_exclude_from_clean_analysis,True,
102129938,episode,rule_only,flag_and_exclude_from_clean_analysis,True,
102132133,episode,rule_reward_sum_mismatch,flag_and_exclude_from_clean_analysis,True,
102132133,episode,rule_any_episode_anomaly,flag_and_exclude_from_clean_analysis,True,
102132133,episode,rule_only,flag_and_exclude_from_clean_analysis,True,
102132184,episode,rule_reward_sum_mismatch,flag_and_exclude_from_clean_analysis,True,
102132184,episode,rule_any_episode_anomaly,flag_and_exclude_from_clean_analysis,True,
102132184,episode,rule_only,flag_and_exclude_from_clean_analysis,True,
102132232,episode,rule_reward_sum_mismatch,flag_and_exclude_from_clean_analysis,True,
102132232,episode,rule_any_episode_anomaly,flag_and_exclude_from_clean_analysis,True,
102132232,episode,rule_only,flag_and_exclude_from_clean_analysis,True,
102134373,episode,rule_reward_sum_mismatch,flag_and_exclude_from_clean_analysis,True,
102134373,episode,rule_any_episode_anomaly,flag_and_exclude_from_clean_analysis,True,
102134373,episode,rule_only,flag_and_exclude_from_clean_analysis,True,
102134417,episode,rule_reward_sum_mismatch,flag_and_exclude_from_clean_analysis,True,
102134417,episode,rule_any_episode_anomaly,flag_and_exclude_from_clean_analysis,True,
102134417,episode,rule_only,flag_and_exclude_from_clean_analysis,True,
102136602,episode,rule_reward_sum_mismatch,flag_and_exclude_from_clean_analysis,True,
102136602,episode,rule_any_episode_anomaly,flag_and_exclude_from_clean_analysis,True,
102136602,episode,rule_only,flag_and_exclude_from_clean_analysis,True,
102136647,episode,rule_reward_sum_mismatch,flag_and_exclude_from_clean_analysis,True,
102136647,episode,rule_any_episode_anomaly,flag_and_exclude_from_clean_analysis,True,
102136647,episode,rule_only,flag_and_exclude_from_clean_analysis,True,
102138834,episode,rule_reward_sum_mismatch,flag_and_exclude_from_clean_analysis,True,
102138834,episode,rule_any_episode_anomaly,flag_and_exclude_from_clean_analysis,True,
102138834,episode,rule_only,flag_and_exclude_from_clean_analysis,True,
102138878,episode,rule_reward_sum_mismatch,flag_and_exclude_from_clean_analysis,True,
102138878,episode,rule_any_episode_anomaly,flag_and_exclude_from_clean_analysis,True,
102138878,episode,rule_only,flag_and_exclude_from_clean_analysis,True,
102141061,episode,rule_reward_sum_mismatch,flag_and_exclude_from_clean_analysis,True,
102141061,episode,rule_any_episode_anomaly,flag_and_exclude_from_clean_analysis,True,
102141061,episode,rule_only,flag_and_exclude_from_clean_analysis,True,
102141112,episode,rule_reward_sum_mismatch,flag_and_exclude_from_clean_analysis,True,
102141112,episode,rule_any_episode_anomaly,flag_and_exclude_from_clean_analysis,True,
102141112,episode,rule_only,flag_and_exclude_from_clean_analysis,True,
102143303,episode,rule_reward_sum_mismatch,flag_and_exclude_from_clean_analysis,True,
102143303,episode,rule_any_episode_anomaly,flag_and_exclude_from_clean_analysis,True,
102143303,episode,rule_only,flag_and_exclude_from_clean_analysis,True,
102143350,episode,rule_reward_sum_mismatch,flag_and_exclude_from_clean_analysis,True,
102143350,episode,rule_any_episode_anomaly,flag_and_exclude_from_clean_analysis,True,
102143350,episode,rule_only,flag_and_exclude_from_clean_analysis,True,
102143381,episode,rule_reward_sum_mismatch,flag_and_exclude_from_clean_analysis,True,
102143381,episode,rule_any_episode_anomaly,flag_and_exclude_from_clean_analysis,True,
102143381,episode,rule_only,flag_and_exclude_from_clean_analysis,True,
102143389,episode,rule_reward_sum_mismatch,flag_and_exclude_from_clean_analysis,True,
102143389,episode,rule_any_episode_anomaly,flag_and_exclude_from_clean_analysis,True,
102143389,episode,rule_only,flag_and_exclude_from_clean_analysis,True,
102145554,episode,rule_reward_sum_mismatch,flag_and_exclude_from_clean_analysis,True,
102145554,episode,rule_any_episode_anomaly,flag_and_exclude_from_clean_analysis,True,
102145554,episode,rule_only,flag_and_exclude_from_clean_analysis,True,
102145645,episode,rule_reward_sum_mismatch,flag_and_exclude_from_clean_analysis,True,
102145645,episode,rule_any_episode_anomaly,flag_and_exclude_from_clean_analysis,True,
102145645,episode,rule_only,flag_and_exclude_from_clean_analysis,True,
102145702,episode,rule_reward_sum_mismatch,flag_and_exclude_from_clean_analysis,True,
102145702,episode,rule_any_episode_anomaly,flag_and_exclude_from_clean_analysis,True,
102145702,episode,rule_only,flag_and_exclude_from_clean_analysis,True,
102147795,episode,rule_reward_sum_mismatch,flag_and_exclude_from_clean_analysis,True,
102147795,episode,rule_any_episode_anomaly,flag_and_exclude_from_clean_analysis,True,
102147795,episode,rule_only,flag_and_exclude_from_clean_analysis,True,
102147918,episode,rule_reward_sum_mismatch,flag_and_exclude_from_clean_analysis,True,
102147918,episode,rule_any_episode_anomaly,flag_and_exclude_from_clean_analysis,True,
102147918,episode,stat_avg_score_outlier,flag_and_exclude_from_clean_analysis,True,
102147918,episode,stat_any_outlier,flag_and_exclude_from_clean_analysis,True,
102150079,episode,rule_reward_sum_mismatch,flag_and_exclude_from_clean_analysis,True,
102150079,episode,rule_any_episode_anomaly,flag_and_exclude_from_clean_analysis,True,
102150079,episode,rule_only,flag_and_exclude_from_clean_analysis,True,
102150172,episode,rule_reward_sum_mismatch,flag_and_exclude_from_clean_analysis,True,
102150172,episode,rule_any_episode_anomaly,flag_and_exclude_from_clean_analysis,True,
102150172,episode,rule_only,flag_and_exclude_from_clean_analysis,True,
102152262,episode,rule_reward_sum_mismatch,flag_and_exclude_from_clean_analysis,True,
102152262,episode,rule_any_episode_anomaly,flag_and_exclude_from_clean_analysis,True,
102152262,episode,rule_only,flag_and_exclude_from_clean_analysis,True,
102154496,episode,rule_reward_sum_mismatch,flag_and_exclude_from_clean_analysis,True,
102154496,episode,rule_any_episode_anomaly,flag_and_exclude_from_clean_analysis,True,
102154496,episode,rule_only,flag_and_exclude_from_clean_analysis,True,
102156730,episode,rule_reward_sum_mismatch,flag_and_exclude_from_clean_analysis,True,
102156730,episode,rule_any_episode_anomaly,flag_and_exclude_from_clean_analysis,True,
102156730,episode,rule_only,flag_and_exclude_from_clean_analysis,True,
102158975,episode,rule_reward_sum_mismatch,flag_and_exclude_from_clean_analysis,True,
102158975,episode,rule_any_episode_anomaly,flag_and_exclude_from_clean_analysis,True,
102158975,episode,rule_only,flag_and_exclude_from_clean_analysis,True,
102161236,episode,rule_reward_sum_mismatch,flag_and_exclude_from_clean_analysis,True,
102161236,episode,rule_any_episode_anomaly,flag_and_exclude_from_clean_analysis,True,
102161236,episode,rule_only,flag_and_exclude_from_clean_analysis,True,
102161315,episode,rule_reward_sum_mismatch,flag_and_exclude_from_clean_analysis,True,
102161315,episode,rule_any_episode_anomaly,flag_and_exclude_from_clean_analysis,True,
102161315,episode,rule_only,flag_and_exclude_from_clean_analysis,True,
102163446,episode,rule_reward_sum_mismatch,flag_and_exclude_from_clean_analysis,True,
102163446,episode,rule_any_episode_anomaly,flag_and_exclude_from_clean_analysis,True,
102163446,episode,rule_only,flag_and_exclude_from_clean_analysis,True,
102165685,episode,rule_reward_sum_mismatch,flag_and_exclude_from_clean_analysis,True,
102165685,episode,rule_any_episode_anomaly,flag_and_exclude_from_clean_analysis,True,
102165685,episode,rule_only,flag_and_exclude_from_clean_analysis,True,
102167933,episode,rule_reward_sum_mismatch,flag_and_exclude_from_clean_analysis,True,
102167933,episode,rule_any_episode_anomaly,flag_and_exclude_from_clean_analysis,True,
102167933,episode,rule_only,flag_and_exclude_from_clean_analysis,True,
102167964,episode,rule_reward_sum_mismatch,flag_and_exclude_from_clean_analysis,True,
102167964,episode,rule_any_episode_anomaly,flag_and_exclude_from_clean_analysis,True,
102167964,episode,rule_only,flag_and_exclude_from_clean_analysis,True,
102170159,episode,rule_reward_sum_mismatch,flag_and_exclude_from_clean_analysis,True,
102170159,episode,rule_any_episode_anomaly,flag_and_exclude_from_clean_analysis,True,
102170159,episode,rule_only,flag_and_exclude_from_clean_analysis,True,
102170215,episode,rule_reward_sum_mismatch,flag_and_exclude_from_clean_analysis,True,
102170215,episode,rule_any_episode_anomaly,flag_and_exclude_from_clean_analysis,True,
102170215,episode,stat_size_outlier,flag_and_exclude_from_clean_analysis,True,
102170215,episode,stat_any_outlier,flag_and_exclude_from_clean_analysis,True,
102174685,episode,rule_reward_sum_mismatch,flag_and_exclude_from_clean_analysis,True,
102174685,episode,rule_any_episode_anomaly,flag_and_exclude_from_clean_analysis,True,
102174685,episode,rule_only,flag_and_exclude_from_clean_analysis,True,
102174696,episode,rule_reward_sum_mismatch,flag_and_exclude_from_clean_analysis,True,
102174696,episode,rule_any_episode_anomaly,flag_and_exclude_from_clean_analysis,True,
102174696,episode,rule_only,flag_and_exclude_from_clean_analysis,True,
102179150,episode,rule_reward_sum_mismatch,flag_and_exclude_from_clean_analysis,True,
102179150,episode,rule_any_episode_anomaly,flag_and_exclude_from_clean_analysis,True,
102179150,episode,rule_only,flag_and_exclude_from_clean_analysis,True,
102181384,episode,rule_reward_sum_mismatch,flag_and_exclude_from_clean_analysis,True,
102181384,episode,rule_any_episode_anomaly,flag_and_exclude_from_clean_analysis,True,
102181384,episode,rule_only,flag_and_exclude_from_clean_analysis,True,
102183636,episode,rule_reward_sum_mismatch,flag_and_exclude_from_clean_analysis,True,
102183636,episode,rule_any_episode_anomaly,flag_and_exclude_from_clean_analysis,True,
102183636,episode,rule_only,flag_and_exclude_from_clean_analysis,True,
102188127,episode,rule_reward_sum_mismatch,flag_and_exclude_from_clean_analysis,True,
102188127,episode,rule_any_episode_anomaly,flag_and_exclude_from_clean_analysis,True,
102188127,episode,rule_only,flag_and_exclude_from_clean_analysis,True,
102190128,episode,rule_reward_sum_mismatch,flag_and_exclude_from_clean_analysis,True,
102190128,episode,rule_any_episode_anomaly,flag_and_exclude_from_clean_analysis,True,
102190128,episode,rule_only,flag_and_exclude_from_clean_analysis,True,
102190210,episode,rule_reward_sum_mismatch,flag_and_exclude_from_clean_analysis,True,
102190210,episode,rule_any_episode_anomaly,flag_and_exclude_from_clean_analysis,True,
102190210,episode,rule_only,flag_and_exclude_from_clean_analysis,True,
102192503,episode,rule_reward_sum_mismatch,flag_and_exclude_from_clean_analysis,True,
102192503,episode,rule_any_episode_anomaly,flag_and_exclude_from_clean_analysis,True,
102192503,episode,rule_only,flag_and_exclude_from_clean_analysis,True,
102192548,episode,rule_reward_sum_mismatch,flag_and_exclude_from_clean_analysis,True,
102192548,episode,rule_any_episode_anomaly,flag_and_exclude_from_clean_analysis,True,
102192548,episode,rule_only,flag_and_exclude_from_clean_analysis,True,
102199146,episode,rule_reward_sum_mismatch,flag_and_exclude_from_clean_analysis,True,
102199146,episode,rule_any_episode_anomaly,flag_and_exclude_from_clean_analysis,True,
102199146,episode,rule_only,flag_and_exclude_from_clean_analysis,True,
102201381,episode,rule_reward_sum_mismatch,flag_and_exclude_from_clean_analysis,True,
102201381,episode,rule_any_episode_anomaly,flag_and_exclude_from_clean_analysis,True,
102201381,episode,rule_only,flag_and_exclude_from_clean_analysis,True,
102201436,episode,rule_reward_sum_mismatch,flag_and_exclude_from_clean_analysis,True,
102201436,episode,rule_any_episode_anomaly,flag_and_exclude_from_clean_analysis,True,
102201436,episode,rule_only,flag_and_exclude_from_clean_analysis,True,
102201446,episode,rule_reward_sum_mismatch,flag_and_exclude_from_clean_analysis,True,
102201446,episode,rule_any_episode_anomaly,flag_and_exclude_from_clean_analysis,True,
102201446,episode,rule_only,flag_and_exclude_from_clean_analysis,True,
102201447,episode,rule_reward_sum_mismatch,flag_and_exclude_from_clean_analysis,True,
102201447,episode,rule_any_episode_anomaly,flag_and_exclude_from_clean_analysis,True,
102201447,episode,rule_only,flag_and_exclude_from_clean_analysis,True,
102203688,episode,rule_reward_sum_mismatch,flag_and_exclude_from_clean_analysis,True,
102203688,episode,rule_any_episode_anomaly,flag_and_exclude_from_clean_analysis,True,
102203688,episode,rule_only,flag_and_exclude_from_clean_analysis,True,
102205861,episode,rule_reward_sum_mismatch,flag_and_exclude_from_clean_analysis,True,
102205861,episode,rule_any_episode_anomaly,flag_and_exclude_from_clean_analysis,True,
102205861,episode,rule_only,flag_and_exclude_from_clean_analysis,True,
102208023,episode,rule_reward_sum_mismatch,flag_and_exclude_from_clean_analysis,True,
102208023,episode,rule_any_episode_anomaly,flag_and_exclude_from_clean_analysis,True,
102208023,episode,rule_only,flag_and_exclude_from_clean_analysis,True,
102210423,episode,rule_reward_sum_mismatch,flag_and_exclude_from_clean_analysis,True,
102210423,episode,rule_any_episode_anomaly,flag_and_exclude_from_clean_analysis,True,
102210423,episode,rule_only,flag_and_exclude_from_clean_analysis,True,
102216977,episode,rule_reward_sum_mismatch,flag_and_exclude_from_clean_analysis,True,
102216977,episode,rule_any_episode_anomaly,flag_and_exclude_from_clean_analysis,True,
102216977,episode,rule_only,flag_and_exclude_from_clean_analysis,True,
102217095,episode,rule_reward_sum_mismatch,flag_and_exclude_from_clean_analysis,True,
102217095,episode,rule_any_episode_anomaly,flag_and_exclude_from_clean_analysis,True,
102217095,episode,rule_only,flag_and_exclude_from_clean_analysis,True,
102217145,episode,rule_reward_sum_mismatch,flag_and_exclude_from_clean_analysis,True,
102217145,episode,rule_any_episode_anomaly,flag_and_exclude_from_clean_analysis,True,
102217145,episode,rule_only,flag_and_exclude_from_clean_analysis,True,
102226065,episode,rule_reward_sum_mismatch,flag_and_exclude_from_clean_analysis,True,
102226065,episode,rule_any_episode_anomaly,flag_and_exclude_from_clean_analysis,True,
102226065,episode,rule_only,flag_and_exclude_from_clean_analysis,True,
102228276,episode,rule_reward_sum_mismatch,flag_and_exclude_from_clean_analysis,True,
102228276,episode,rule_any_episode_anomaly,flag_and_exclude_from_clean_analysis,True,
102228276,episode,rule_only,flag_and_exclude_from_clean_analysis,True,
102232763,episode,rule_reward_sum_mismatch,flag_and_exclude_from_clean_analysis,True,
102232763,episode,rule_any_episode_anomaly,flag_and_exclude_from_clean_analysis,True,
102232763,episode,rule_only,flag_and_exclude_from_clean_analysis,True,
102237133,episode,rule_reward_sum_mismatch,flag_and_exclude_from_clean_analysis,True,
102237133,episode,rule_any_episode_anomaly,flag_and_exclude_from_clean_analysis,True,
102237133,episode,rule_only,flag_and_exclude_from_clean_analysis,True,
102237246,episode,rule_reward_sum_mismatch,flag_and_exclude_from_clean_analysis,True,
102237246,episode,rule_any_episode_anomaly,flag_and_exclude_from_clean_analysis,True,
102237246,episode,rule_only,flag_and_exclude_from_clean_analysis,True,
102243909,episode,rule_reward_sum_mismatch,flag_and_exclude_from_clean_analysis,True,
102243909,episode,rule_any_episode_anomaly,flag_and_exclude_from_clean_analysis,True,
102243909,episode,stat_size_outlier,flag_and_exclude_from_clean_analysis,True,
102243909,episode,stat_any_outlier,flag_and_exclude_from_clean_analysis,True,
102248383,episode,rule_reward_sum_mismatch,flag_and_exclude_from_clean_analysis,True,
102248383,episode,rule_any_episode_anomaly,flag_and_exclude_from_clean_analysis,True,
102248383,episode,rule_only,flag_and_exclude_from_clean_analysis,True,
102248386,episode,rule_reward_sum_mismatch,flag_and_exclude_from_clean_analysis,True,
102248386,episode,rule_any_episode_anomaly,flag_and_exclude_from_clean_analysis,True,
102248386,episode,rule_only,flag_and_exclude_from_clean_analysis,True,
102248387,episode,rule_reward_sum_mismatch,flag_and_exclude_from_clean_analysis,True,
102248387,episode,rule_any_episode_anomaly,flag_and_exclude_from_clean_analysis,True,
102248387,episode,rule_only,flag_and_exclude_from_clean_analysis,True,
102250622,episode,rule_reward_sum_mismatch,flag_and_exclude_from_clean_analysis,True,
102250622,episode,rule_any_episode_anomaly,flag_and_exclude_from_clean_analysis,True,
102250622,episode,rule_only,flag_and_exclude_from_clean_analysis,True,
102252783,episode,rule_reward_sum_mismatch,flag_and_exclude_from_clean_analysis,True,
102252783,episode,rule_any_episode_anomaly,flag_and_exclude_from_clean_analysis,True,
102252783,episode,rule_only,flag_and_exclude_from_clean_analysis,True,
102259500,episode,rule_reward_sum_mismatch,flag_and_exclude_from_clean_analysis,True,
102259500,episode,rule_any_episode_anomaly,flag_and_exclude_from_clean_analysis,True,
102259500,episode,rule_only,flag_and_exclude_from_clean_analysis,True,
102261664,episode,rule_reward_sum_mismatch,flag_and_exclude_from_clean_analysis,True,
102261664,episode,rule_any_episode_anomaly,flag_and_exclude_from_clean_analysis,True,
102261664,episode,rule_only,flag_and_exclude_from_clean_analysis,True,
102266215,episode,rule_reward_sum_mismatch,flag_and_exclude_from_clean_analysis,True,
102266215,episode,rule_any_episode_anomaly,flag_and_exclude_from_clean_analysis,True,
102266215,episode,rule_only,flag_and_exclude_from_clean_analysis,True,
102266222,episode,rule_reward_sum_mismatch,flag_and_exclude_from_clean_analysis,True,
102266222,episode,rule_any_episode_anomaly,flag_and_exclude_from_clean_analysis,True,
102266222,episode,rule_only,flag_and_exclude_from_clean_analysis,True,
102266223,episode,rule_reward_sum_mismatch,flag_and_exclude_from_clean_analysis,True,
102266223,episode,rule_any_episode_anomaly,flag_and_exclude_from_clean_analysis,True,
102266223,episode,rule_only,flag_and_exclude_from_clean_analysis,True,
102266227,episode,rule_reward_sum_mismatch,flag_and_exclude_from_clean_analysis,True,
102266227,episode,rule_any_episode_anomaly,flag_and_exclude_from_clean_analysis,True,
102266227,episode,rule_only,flag_and_exclude_from_clean_analysis,True,
102270520,episode,rule_reward_sum_mismatch,flag_and_exclude_from_clean_analysis,True,
102270520,episode,rule_any_episode_anomaly,flag_and_exclude_from_clean_analysis,True,
102270520,episode,rule_only,flag_and_exclude_from_clean_analysis,True,
102279559,episode,rule_reward_sum_mismatch,flag_and_exclude_from_clean_analysis,True,
102279559,episode,rule_any_episode_anomaly,flag_and_exclude_from_clean_analysis,True,
102279559,episode,rule_only,flag_and_exclude_from_clean_analysis,True,
102279571,episode,rule_reward_sum_mismatch,flag_and_exclude_from_clean_analysis,True,
102279571,episode,rule_any_episode_anomaly,flag_and_exclude_from_clean_analysis,True,
102279571,episode,rule_only,flag_and_exclude_from_clean_analysis,True,
102279573,episode,rule_reward_sum_mismatch,flag_and_exclude_from_clean_analysis,True,
102279573,episode,rule_any_episode_anomaly,flag_and_exclude_from_clean_analysis,True,
102279573,episode,rule_only,flag_and_exclude_from_clean_analysis,True,
102281687,episode,rule_reward_sum_mismatch,flag_and_exclude_from_clean_analysis,True,
102281687,episode,rule_any_episode_anomaly,flag_and_exclude_from_clean_analysis,True,
102281687,episode,rule_only,flag_and_exclude_from_clean_analysis,True,
102283928,episode,rule_reward_sum_mismatch,flag_and_exclude_from_clean_analysis,True,
102283928,episode,rule_any_episode_anomaly,flag_and_exclude_from_clean_analysis,True,
102283928,episode,rule_only,flag_and_exclude_from_clean_analysis,True,
102286171,episode,rule_reward_sum_mismatch,flag_and_exclude_from_clean_analysis,True,
102286171,episode,rule_any_episode_anomaly,flag_and_exclude_from_clean_analysis,True,
102286171,episode,rule_only,flag_and_exclude_from_clean_analysis,True,
102288403,episode,rule_reward_sum_mismatch,flag_and_exclude_from_clean_analysis,True,
102288403,episode,rule_any_episode_anomaly,flag_and_exclude_from_clean_analysis,True,
102288403,episode,rule_only,flag_and_exclude_from_clean_analysis,True,
102288473,episode,rule_reward_sum_mismatch,flag_and_exclude_from_clean_analysis,True,
102288473,episode,rule_any_episode_anomaly,flag_and_exclude_from_clean_analysis,True,
102288473,episode,rule_only,flag_and_exclude_from_clean_analysis,True,
102288474,episode,rule_reward_sum_mismatch,flag_and_exclude_from_clean_analysis,True,
102288474,episode,rule_any_episode_anomaly,flag_and_exclude_from_clean_analysis,True,
102288474,episode,rule_only,flag_and_exclude_from_clean_analysis,True,
102292878,episode,rule_reward_sum_mismatch,flag_and_exclude_from_clean_analysis,True,
102292878,episode,rule_any_episode_anomaly,flag_and_exclude_from_clean_analysis,True,
102292878,episode,rule_only,flag_and_exclude_from_clean_analysis,True,
102292975,episode,rule_reward_sum_mismatch,flag_and_exclude_from_clean_analysis,True,
102292975,episode,rule_any_episode_anomaly,flag_and_exclude_from_clean_analysis,True,
102292975,episode,stat_avg_score_outlier,flag_and_exclude_from_clean_analysis,True,
102292975,episode,stat_any_outlier,flag_and_exclude_from_clean_analysis,True,
102293010,episode,rule_reward_sum_mismatch,flag_and_exclude_from_clean_analysis,True,
102293010,episode,rule_any_episode_anomaly,flag_and_exclude_from_clean_analysis,True,
102293010,episode,rule_only,flag_and_exclude_from_clean_analysis,True,
102295115,episode,rule_reward_sum_mismatch,flag_and_exclude_from_clean_analysis,True,
102295115,episode,rule_any_episode_anomaly,flag_and_exclude_from_clean_analysis,True,
102295115,episode,rule_only,flag_and_exclude_from_clean_analysis,True,
102297351,episode,rule_reward_sum_mismatch,flag_and_exclude_from_clean_analysis,True,
102297351,episode,rule_any_episode_anomaly,flag_and_exclude_from_clean_analysis,True,
102297351,episode,rule_only,flag_and_exclude_from_clean_analysis,True,
102297452,episode,rule_reward_sum_mismatch,flag_and_exclude_from_clean_analysis,True,
102297452,episode,rule_any_episode_anomaly,flag_and_exclude_from_clean_analysis,True,
102297452,episode,rule_only,flag_and_exclude_from_clean_analysis,True,
102297453,episode,rule_reward_sum_mismatch,flag_and_exclude_from_clean_analysis,True,
102297453,episode,rule_any_episode_anomaly,flag_and_exclude_from_clean_analysis,True,
102297453,episode,rule_only,flag_and_exclude_from_clean_analysis,True,
102297456,episode,rule_reward_sum_mismatch,flag_and_exclude_from_clean_analysis,True,
102297456,episode,rule_any_episode_anomaly,flag_and_exclude_from_clean_analysis,True,
102297456,episode,rule_only,flag_and_exclude_from_clean_analysis,True,
102297457,episode,rule_reward_sum_mismatch,flag_and_exclude_from_clean_analysis,True,
102297457,episode,rule_any_episode_anomaly,flag_and_exclude_from_clean_analysis,True,
102297457,episode,rule_only,flag_and_exclude_from_clean_analysis,True,
102299586,episode,rule_reward_sum_mismatch,flag_and_exclude_from_clean_analysis,True,
102299586,episode,rule_any_episode_anomaly,flag_and_exclude_from_clean_analysis,True,
102299586,episode,rule_only,flag_and_exclude_from_clean_analysis,True,
102301827,episode,rule_reward_sum_mismatch,flag_and_exclude_from_clean_analysis,True,
102301827,episode,rule_any_episode_anomaly,flag_and_exclude_from_clean_analysis,True,
102301827,episode,stat_size_outlier,flag_and_exclude_from_clean_analysis,True,
102301827,episode,stat_any_outlier,flag_and_exclude_from_clean_analysis,True,
102304072,episode,rule_reward_sum_mismatch,flag_and_exclude_from_clean_analysis,True,
102304072,episode,rule_any_episode_anomaly,flag_and_exclude_from_clean_analysis,True,
102304072,episode,rule_only,flag_and_exclude_from_clean_analysis,True,
102306309,episode,rule_reward_sum_mismatch,flag_and_exclude_from_clean_analysis,True,
102306309,episode,rule_any_episode_anomaly,flag_and_exclude_from_clean_analysis,True,
102306309,episode,rule_only,flag_and_exclude_from_clean_analysis,True,
102308540,episode,rule_reward_sum_mismatch,flag_and_exclude_from_clean_analysis,True,
102308540,episode,rule_any_episode_anomaly,flag_and_exclude_from_clean_analysis,True,
102308540,episode,rule_only,flag_and_exclude_from_clean_analysis,True,
102310772,episode,rule_reward_sum_mismatch,flag_and_exclude_from_clean_analysis,True,
102310772,episode,rule_any_episode_anomaly,flag_and_exclude_from_clean_analysis,True,
102310772,episode,rule_only,flag_and_exclude_from_clean_analysis,True,
102313016,episode,rule_reward_sum_mismatch,flag_and_exclude_from_clean_analysis,True,
102313016,episode,rule_any_episode_anomaly,flag_and_exclude_from_clean_analysis,True,
102313016,episode,rule_only,flag_and_exclude_from_clean_analysis,True,
102313119,episode,rule_reward_sum_mismatch,flag_and_exclude_from_clean_analysis,True,
102313119,episode,rule_any_episode_anomaly,flag_and_exclude_from_clean_analysis,True,
102313119,episode,rule_only,flag_and_exclude_from_clean_analysis,True,
102315338,episode,rule_reward_sum_mismatch,flag_and_exclude_from_clean_analysis,True,
102315338,episode,rule_any_episode_anomaly,flag_and_exclude_from_clean_analysis,True,
102315338,episode,rule_only,flag_and_exclude_from_clean_analysis,True,
102321903,episode,rule_reward_sum_mismatch,flag_and_exclude_from_clean_analysis,True,
102321903,episode,rule_any_episode_anomaly,flag_and_exclude_from_clean_analysis,True,
102321903,episode,rule_only,flag_and_exclude_from_clean_analysis,True,
102326376,episode,rule_reward_sum_mismatch,flag_and_exclude_from_clean_analysis,True,
102326376,episode,rule_any_episode_anomaly,flag_and_exclude_from_clean_analysis,True,
102326376,episode,rule_only,flag_and_exclude_from_clean_analysis,True,
102326536,episode,rule_reward_sum_mismatch,flag_and_exclude_from_clean_analysis,True,
102326536,episode,rule_any_episode_anomaly,flag_and_exclude_from_clean_analysis,True,
102326536,episode,rule_only,flag_and_exclude_from_clean_analysis,True,
102326537,episode,rule_reward_sum_mismatch,flag_and_exclude_from_clean_analysis,True,
102326537,episode,rule_any_episode_anomaly,flag_and_exclude_from_clean_analysis,True,
102326537,episode,rule_only,flag_and_exclude_from_clean_analysis,True,
102328615,episode,rule_reward_sum_mismatch,flag_and_exclude_from_clean_analysis,True,
102328615,episode,rule_any_episode_anomaly,flag_and_exclude_from_clean_analysis,True,
102328615,episode,stat_avg_score_outlier,flag_and_exclude_from_clean_analysis,True,
102328615,episode,stat_any_outlier,flag_and_exclude_from_clean_analysis,True,
102330847,episode,rule_reward_sum_mismatch,flag_and_exclude_from_clean_analysis,True,
102330847,episode,rule_any_episode_anomaly,flag_and_exclude_from_clean_analysis,True,
102330847,episode,rule_only,flag_and_exclude_from_clean_analysis,True,
102330861,episode,rule_reward_sum_mismatch,flag_and_exclude_from_clean_analysis,True,
102330861,episode,rule_any_episode_anomaly,flag_and_exclude_from_clean_analysis,True,
102330861,episode,rule_only,flag_and_exclude_from_clean_analysis,True,
102333093,episode,rule_reward_sum_mismatch,flag_and_exclude_from_clean_analysis,True,
102333093,episode,rule_any_episode_anomaly,flag_and_exclude_from_clean_analysis,True,
102333093,episode,rule_only,flag_and_exclude_from_clean_analysis,True,
102335330,episode,rule_reward_sum_mismatch,flag_and_exclude_from_clean_analysis,True,
102335330,episode,rule_any_episode_anomaly,flag_and_exclude_from_clean_analysis,True,
102335330,episode,rule_only,flag_and_exclude_from_clean_analysis,True,
102335390,episode,rule_reward_sum_mismatch,flag_and_exclude_from_clean_analysis,True,
102335390,episode,rule_any_episode_anomaly,flag_and_exclude_from_clean_analysis,True,
102335390,episode,rule_only,flag_and_exclude_from_clean_analysis,True,
102337566,episode,rule_reward_sum_mismatch,flag_and_exclude_from_clean_analysis,True,
102337566,episode,rule_any_episode_anomaly,flag_and_exclude_from_clean_analysis,True,
102337566,episode,rule_only,flag_and_exclude_from_clean_analysis,True,
102337576,episode,rule_reward_sum_mismatch,flag_and_exclude_from_clean_analysis,True,
102337576,episode,rule_any_episode_anomaly,flag_and_exclude_from_clean_analysis,True,
102337576,episode,rule_only,flag_and_exclude_from_clean_analysis,True,
102337637,episode,rule_reward_sum_mismatch,flag_and_exclude_from_clean_analysis,True,
102337637,episode,rule_any_episode_anomaly,flag_and_exclude_from_clean_analysis,True,
102337637,episode,rule_only,flag_and_exclude_from_clean_analysis,True,
102337643,episode,rule_reward_sum_mismatch,flag_and_exclude_from_clean_analysis,True,
102337643,episode,rule_any_episode_anomaly,flag_and_exclude_from_clean_analysis,True,
102337643,episode,rule_only,flag_and_exclude_from_clean_analysis,True,
102337644,episode,rule_reward_sum_mismatch,flag_and_exclude_from_clean_analysis,True,
102337644,episode,rule_any_episode_anomaly,flag_and_exclude_from_clean_analysis,True,
102337644,episode,rule_only,flag_and_exclude_from_clean_analysis,True,
102337681,episode,rule_reward_sum_mismatch,flag_and_exclude_from_clean_analysis,True,
102337681,episode,rule_any_episode_anomaly,flag_and_exclude_from_clean_analysis,True,
102337681,episode,rule_only,flag_and_exclude_from_clean_analysis,True,
102339808,episode,rule_reward_sum_mismatch,flag_and_exclude_from_clean_analysis,True,
102339808,episode,rule_any_episode_anomaly,flag_and_exclude_from_clean_analysis,True,
102339808,episode,rule_only,flag_and_exclude_from_clean_analysis,True,
102339821,episode,rule_reward_sum_mismatch,flag_and_exclude_from_clean_analysis,True,
102339821,episode,rule_any_episode_anomaly,flag_and_exclude_from_clean_analysis,True,
102339821,episode,rule_only,flag_and_exclude_from_clean_analysis,True,
102342025,episode,rule_reward_sum_mismatch,flag_and_exclude_from_clean_analysis,True,
102342025,episode,rule_any_episode_anomaly,flag_and_exclude_from_clean_analysis,True,
102342025,episode,rule_only,flag_and_exclude_from_clean_analysis,True,
102342029,episode,rule_reward_sum_mismatch,flag_and_exclude_from_clean_analysis,True,
102342029,episode,rule_any_episode_anomaly,flag_and_exclude_from_clean_analysis,True,
102342029,episode,rule_only,flag_and_exclude_from_clean_analysis,True,
102342039,episode,rule_reward_sum_mismatch,flag_and_exclude_from_clean_analysis,True,
102342039,episode,rule_any_episode_anomaly,flag_and_exclude_from_clean_analysis,True,
102342039,episode,stat_size_outlier,flag_and_exclude_from_clean_analysis,True,
102342039,episode,stat_any_outlier,flag_and_exclude_from_clean_analysis,True,
102342115,episode,rule_reward_sum_mismatch,flag_and_exclude_from_clean_analysis,True,
102342115,episode,rule_any_episode_anomaly,flag_and_exclude_from_clean_analysis,True,
102342115,episode,rule_only,flag_and_exclude_from_clean_analysis,True,
102344282,episode,rule_reward_sum_mismatch,flag_and_exclude_from_clean_analysis,True,
102344282,episode,rule_any_episode_anomaly,flag_and_exclude_from_clean_analysis,True,
102344282,episode,rule_only,flag_and_exclude_from_clean_analysis,True,
102344368,episode,rule_reward_sum_mismatch,flag_and_exclude_from_clean_analysis,True,
102344368,episode,rule_any_episode_anomaly,flag_and_exclude_from_clean_analysis,True,
102344368,episode,rule_only,flag_and_exclude_from_clean_analysis,True,
102346485,episode,rule_reward_sum_mismatch,flag_and_exclude_from_clean_analysis,True,
102346485,episode,rule_any_episode_anomaly,flag_and_exclude_from_clean_analysis,True,
102346485,episode,rule_only,flag_and_exclude_from_clean_analysis,True,
102346518,episode,rule_reward_sum_mismatch,flag_and_exclude_from_clean_analysis,True,
102346518,episode,rule_any_episode_anomaly,flag_and_exclude_from_clean_analysis,True,
102346518,episode,rule_only,flag_and_exclude_from_clean_analysis,True,
102346578,episode,rule_reward_sum_mismatch,flag_and_exclude_from_clean_analysis,True,
102346578,episode,rule_any_episode_anomaly,flag_and_exclude_from_clean_analysis,True,
102346578,episode,rule_only,flag_and_exclude_from_clean_analysis,True,
102346579,episode,rule_reward_sum_mismatch,flag_and_exclude_from_clean_analysis,True,
102346579,episode,rule_any_episode_anomaly,flag_and_exclude_from_clean_analysis,True,
102346579,episode,rule_only,flag_and_exclude_from_clean_analysis,True,
102346581,episode,rule_reward_sum_mismatch,flag_and_exclude_from_clean_analysis,True,
102346581,episode,rule_any_episode_anomaly,flag_and_exclude_from_clean_analysis,True,
102346581,episode,rule_only,flag_and_exclude_from_clean_analysis,True,
102355428,episode,rule_reward_sum_mismatch,flag_and_exclude_from_clean_analysis,True,
102355428,episode,rule_any_episode_anomaly,flag_and_exclude_from_clean_analysis,True,
102355428,episode,stat_avg_score_outlier,flag_and_exclude_from_clean_analysis,True,
102355428,episode,stat_any_outlier,flag_and_exclude_from_clean_analysis,True,
102357672,episode,rule_reward_sum_mismatch,flag_and_exclude_from_clean_analysis,True,
102357672,episode,rule_any_episode_anomaly,flag_and_exclude_from_clean_analysis,True,
102357672,episode,rule_only,flag_and_exclude_from_clean_analysis,True,
102359915,episode,rule_reward_sum_mismatch,flag_and_exclude_from_clean_analysis,True,
102359915,episode,rule_any_episode_anomaly,flag_and_exclude_from_clean_analysis,True,
102359915,episode,rule_only,flag_and_exclude_from_clean_analysis,True,
102362150,episode,rule_reward_sum_mismatch,flag_and_exclude_from_clean_analysis,True,
102362150,episode,rule_any_episode_anomaly,flag_and_exclude_from_clean_analysis,True,
102362150,episode,rule_only,flag_and_exclude_from_clean_analysis,True,
102364469,episode,rule_reward_sum_mismatch,flag_and_exclude_from_clean_analysis,True,
102364469,episode,rule_any_episode_anomaly,flag_and_exclude_from_clean_analysis,True,
102364469,episode,rule_only,flag_and_exclude_from_clean_analysis,True,
102366622,episode,rule_reward_sum_mismatch,flag_and_exclude_from_clean_analysis,True,
102366622,episode,rule_any_episode_anomaly,flag_and_exclude_from_clean_analysis,True,
102366622,episode,rule_only,flag_and_exclude_from_clean_analysis,True,
102366678,episode,rule_reward_sum_mismatch,flag_and_exclude_from_clean_analysis,True,
102366678,episode,rule_any_episode_anomaly,flag_and_exclude_from_clean_analysis,True,
102366678,episode,rule_only,flag_and_exclude_from_clean_analysis,True,
102366712,episode,rule_reward_sum_mismatch,flag_and_exclude_from_clean_analysis,True,
102366712,episode,rule_any_episode_anomaly,flag_and_exclude_from_clean_analysis,True,
102366712,episode,rule_only,flag_and_exclude_from_clean_analysis,True,
102375637,episode,rule_reward_sum_mismatch,flag_and_exclude_from_clean_analysis,True,
102375637,episode,rule_any_episode_anomaly,flag_and_exclude_from_clean_analysis,True,
102375637,episode,rule_only,flag_and_exclude_from_clean_analysis,True,
102375638,episode,rule_reward_sum_mismatch,flag_and_exclude_from_clean_analysis,True,
102375638,episode,rule_any_episode_anomaly,flag_and_exclude_from_clean_analysis,True,
102375638,episode,rule_only,flag_and_exclude_from_clean_analysis,True,
102375639,episode,rule_reward_sum_mismatch,flag_and_exclude_from_clean_analysis,True,
102375639,episode,rule_any_episode_anomaly,flag_and_exclude_from_clean_analysis,True,
102375639,episode,rule_only,flag_and_exclude_from_clean_analysis,True,
102386737,episode,rule_reward_sum_mismatch,flag_and_exclude_from_clean_analysis,True,
102386737,episode,rule_any_episode_anomaly,flag_and_exclude_from_clean_analysis,True,
102386737,episode,rule_only,flag_and_exclude_from_clean_analysis,True,
102386801,episode,rule_reward_sum_mismatch,flag_and_exclude_from_clean_analysis,True,
102386801,episode,rule_any_episode_anomaly,flag_and_exclude_from_clean_analysis,True,
102386801,episode,rule_only,flag_and_exclude_from_clean_analysis,True,
102386803,episode,rule_reward_sum_mismatch,flag_and_exclude_from_clean_analysis,True,
102386803,episode,rule_any_episode_anomaly,flag_and_exclude_from_clean_analysis,True,
102386803,episode,rule_only,flag_and_exclude_from_clean_analysis,True,
102389026,episode,rule_reward_sum_mismatch,flag_and_exclude_from_clean_analysis,True,
102389026,episode,rule_any_episode_anomaly,flag_and_exclude_from_clean_analysis,True,
102389026,episode,rule_only,flag_and_exclude_from_clean_analysis,True,
102391046,episode,rule_reward_sum_mismatch,flag_and_exclude_from_clean_analysis,True,
102391046,episode,rule_any_episode_anomaly,flag_and_exclude_from_clean_analysis,True,
102391046,episode,rule_only,flag_and_exclude_from_clean_analysis,True,
102391261,episode,rule_reward_sum_mismatch,flag_and_exclude_from_clean_analysis,True,
102391261,episode,rule_any_episode_anomaly,flag_and_exclude_from_clean_analysis,True,
102391261,episode,rule_only,flag_and_exclude_from_clean_analysis,True,
102391265,episode,rule_reward_sum_mismatch,flag_and_exclude_from_clean_analysis,True,
102391265,episode,rule_any_episode_anomaly,flag_and_exclude_from_clean_analysis,True,
102391265,episode,rule_only,flag_and_exclude_from_clean_analysis,True,
102391270,episode,rule_reward_sum_mismatch,flag_and_exclude_from_clean_analysis,True,
102391270,episode,rule_any_episode_anomaly,flag_and_exclude_from_clean_analysis,True,
102391270,episode,rule_only,flag_and_exclude_from_clean_analysis,True,
102393491,episode,rule_reward_sum_mismatch,flag_and_exclude_from_clean_analysis,True,
102393491,episode,rule_any_episode_anomaly,flag_and_exclude_from_clean_analysis,True,
102393491,episode,rule_only,flag_and_exclude_from_clean_analysis,True,
102395687,episode,rule_reward_sum_mismatch,flag_and_exclude_from_clean_analysis,True,
102395687,episode,rule_any_episode_anomaly,flag_and_exclude_from_clean_analysis,True,
102395687,episode,rule_only,flag_and_exclude_from_clean_analysis,True,
102397877,episode,rule_reward_sum_mismatch,flag_and_exclude_from_clean_analysis,True,
102397877,episode,rule_any_episode_anomaly,flag_and_exclude_from_clean_analysis,True,
102397877,episode,rule_only,flag_and_exclude_from_clean_analysis,True,
102397878,episode,rule_reward_sum_mismatch,flag_and_exclude_from_clean_analysis,True,
102397878,episode,rule_any_episode_anomaly,flag_and_exclude_from_clean_analysis,True,
102397878,episode,rule_only,flag_and_exclude_from_clean_analysis,True,
102408936,episode,rule_reward_sum_mismatch,flag_and_exclude_from_clean_analysis,True,
102408936,episode,rule_any_episode_anomaly,flag_and_exclude_from_clean_analysis,True,
102408936,episode,rule_only,flag_and_exclude_from_clean_analysis,True,
102409112,episode,rule_reward_sum_mismatch,flag_and_exclude_from_clean_analysis,True,
102409112,episode,rule_any_episode_anomaly,flag_and_exclude_from_clean_analysis,True,
102409112,episode,rule_only,flag_and_exclude_from_clean_analysis,True,
102411290,episode,rule_reward_sum_mismatch,flag_and_exclude_from_clean_analysis,True,
102411290,episode,rule_any_episode_anomaly,flag_and_exclude_from_clean_analysis,True,
102411290,episode,rule_only,flag_and_exclude_from_clean_analysis,True,
102418040,episode,rule_reward_sum_mismatch,flag_and_exclude_from_clean_analysis,True,
102418040,episode,rule_any_episode_anomaly,flag_and_exclude_from_clean_analysis,True,
102418040,episode,rule_only,flag_and_exclude_from_clean_analysis,True,
102426833,episode,rule_reward_sum_mismatch,flag_and_exclude_from_clean_analysis,True,
102426833,episode,rule_any_episode_anomaly,flag_and_exclude_from_clean_analysis,True,
102426833,episode,rule_only,flag_and_exclude_from_clean_analysis,True,
102426916,episode,rule_reward_sum_mismatch,flag_and_exclude_from_clean_analysis,True,
102426916,episode,rule_any_episode_anomaly,flag_and_exclude_from_clean_analysis,True,
102426916,episode,rule_only,flag_and_exclude_from_clean_analysis,True,
102426925,episode,rule_reward_sum_mismatch,flag_and_exclude_from_clean_analysis,True,
102426925,episode,rule_any_episode_anomaly,flag_and_exclude_from_clean_analysis,True,
102426925,episode,rule_only,flag_and_exclude_from_clean_analysis,True,
102426928,episode,rule_reward_sum_mismatch,flag_and_exclude_from_clean_analysis,True,
102426928,episode,rule_any_episode_anomaly,flag_and_exclude_from_clean_analysis,True,
102426928,episode,rule_only,flag_and_exclude_from_clean_analysis,True,
102431396,episode,rule_reward_sum_mismatch,flag_and_exclude_from_clean_analysis,True,
102431396,episode,rule_any_episode_anomaly,flag_and_exclude_from_clean_analysis,True,
102431396,episode,rule_only,flag_and_exclude_from_clean_analysis,True,
102431414,episode,rule_reward_sum_mismatch,flag_and_exclude_from_clean_analysis,True,
102431414,episode,rule_any_episode_anomaly,flag_and_exclude_from_clean_analysis,True,
102431414,episode,rule_only,flag_and_exclude_from_clean_analysis,True,
102433555,episode,rule_reward_sum_mismatch,flag_and_exclude_from_clean_analysis,True,
102433555,episode,rule_any_episode_anomaly,flag_and_exclude_from_clean_analysis,True,
102433555,episode,rule_only,flag_and_exclude_from_clean_analysis,True,
102440263,episode,rule_reward_sum_mismatch,flag_and_exclude_from_clean_analysis,True,
102440263,episode,rule_any_episode_anomaly,flag_and_exclude_from_clean_analysis,True,
102440263,episode,rule_only,flag_and_exclude_from_clean_analysis,True,
102440331,episode,rule_reward_sum_mismatch,flag_and_exclude_from_clean_analysis,True,
102440331,episode,rule_any_episode_anomaly,flag_and_exclude_from_clean_analysis,True,
102440331,episode,rule_only,flag_and_exclude_from_clean_analysis,True,
102442511,episode,rule_reward_sum_mismatch,flag_and_exclude_from_clean_analysis,True,
102442511,episode,rule_any_episode_anomaly,flag_and_exclude_from_clean_analysis,True,
102442511,episode,rule_only,flag_and_exclude_from_clean_analysis,True,
102442578,episode,rule_reward_sum_mismatch,flag_and_exclude_from_clean_analysis,True,
102442578,episode,rule_any_episode_anomaly,flag_and_exclude_from_clean_analysis,True,
102442578,episode,rule_only,flag_and_exclude_from_clean_analysis,True,
102444750,episode,rule_reward_sum_mismatch,flag_and_exclude_from_clean_analysis,True,
102444750,episode,rule_any_episode_anomaly,flag_and_exclude_from_clean_analysis,True,
102444750,episode,rule_only,flag_and_exclude_from_clean_analysis,True,
102444817,episode,rule_reward_sum_mismatch,flag_and_exclude_from_clean_analysis,True,
102444817,episode,rule_any_episode_anomaly,flag_and_exclude_from_clean_analysis,True,
102444817,episode,rule_only,flag_and_exclude_from_clean_analysis,True,
102446982,episode,rule_reward_sum_mismatch,flag_and_exclude_from_clean_analysis,True,
102446982,episode,rule_any_episode_anomaly,flag_and_exclude_from_clean_analysis,True,
102446982,episode,stat_size_outlier,flag_and_exclude_from_clean_analysis,True,
102446982,episode,stat_any_outlier,flag_and_exclude_from_clean_analysis,True,
102449216,episode,rule_reward_sum_mismatch,flag_and_exclude_from_clean_analysis,True,
102449216,episode,rule_any_episode_anomaly,flag_and_exclude_from_clean_analysis,True,
102449216,episode,rule_only,flag_and_exclude_from_clean_analysis,True,
102449276,episode,rule_reward_sum_mismatch,flag_and_exclude_from_clean_analysis,True,
102449276,episode,rule_any_episode_anomaly,flag_and_exclude_from_clean_analysis,True,
102449276,episode,rule_only,flag_and_exclude_from_clean_analysis,True,
102449280,episode,rule_reward_sum_mismatch,flag_and_exclude_from_clean_analysis,True,
102449280,episode,rule_any_episode_anomaly,flag_and_exclude_from_clean_analysis,True,
102449280,episode,rule_only,flag_and_exclude_from_clean_analysis,True,
102449287,episode,rule_reward_sum_mismatch,flag_and_exclude_from_clean_analysis,True,
102449287,episode,rule_any_episode_anomaly,flag_and_exclude_from_clean_analysis,True,
102449287,episode,rule_only,flag_and_exclude_from_clean_analysis,True,
102451456,episode,rule_reward_sum_mismatch,flag_and_exclude_from_clean_analysis,True,
102451456,episode,rule_any_episode_anomaly,flag_and_exclude_from_clean_analysis,True,
102451456,episode,rule_only,flag_and_exclude_from_clean_analysis,True,
102453701,episode,rule_reward_sum_mismatch,flag_and_exclude_from_clean_analysis,True,
102453701,episode,rule_any_episode_anomaly,flag_and_exclude_from_clean_analysis,True,
102453701,episode,rule_only,flag_and_exclude_from_clean_analysis,True,
102453789,episode,rule_reward_sum_mismatch,flag_and_exclude_from_clean_analysis,True,
102453789,episode,rule_any_episode_anomaly,flag_and_exclude_from_clean_analysis,True,
102453789,episode,rule_only,flag_and_exclude_from_clean_analysis,True,
102460289,episode,rule_reward_sum_mismatch,flag_and_exclude_from_clean_analysis,True,
102460289,episode,rule_any_episode_anomaly,flag_and_exclude_from_clean_analysis,True,
102460289,episode,rule_only,flag_and_exclude_from_clean_analysis,True,
102464773,episode,rule_reward_sum_mismatch,flag_and_exclude_from_clean_analysis,True,
102464773,episode,rule_any_episode_anomaly,flag_and_exclude_from_clean_analysis,True,
102464773,episode,rule_only,flag_and_exclude_from_clean_analysis,True,
102464917,episode,rule_reward_sum_mismatch,flag_and_exclude_from_clean_analysis,True,
102464917,episode,rule_any_episode_anomaly,flag_and_exclude_from_clean_analysis,True,
102464917,episode,rule_only,flag_and_exclude_from_clean_analysis,True,
102480562,episode,rule_reward_sum_mismatch,flag_and_exclude_from_clean_analysis,True,
102480562,episode,rule_any_episode_anomaly,flag_and_exclude_from_clean_analysis,True,
102480562,episode,rule_only,flag_and_exclude_from_clean_analysis,True,
102480563,episode,rule_reward_sum_mismatch,flag_and_exclude_from_clean_analysis,True,
102480563,episode,rule_any_episode_anomaly,flag_and_exclude_from_clean_analysis,True,
102480563,episode,rule_only,flag_and_exclude_from_clean_analysis,True,
102487150,episode,rule_reward_sum_mismatch,flag_and_exclude_from_clean_analysis,True,
102487150,episode,rule_any_episode_anomaly,flag_and_exclude_from_clean_analysis,True,
102487150,episode,rule_only,flag_and_exclude_from_clean_analysis,True,
102489476,episode,rule_reward_sum_mismatch,flag_and_exclude_from_clean_analysis,True,
102489476,episode,rule_any_episode_anomaly,flag_and_exclude_from_clean_analysis,True,
102489476,episode,rule_only,flag_and_exclude_from_clean_analysis,True,
102493982,episode,rule_reward_sum_mismatch,flag_and_exclude_from_clean_analysis,True,
102493982,episode,rule_any_episode_anomaly,flag_and_exclude_from_clean_analysis,True,
102493982,episode,rule_only,flag_and_exclude_from_clean_analysis,True,
102496081,episode,rule_reward_sum_mismatch,flag_and_exclude_from_clean_analysis,True,
102496081,episode,rule_any_episode_anomaly,flag_and_exclude_from_clean_analysis,True,
102496081,episode,rule_only,flag_and_exclude_from_clean_analysis,True,
102498220,episode,rule_reward_sum_mismatch,flag_and_exclude_from_clean_analysis,True,
102498220,episode,rule_any_episode_anomaly,flag_and_exclude_from_clean_analysis,True,
102498220,episode,rule_only,flag_and_exclude_from_clean_analysis,True,
102498438,episode,rule_reward_sum_mismatch,flag_and_exclude_from_clean_analysis,True,
102498438,episode,rule_any_episode_anomaly,flag_and_exclude_from_clean_analysis,True,
102498438,episode,rule_only,flag_and_exclude_from_clean_analysis,True,
102500674,episode,rule_reward_sum_mismatch,flag_and_exclude_from_clean_analysis,True,
102500674,episode,rule_any_episode_anomaly,flag_and_exclude_from_clean_analysis,True,
102500674,episode,rule_only,flag_and_exclude_from_clean_analysis,True,
102502613,episode,rule_reward_sum_mismatch,flag_and_exclude_from_clean_analysis,True,
102502613,episode,rule_any_episode_anomaly,flag_and_exclude_from_clean_analysis,True,
102502613,episode,rule_only,flag_and_exclude_from_clean_analysis,True,
102505139,episode,rule_reward_sum_mismatch,flag_and_exclude_from_clean_analysis,True,
102505139,episode,rule_any_episode_anomaly,flag_and_exclude_from_clean_analysis,True,
102505139,episode,rule_only,flag_and_exclude_from_clean_analysis,True,
102505140,episode,rule_reward_sum_mismatch,flag_and_exclude_from_clean_analysis,True,
102505140,episode,rule_any_episode_anomaly,flag_and_exclude_from_clean_analysis,True,
102505140,episode,rule_only,flag_and_exclude_from_clean_analysis,True,
102505144,episode,rule_reward_sum_mismatch,flag_and_exclude_from_clean_analysis,True,
102505144,episode,rule_any_episode_anomaly,flag_and_exclude_from_clean_analysis,True,
102505144,episode,stat_size_outlier,flag_and_exclude_from_clean_analysis,True,
102505144,episode,stat_any_outlier,flag_and_exclude_from_clean_analysis,True,
102505146,episode,rule_reward_sum_mismatch,flag_and_exclude_from_clean_analysis,True,
102505146,episode,rule_any_episode_anomaly,flag_and_exclude_from_clean_analysis,True,
102505146,episode,rule_only,flag_and_exclude_from_clean_analysis,True,
102509338,episode,rule_reward_sum_mismatch,flag_and_exclude_from_clean_analysis,True,
102509338,episode,rule_any_episode_anomaly,flag_and_exclude_from_clean_analysis,True,
102509338,episode,rule_only,flag_and_exclude_from_clean_analysis,True,
102509606,episode,rule_reward_sum_mismatch,flag_and_exclude_from_clean_analysis,True,
102509606,episode,rule_any_episode_anomaly,flag_and_exclude_from_clean_analysis,True,
102509606,episode,rule_only,flag_and_exclude_from_clean_analysis,True,
102511575,episode,rule_reward_sum_mismatch,flag_and_exclude_from_clean_analysis,True,
102511575,episode,rule_any_episode_anomaly,flag_and_exclude_from_clean_analysis,True,
102511575,episode,rule_only,flag_and_exclude_from_clean_analysis,True,
102513816,episode,rule_reward_sum_mismatch,flag_and_exclude_from_clean_analysis,True,
102513816,episode,rule_any_episode_anomaly,flag_and_exclude_from_clean_analysis,True,
102513816,episode,rule_only,flag_and_exclude_from_clean_analysis,True,
102516044,episode,rule_reward_sum_mismatch,flag_and_exclude_from_clean_analysis,True,
102516044,episode,rule_any_episode_anomaly,flag_and_exclude_from_clean_analysis,True,
102516044,episode,rule_only,flag_and_exclude_from_clean_analysis,True,
102518277,episode,rule_reward_sum_mismatch,flag_and_exclude_from_clean_analysis,True,
102518277,episode,rule_any_episode_anomaly,flag_and_exclude_from_clean_analysis,True,
102518277,episode,stat_size_outlier,flag_and_exclude_from_clean_analysis,True,
102518277,episode,stat_any_outlier,flag_and_exclude_from_clean_analysis,True,
102518349,episode,rule_reward_sum_mismatch,flag_and_exclude_from_clean_analysis,True,
102518349,episode,rule_any_episode_anomaly,flag_and_exclude_from_clean_analysis,True,
102518349,episode,stat_avg_score_outlier,flag_and_exclude_from_clean_analysis,True,
102518349,episode,stat_any_outlier,flag_and_exclude_from_clean_analysis,True,
102520529,episode,rule_reward_sum_mismatch,flag_and_exclude_from_clean_analysis,True,
102520529,episode,rule_any_episode_anomaly,flag_and_exclude_from_clean_analysis,True,
102520529,episode,rule_only,flag_and_exclude_from_clean_analysis,True,
102520774,episode,rule_reward_sum_mismatch,flag_and_exclude_from_clean_analysis,True,
102520774,episode,rule_any_episode_anomaly,flag_and_exclude_from_clean_analysis,True,
102520774,episode,rule_only,flag_and_exclude_from_clean_analysis,True,
102522770,episode,rule_reward_sum_mismatch,flag_and_exclude_from_clean_analysis,True,
102522770,episode,rule_any_episode_anomaly,flag_and_exclude_from_clean_analysis,True,
102522770,episode,rule_only,flag_and_exclude_from_clean_analysis,True,
102524997,episode,rule_reward_sum_mismatch,flag_and_exclude_from_clean_analysis,True,
102524997,episode,rule_any_episode_anomaly,flag_and_exclude_from_clean_analysis,True,
102524997,episode,rule_only,flag_and_exclude_from_clean_analysis,True,
102527239,episode,rule_reward_sum_mismatch,flag_and_exclude_from_clean_analysis,True,
102527239,episode,rule_any_episode_anomaly,flag_and_exclude_from_clean_analysis,True,
102527239,episode,rule_only,flag_and_exclude_from_clean_analysis,True,
102527305,episode,rule_reward_sum_mismatch,flag_and_exclude_from_clean_analysis,True,
102527305,episode,rule_any_episode_anomaly,flag_and_exclude_from_clean_analysis,True,
102527305,episode,rule_only,flag_and_exclude_from_clean_analysis,True,
102529476,episode,rule_reward_sum_mismatch,flag_and_exclude_from_clean_analysis,True,
102529476,episode,rule_any_episode_anomaly,flag_and_exclude_from_clean_analysis,True,
102529476,episode,rule_only,flag_and_exclude_from_clean_analysis,True,
102529542,episode,rule_reward_sum_mismatch,flag_and_exclude_from_clean_analysis,True,
102529542,episode,rule_any_episode_anomaly,flag_and_exclude_from_clean_analysis,True,
102529542,episode,rule_only,flag_and_exclude_from_clean_analysis,True,
102531712,episode,rule_reward_sum_mismatch,flag_and_exclude_from_clean_analysis,True,
102531712,episode,rule_any_episode_anomaly,flag_and_exclude_from_clean_analysis,True,
102531712,episode,rule_only,flag_and_exclude_from_clean_analysis,True,
102533949,episode,rule_reward_sum_mismatch,flag_and_exclude_from_clean_analysis,True,
102533949,episode,rule_any_episode_anomaly,flag_and_exclude_from_clean_analysis,True,
102533949,episode,rule_only,flag_and_exclude_from_clean_analysis,True,
102534021,episode,rule_agent_count_mismatch,flag_and_exclude_from_clean_analysis,True,
102534021,episode,rule_status_count_mismatch,flag_and_exclude_from_clean_analysis,True,
102534021,episode,rule_steps_mismatch,flag_and_exclude_from_clean_analysis,True,
102534021,episode,rule_any_episode_anomaly,flag_and_exclude_from_clean_analysis,True,
102534021,episode,rule_only,flag_and_exclude_from_clean_analysis,True,
102536198,episode,rule_agent_count_mismatch,flag_and_exclude_from_clean_analysis,True,
102536198,episode,rule_status_count_mismatch,flag_and_exclude_from_clean_analysis,True,
102536198,episode,rule_steps_mismatch,flag_and_exclude_from_clean_analysis,True,
102536198,episode,rule_any_episode_anomaly,flag_and_exclude_from_clean_analysis,True,
102536198,episode,stat_size_outlier,flag_and_exclude_from_clean_analysis,True,
102536198,episode,stat_any_outlier,flag_and_exclude_from_clean_analysis,True,
102536407,episode,rule_agent_count_mismatch,flag_and_exclude_from_clean_analysis,True,
102536407,episode,rule_status_count_mismatch,flag_and_exclude_from_clean_analysis,True,
102536407,episode,rule_steps_mismatch,flag_and_exclude_from_clean_analysis,True,
102536407,episode,rule_any_episode_anomaly,flag_and_exclude_from_clean_analysis,True,
102536407,episode,rule_only,flag_and_exclude_from_clean_analysis,True,
102538447,episode,rule_agent_count_mismatch,flag_and_exclude_from_clean_analysis,True,
102538447,episode,rule_status_count_mismatch,flag_and_exclude_from_clean_analysis,True,
102538447,episode,rule_steps_mismatch,flag_and_exclude_from_clean_analysis,True,
102538447,episode,rule_any_episode_anomaly,flag_and_exclude_from_clean_analysis,True,
102538447,episode,rule_only,flag_and_exclude_from_clean_analysis,True,
102538503,episode,rule_agent_count_mismatch,flag_and_exclude_from_clean_analysis,True,
102538503,episode,rule_status_count_mismatch,flag_and_exclude_from_clean_analysis,True,
102538503,episode,rule_steps_mismatch,flag_and_exclude_from_clean_analysis,True,
102538503,episode,rule_any_episode_anomaly,flag_and_exclude_from_clean_analysis,True,
102538503,episode,rule_only,flag_and_exclude_from_clean_analysis,True,
102540675,episode,rule_agent_count_mismatch,flag_and_exclude_from_clean_analysis,True,
102540675,episode,rule_status_count_mismatch,flag_and_exclude_from_clean_analysis,True,
102540675,episode,rule_steps_mismatch,flag_and_exclude_from_clean_analysis,True,
102540675,episode,rule_any_episode_anomaly,flag_and_exclude_from_clean_analysis,True,
102540675,episode,rule_only,flag_and_exclude_from_clean_analysis,True,
102540749,episode,rule_agent_count_mismatch,flag_and_exclude_from_clean_analysis,True,
102540749,episode,rule_status_count_mismatch,flag_and_exclude_from_clean_analysis,True,
102540749,episode,rule_steps_mismatch,flag_and_exclude_from_clean_analysis,True,
102540749,episode,rule_any_episode_anomaly,flag_and_exclude_from_clean_analysis,True,
102540749,episode,rule_only,flag_and_exclude_from_clean_analysis,True,
102542924,episode,rule_agent_count_mismatch,flag_and_exclude_from_clean_analysis,True,
102542924,episode,rule_status_count_mismatch,flag_and_exclude_from_clean_analysis,True,
102542924,episode,rule_steps_mismatch,flag_and_exclude_from_clean_analysis,True,
102542924,episode,rule_any_episode_anomaly,flag_and_exclude_from_clean_analysis,True,
102542924,episode,rule_only,flag_and_exclude_from_clean_analysis,True,
102543000,episode,rule_agent_count_mismatch,flag_and_exclude_from_clean_analysis,True,
102543000,episode,rule_status_count_mismatch,flag_and_exclude_from_clean_analysis,True,
102543000,episode,rule_steps_mismatch,flag_and_exclude_from_clean_analysis,True,
102543000,episode,rule_any_episode_anomaly,flag_and_exclude_from_clean_analysis,True,
102543000,episode,rule_only,flag_and_exclude_from_clean_analysis,True,
102543110,episode,rule_agent_count_mismatch,flag_and_exclude_from_clean_analysis,True,
102543110,episode,rule_status_count_mismatch,flag_and_exclude_from_clean_analysis,True,
102543110,episode,rule_steps_mismatch,flag_and_exclude_from_clean_analysis,True,
102543110,episode,rule_any_episode_anomaly,flag_and_exclude_from_clean_analysis,True,
102543110,episode,rule_only,flag_and_exclude_from_clean_analysis,True,
102545173,episode,rule_agent_count_mismatch,flag_and_exclude_from_clean_analysis,True,
102545173,episode,rule_status_count_mismatch,flag_and_exclude_from_clean_analysis,True,
102545173,episode,rule_steps_mismatch,flag_and_exclude_from_clean_analysis,True,
102545173,episode,rule_any_episode_anomaly,flag_and_exclude_from_clean_analysis,True,
102545173,episode,rule_only,flag_and_exclude_from_clean_analysis,True,
102547398,episode,rule_agent_count_mismatch,flag_and_exclude_from_clean_analysis,True,
102547398,episode,rule_status_count_mismatch,flag_and_exclude_from_clean_analysis,True,
102547398,episode,rule_steps_mismatch,flag_and_exclude_from_clean_analysis,True,
102547398,episode,rule_any_episode_anomaly,flag_and_exclude_from_clean_analysis,True,
102547398,episode,rule_only,flag_and_exclude_from_clean_analysis,True,
102547420,episode,rule_agent_count_mismatch,flag_and_exclude_from_clean_analysis,True,
102547420,episode,rule_status_count_mismatch,flag_and_exclude_from_clean_analysis,True,
102547420,episode,rule_steps_mismatch,flag_and_exclude_from_clean_analysis,True,
102547420,episode,rule_any_episode_anomaly,flag_and_exclude_from_clean_analysis,True,
102547420,episode,rule_only,flag_and_exclude_from_clean_analysis,True,
102547476,episode,rule_agent_count_mismatch,flag_and_exclude_from_clean_analysis,True,
102547476,episode,rule_status_count_mismatch,flag_and_exclude_from_clean_analysis,True,
102547476,episode,rule_steps_mismatch,flag_and_exclude_from_clean_analysis,True,
102547476,episode,rule_any_episode_anomaly,flag_and_exclude_from_clean_analysis,True,
102547476,episode,rule_only,flag_and_exclude_from_clean_analysis,True,
102549641,episode,rule_agent_count_mismatch,flag_and_exclude_from_clean_analysis,True,
102549641,episode,rule_status_count_mismatch,flag_and_exclude_from_clean_analysis,True,
102549641,episode,rule_steps_mismatch,flag_and_exclude_from_clean_analysis,True,
102549641,episode,rule_any_episode_anomaly,flag_and_exclude_from_clean_analysis,True,
102549641,episode,rule_only,flag_and_exclude_from_clean_analysis,True,
102549659,episode,rule_agent_count_mismatch,flag_and_exclude_from_clean_analysis,True,
102549659,episode,rule_status_count_mismatch,flag_and_exclude_from_clean_analysis,True,
102549659,episode,rule_steps_mismatch,flag_and_exclude_from_clean_analysis,True,
102549659,episode,rule_any_episode_anomaly,flag_and_exclude_from_clean_analysis,True,
102549659,episode,rule_only,flag_and_exclude_from_clean_analysis,True,
102549711,episode,rule_agent_count_mismatch,flag_and_exclude_from_clean_analysis,True,
102549711,episode,rule_status_count_mismatch,flag_and_exclude_from_clean_analysis,True,
102549711,episode,rule_steps_mismatch,flag_and_exclude_from_clean_analysis,True,
102549711,episode,rule_any_episode_anomaly,flag_and_exclude_from_clean_analysis,True,
102549711,episode,rule_only,flag_and_exclude_from_clean_analysis,True,
102551885,episode,rule_agent_count_mismatch,flag_and_exclude_from_clean_analysis,True,
102551885,episode,rule_status_count_mismatch,flag_and_exclude_from_clean_analysis,True,
102551885,episode,rule_steps_mismatch,flag_and_exclude_from_clean_analysis,True,
102551885,episode,rule_any_episode_anomaly,flag_and_exclude_from_clean_analysis,True,
102551885,episode,rule_only,flag_and_exclude_from_clean_analysis,True,
102551911,episode,rule_agent_count_mismatch,flag_and_exclude_from_clean_analysis,True,
102551911,episode,rule_status_count_mismatch,flag_and_exclude_from_clean_analysis,True,
102551911,episode,rule_steps_mismatch,flag_and_exclude_from_clean_analysis,True,
102551911,episode,rule_any_episode_anomaly,flag_and_exclude_from_clean_analysis,True,
102551911,episode,rule_only,flag_and_exclude_from_clean_analysis,True,
102552024,episode,rule_agent_count_mismatch,flag_and_exclude_from_clean_analysis,True,
102552024,episode,rule_status_count_mismatch,flag_and_exclude_from_clean_analysis,True,
102552024,episode,rule_steps_mismatch,flag_and_exclude_from_clean_analysis,True,
102552024,episode,rule_any_episode_anomaly,flag_and_exclude_from_clean_analysis,True,
102552024,episode,rule_only,flag_and_exclude_from_clean_analysis,True,
102554117,episode,rule_agent_count_mismatch,flag_and_exclude_from_clean_analysis,True,
102554117,episode,rule_status_count_mismatch,flag_and_exclude_from_clean_analysis,True,
102554117,episode,rule_steps_mismatch,flag_and_exclude_from_clean_analysis,True,
102554117,episode,rule_any_episode_anomaly,flag_and_exclude_from_clean_analysis,True,
102554117,episode,rule_only,flag_and_exclude_from_clean_analysis,True,
102554192,episode,rule_agent_count_mismatch,flag_and_exclude_from_clean_analysis,True,
102554192,episode,rule_status_count_mismatch,flag_and_exclude_from_clean_analysis,True,
102554192,episode,rule_steps_mismatch,flag_and_exclude_from_clean_analysis,True,
102554192,episode,rule_any_episode_anomaly,flag_and_exclude_from_clean_analysis,True,
102554192,episode,rule_only,flag_and_exclude_from_clean_analysis,True,
102556360,episode,rule_agent_count_mismatch,flag_and_exclude_from_clean_analysis,True,
102556360,episode,rule_status_count_mismatch,flag_and_exclude_from_clean_analysis,True,
102556360,episode,rule_steps_mismatch,flag_and_exclude_from_clean_analysis,True,
102556360,episode,rule_any_episode_anomaly,flag_and_exclude_from_clean_analysis,True,
102556360,episode,stat_size_outlier,flag_and_exclude_from_clean_analysis,True,
102556360,episode,stat_any_outlier,flag_and_exclude_from_clean_analysis,True,
102556429,episode,rule_agent_count_mismatch,flag_and_exclude_from_clean_analysis,True,
102556429,episode,rule_status_count_mismatch,flag_and_exclude_from_clean_analysis,True,
102556429,episode,rule_steps_mismatch,flag_and_exclude_from_clean_analysis,True,
102556429,episode,rule_any_episode_anomaly,flag_and_exclude_from_clean_analysis,True,
102556429,episode,rule_only,flag_and_exclude_from_clean_analysis,True,
102556497,episode,rule_agent_count_mismatch,flag_and_exclude_from_clean_analysis,True,
102556497,episode,rule_status_count_mismatch,flag_and_exclude_from_clean_analysis,True,
102556497,episode,rule_steps_mismatch,flag_and_exclude_from_clean_analysis,True,
102556497,episode,rule_any_episode_anomaly,flag_and_exclude_from_clean_analysis,True,
102556497,episode,rule_only,flag_and_exclude_from_clean_analysis,True,
102556518,episode,rule_agent_count_mismatch,flag_and_exclude_from_clean_analysis,True,
102556518,episode,rule_status_count_mismatch,flag_and_exclude_from_clean_analysis,True,
102556518,episode,rule_steps_mismatch,flag_and_exclude_from_clean_analysis,True,
102556518,episode,rule_any_episode_anomaly,flag_and_exclude_from_clean_analysis,True,
102556518,episode,rule_only,flag_and_exclude_from_clean_analysis,True,
102558593,episode,rule_agent_count_mismatch,flag_and_exclude_from_clean_analysis,True,
102558593,episode,rule_status_count_mismatch,flag_and_exclude_from_clean_analysis,True,
102558593,episode,rule_steps_mismatch,flag_and_exclude_from_clean_analysis,True,
102558593,episode,rule_any_episode_anomaly,flag_and_exclude_from_clean_analysis,True,
102558593,episode,rule_only,flag_and_exclude_from_clean_analysis,True,
102558605,episode,rule_agent_count_mismatch,flag_and_exclude_from_clean_analysis,True,
102558605,episode,rule_status_count_mismatch,flag_and_exclude_from_clean_analysis,True,
102558605,episode,rule_steps_mismatch,flag_and_exclude_from_clean_analysis,True,
102558605,episode,rule_any_episode_anomaly,flag_and_exclude_from_clean_analysis,True,
102558605,episode,rule_only,flag_and_exclude_from_clean_analysis,True,
102558664,episode,rule_agent_count_mismatch,flag_and_exclude_from_clean_analysis,True,
102558664,episode,rule_status_count_mismatch,flag_and_exclude_from_clean_analysis,True,
102558664,episode,rule_steps_mismatch,flag_and_exclude_from_clean_analysis,True,
102558664,episode,rule_any_episode_anomaly,flag_and_exclude_from_clean_analysis,True,
102558664,episode,stat_avg_score_outlier,flag_and_exclude_from_clean_analysis,True,
102558664,episode,stat_any_outlier,flag_and_exclude_from_clean_analysis,True,
102560828,episode,rule_agent_count_mismatch,flag_and_exclude_from_clean_analysis,True,
102560828,episode,rule_status_count_mismatch,flag_and_exclude_from_clean_analysis,True,
102560828,episode,rule_steps_mismatch,flag_and_exclude_from_clean_analysis,True,
102560828,episode,rule_any_episode_anomaly,flag_and_exclude_from_clean_analysis,True,
102560828,episode,rule_only,flag_and_exclude_from_clean_analysis,True,
102560904,episode,rule_agent_count_mismatch,flag_and_exclude_from_clean_analysis,True,
102560904,episode,rule_status_count_mismatch,flag_and_exclude_from_clean_analysis,True,
102560904,episode,rule_steps_mismatch,flag_and_exclude_from_clean_analysis,True,
102560904,episode,rule_any_episode_anomaly,flag_and_exclude_from_clean_analysis,True,
102560904,episode,rule_only,flag_and_exclude_from_clean_analysis,True,
102563063,episode,rule_agent_count_mismatch,flag_and_exclude_from_clean_analysis,True,
102563063,episode,rule_status_count_mismatch,flag_and_exclude_from_clean_analysis,True,
102563063,episode,rule_steps_mismatch,flag_and_exclude_from_clean_analysis,True,
102563063,episode,rule_any_episode_anomaly,flag_and_exclude_from_clean_analysis,True,
102563063,episode,rule_only,flag_and_exclude_from_clean_analysis,True,
102563135,episode,rule_agent_count_mismatch,flag_and_exclude_from_clean_analysis,True,
102563135,episode,rule_status_count_mismatch,flag_and_exclude_from_clean_analysis,True,
102563135,episode,rule_steps_mismatch,flag_and_exclude_from_clean_analysis,True,
102563135,episode,rule_any_episode_anomaly,flag_and_exclude_from_clean_analysis,True,
102563135,episode,rule_only,flag_and_exclude_from_clean_analysis,True,
102563171,episode,rule_agent_count_mismatch,flag_and_exclude_from_clean_analysis,True,
102563171,episode,rule_status_count_mismatch,flag_and_exclude_from_clean_analysis,True,
102563171,episode,rule_steps_mismatch,flag_and_exclude_from_clean_analysis,True,
102563171,episode,rule_any_episode_anomaly,flag_and_exclude_from_clean_analysis,True,
102563171,episode,rule_only,flag_and_exclude_from_clean_analysis,True,
102563172,episode,rule_agent_count_mismatch,flag_and_exclude_from_clean_analysis,True,
102563172,episode,rule_status_count_mismatch,flag_and_exclude_from_clean_analysis,True,
102563172,episode,rule_steps_mismatch,flag_and_exclude_from_clean_analysis,True,
102563172,episode,rule_any_episode_anomaly,flag_and_exclude_from_clean_analysis,True,
102563172,episode,rule_only,flag_and_exclude_from_clean_analysis,True,
102565304,episode,rule_agent_count_mismatch,flag_and_exclude_from_clean_analysis,True,
102565304,episode,rule_status_count_mismatch,flag_and_exclude_from_clean_analysis,True,
102565304,episode,rule_steps_mismatch,flag_and_exclude_from_clean_analysis,True,
102565304,episode,rule_any_episode_anomaly,flag_and_exclude_from_clean_analysis,True,
102565304,episode,rule_only,flag_and_exclude_from_clean_analysis,True,
102567547,episode,rule_agent_count_mismatch,flag_and_exclude_from_clean_analysis,True,
102567547,episode,rule_status_count_mismatch,flag_and_exclude_from_clean_analysis,True,
102567547,episode,rule_steps_mismatch,flag_and_exclude_from_clean_analysis,True,
102567547,episode,rule_any_episode_anomaly,flag_and_exclude_from_clean_analysis,True,
102567547,episode,rule_only,flag_and_exclude_from_clean_analysis,True,
102567567,episode,rule_agent_count_mismatch,flag_and_exclude_from_clean_analysis,True,
102567567,episode,rule_status_count_mismatch,flag_and_exclude_from_clean_analysis,True,
102567567,episode,rule_steps_mismatch,flag_and_exclude_from_clean_analysis,True,
102567567,episode,rule_any_episode_anomaly,flag_and_exclude_from_clean_analysis,True,
102567567,episode,rule_only,flag_and_exclude_from_clean_analysis,True,
102569808,episode,rule_agent_count_mismatch,flag_and_exclude_from_clean_analysis,True,
102569808,episode,rule_status_count_mismatch,flag_and_exclude_from_clean_analysis,True,
102569808,episode,rule_steps_mismatch,flag_and_exclude_from_clean_analysis,True,
102569808,episode,rule_any_episode_anomaly,flag_and_exclude_from_clean_analysis,True,
102569808,episode,rule_only,flag_and_exclude_from_clean_analysis,True,
102569824,episode,rule_agent_count_mismatch,flag_and_exclude_from_clean_analysis,True,
102569824,episode,rule_status_count_mismatch,flag_and_exclude_from_clean_analysis,True,
102569824,episode,rule_steps_mismatch,flag_and_exclude_from_clean_analysis,True,
102569824,episode,rule_any_episode_anomaly,flag_and_exclude_from_clean_analysis,True,
102569824,episode,rule_only,flag_and_exclude_from_clean_analysis,True,
102571934,episode,rule_agent_count_mismatch,flag_and_exclude_from_clean_analysis,True,
102571934,episode,rule_status_count_mismatch,flag_and_exclude_from_clean_analysis,True,
102571934,episode,rule_steps_mismatch,flag_and_exclude_from_clean_analysis,True,
102571934,episode,rule_any_episode_anomaly,flag_and_exclude_from_clean_analysis,True,
102571934,episode,rule_only,flag_and_exclude_from_clean_analysis,True,
102572045,episode,rule_agent_count_mismatch,flag_and_exclude_from_clean_analysis,True,
102572045,episode,rule_status_count_mismatch,flag_and_exclude_from_clean_analysis,True,
102572045,episode,rule_steps_mismatch,flag_and_exclude_from_clean_analysis,True,
102572045,episode,rule_any_episode_anomaly,flag_and_exclude_from_clean_analysis,True,
102572045,episode,rule_only,flag_and_exclude_from_clean_analysis,True,
102574170,episode,rule_agent_count_mismatch,flag_and_exclude_from_clean_analysis,True,
102574170,episode,rule_status_count_mismatch,flag_and_exclude_from_clean_analysis,True,
102574170,episode,rule_steps_mismatch,flag_and_exclude_from_clean_analysis,True,
102574170,episode,rule_any_episode_anomaly,flag_and_exclude_from_clean_analysis,True,
102574170,episode,rule_only,flag_and_exclude_from_clean_analysis,True,
102574290,episode,rule_agent_count_mismatch,flag_and_exclude_from_clean_analysis,True,
102574290,episode,rule_status_count_mismatch,flag_and_exclude_from_clean_analysis,True,
102574290,episode,rule_steps_mismatch,flag_and_exclude_from_clean_analysis,True,
102574290,episode,rule_any_episode_anomaly,flag_and_exclude_from_clean_analysis,True,
102574290,episode,rule_only,flag_and_exclude_from_clean_analysis,True,
102574301,episode,rule_agent_count_mismatch,flag_and_exclude_from_clean_analysis,True,
102574301,episode,rule_status_count_mismatch,flag_and_exclude_from_clean_analysis,True,
102574301,episode,rule_steps_mismatch,flag_and_exclude_from_clean_analysis,True,
102574301,episode,rule_any_episode_anomaly,flag_and_exclude_from_clean_analysis,True,
102574301,episode,rule_only,flag_and_exclude_from_clean_analysis,True,
102576404,episode,rule_agent_count_mismatch,flag_and_exclude_from_clean_analysis,True,
102576404,episode,rule_status_count_mismatch,flag_and_exclude_from_clean_analysis,True,
102576404,episode,rule_steps_mismatch,flag_and_exclude_from_clean_analysis,True,
102576404,episode,rule_any_episode_anomaly,flag_and_exclude_from_clean_analysis,True,
102576404,episode,rule_only,flag_and_exclude_from_clean_analysis,True,
102576520,episode,rule_agent_count_mismatch,flag_and_exclude_from_clean_analysis,True,
102576520,episode,rule_status_count_mismatch,flag_and_exclude_from_clean_analysis,True,
102576520,episode,rule_steps_mismatch,flag_and_exclude_from_clean_analysis,True,
102576520,episode,rule_any_episode_anomaly,flag_and_exclude_from_clean_analysis,True,
102576520,episode,rule_only,flag_and_exclude_from_clean_analysis,True,
102576541,episode,rule_agent_count_mismatch,flag_and_exclude_from_clean_analysis,True,
102576541,episode,rule_status_count_mismatch,flag_and_exclude_from_clean_analysis,True,
102576541,episode,rule_steps_mismatch,flag_and_exclude_from_clean_analysis,True,
102576541,episode,rule_any_episode_anomaly,flag_and_exclude_from_clean_analysis,True,
102576541,episode,rule_only,flag_and_exclude_from_clean_analysis,True,
102578653,episode,rule_agent_count_mismatch,flag_and_exclude_from_clean_analysis,True,
102578653,episode,rule_status_count_mismatch,flag_and_exclude_from_clean_analysis,True,
102578653,episode,rule_steps_mismatch,flag_and_exclude_from_clean_analysis,True,
102578653,episode,rule_any_episode_anomaly,flag_and_exclude_from_clean_analysis,True,
102578653,episode,rule_only,flag_and_exclude_from_clean_analysis,True,
102578775,episode,rule_agent_count_mismatch,flag_and_exclude_from_clean_analysis,True,
102578775,episode,rule_status_count_mismatch,flag_and_exclude_from_clean_analysis,True,
102578775,episode,rule_steps_mismatch,flag_and_exclude_from_clean_analysis,True,
102578775,episode,rule_any_episode_anomaly,flag_and_exclude_from_clean_analysis,True,
102578775,episode,rule_only,flag_and_exclude_from_clean_analysis,True,
102580888,episode,rule_agent_count_mismatch,flag_and_exclude_from_clean_analysis,True,
102580888,episode,rule_status_count_mismatch,flag_and_exclude_from_clean_analysis,True,
102580888,episode,rule_steps_mismatch,flag_and_exclude_from_clean_analysis,True,
102580888,episode,rule_any_episode_anomaly,flag_and_exclude_from_clean_analysis,True,
102580888,episode,rule_only,flag_and_exclude_from_clean_analysis,True,
102581007,episode,rule_agent_count_mismatch,flag_and_exclude_from_clean_analysis,True,
102581007,episode,rule_status_count_mismatch,flag_and_exclude_from_clean_analysis,True,
102581007,episode,rule_steps_mismatch,flag_and_exclude_from_clean_analysis,True,
102581007,episode,rule_any_episode_anomaly,flag_and_exclude_from_clean_analysis,True,
102581007,episode,rule_only,flag_and_exclude_from_clean_analysis,True,
102583135,episode,rule_agent_count_mismatch,flag_and_exclude_from_clean_analysis,True,
102583135,episode,rule_status_count_mismatch,flag_and_exclude_from_clean_analysis,True,
102583135,episode,rule_steps_mismatch,flag_and_exclude_from_clean_analysis,True,
102583135,episode,rule_any_episode_anomaly,flag_and_exclude_from_clean_analysis,True,
102583135,episode,rule_only,flag_and_exclude_from_clean_analysis,True,
102583251,episode,rule_agent_count_mismatch,flag_and_exclude_from_clean_analysis,True,
102583251,episode,rule_status_count_mismatch,flag_and_exclude_from_clean_analysis,True,
102583251,episode,rule_steps_mismatch,flag_and_exclude_from_clean_analysis,True,
102583251,episode,rule_any_episode_anomaly,flag_and_exclude_from_clean_analysis,True,
102583251,episode,rule_only,flag_and_exclude_from_clean_analysis,True,
102585385,episode,rule_agent_count_mismatch,flag_and_exclude_from_clean_analysis,True,
102585385,episode,rule_status_count_mismatch,flag_and_exclude_from_clean_analysis,True,
102585385,episode,rule_steps_mismatch,flag_and_exclude_from_clean_analysis,True,
102585385,episode,rule_any_episode_anomaly,flag_and_exclude_from_clean_analysis,True,
102585385,episode,rule_only,flag_and_exclude_from_clean_analysis,True,
102585501,episode,rule_agent_count_mismatch,flag_and_exclude_from_clean_analysis,True,
102585501,episode,rule_status_count_mismatch,flag_and_exclude_from_clean_analysis,True,
102585501,episode,rule_steps_mismatch,flag_and_exclude_from_clean_analysis,True,
102585501,episode,rule_any_episode_anomaly,flag_and_exclude_from_clean_analysis,True,
102585501,episode,rule_only,flag_and_exclude_from_clean_analysis,True,
102587627,episode,rule_agent_count_mismatch,flag_and_exclude_from_clean_analysis,True,
102587627,episode,rule_status_count_mismatch,flag_and_exclude_from_clean_analysis,True,
102587627,episode,rule_steps_mismatch,flag_and_exclude_from_clean_analysis,True,
102587627,episode,rule_any_episode_anomaly,flag_and_exclude_from_clean_analysis,True,
102587627,episode,rule_only,flag_and_exclude_from_clean_analysis,True,
102587748,episode,rule_agent_count_mismatch,flag_and_exclude_from_clean_analysis,True,
102587748,episode,rule_status_count_mismatch,flag_and_exclude_from_clean_analysis,True,
102587748,episode,rule_steps_mismatch,flag_and_exclude_from_clean_analysis,True,
102587748,episode,rule_any_episode_anomaly,flag_and_exclude_from_clean_analysis,True,
102587748,episode,rule_only,flag_and_exclude_from_clean_analysis,True,
102589865,episode,rule_agent_count_mismatch,flag_and_exclude_from_clean_analysis,True,
102589865,episode,rule_status_count_mismatch,flag_and_exclude_from_clean_analysis,True,
102589865,episode,rule_steps_mismatch,flag_and_exclude_from_clean_analysis,True,
102589865,episode,rule_any_episode_anomaly,flag_and_exclude_from_clean_analysis,True,
102589865,episode,rule_only,flag_and_exclude_from_clean_analysis,True,
102589974,episode,rule_agent_count_mismatch,flag_and_exclude_from_clean_analysis,True,
102589974,episode,rule_status_count_mismatch,flag_and_exclude_from_clean_analysis,True,
102589974,episode,rule_steps_mismatch,flag_and_exclude_from_clean_analysis,True,
102589974,episode,rule_any_episode_anomaly,flag_and_exclude_from_clean_analysis,True,
102589974,episode,rule_only,flag_and_exclude_from_clean_analysis,True,
102592085,episode,rule_agent_count_mismatch,flag_and_exclude_from_clean_analysis,True,
102592085,episode,rule_status_count_mismatch,flag_and_exclude_from_clean_analysis,True,
102592085,episode,rule_steps_mismatch,flag_and_exclude_from_clean_analysis,True,
102592085,episode,rule_any_episode_anomaly,flag_and_exclude_from_clean_analysis,True,
102592085,episode,rule_only,flag_and_exclude_from_clean_analysis,True,
102592229,episode,rule_agent_count_mismatch,flag_and_exclude_from_clean_analysis,True,
102592229,episode,rule_status_count_mismatch,flag_and_exclude_from_clean_analysis,True,
102592229,episode,rule_steps_mismatch,flag_and_exclude_from_clean_analysis,True,
102592229,episode,rule_any_episode_anomaly,flag_and_exclude_from_clean_analysis,True,
102592229,episode,rule_only,flag_and_exclude_from_clean_analysis,True,
102592272,episode,rule_agent_count_mismatch,flag_and_exclude_from_clean_analysis,True,
102592272,episode,rule_status_count_mismatch,flag_and_exclude_from_clean_analysis,True,
102592272,episode,rule_steps_mismatch,flag_and_exclude_from_clean_analysis,True,
102592272,episode,rule_any_episode_anomaly,flag_and_exclude_from_clean_analysis,True,
102592272,episode,rule_only,flag_and_exclude_from_clean_analysis,True,
102594329,episode,rule_agent_count_mismatch,flag_and_exclude_from_clean_analysis,True,
102594329,episode,rule_status_count_mismatch,flag_and_exclude_from_clean_analysis,True,
102594329,episode,rule_steps_mismatch,flag_and_exclude_from_clean_analysis,True,
102594329,episode,rule_any_episode_anomaly,flag_and_exclude_from_clean_analysis,True,
102594329,episode,rule_only,flag_and_exclude_from_clean_analysis,True,
102596558,episode,rule_agent_count_mismatch,flag_and_exclude_from_clean_analysis,True,
102596558,episode,rule_status_count_mismatch,flag_and_exclude_from_clean_analysis,True,
102596558,episode,rule_steps_mismatch,flag_and_exclude_from_clean_analysis,True,
102596558,episode,rule_any_episode_anomaly,flag_and_exclude_from_clean_analysis,True,
102596558,episode,rule_only,flag_and_exclude_from_clean_analysis,True,
102598718,episode,rule_agent_count_mismatch,flag_and_exclude_from_clean_analysis,True,
102598718,episode,rule_status_count_mismatch,flag_and_exclude_from_clean_analysis,True,
102598718,episode,rule_steps_mismatch,flag_and_exclude_from_clean_analysis,True,
102598718,episode,rule_any_episode_anomaly,flag_and_exclude_from_clean_analysis,True,
102598718,episode,rule_only,flag_and_exclude_from_clean_analysis,True,
102598799,episode,rule_agent_count_mismatch,flag_and_exclude_from_clean_analysis,True,
102598799,episode,rule_status_count_mismatch,flag_and_exclude_from_clean_analysis,True,
102598799,episode,rule_steps_mismatch,flag_and_exclude_from_clean_analysis,True,
102598799,episode,rule_any_episode_anomaly,flag_and_exclude_from_clean_analysis,True,
102598799,episode,rule_only,flag_and_exclude_from_clean_analysis,True,
102601001,episode,rule_agent_count_mismatch,flag_and_exclude_from_clean_analysis,True,
102601001,episode,rule_status_count_mismatch,flag_and_exclude_from_clean_analysis,True,
102601001,episode,rule_steps_mismatch,flag_and_exclude_from_clean_analysis,True,
102601001,episode,rule_any_episode_anomaly,flag_and_exclude_from_clean_analysis,True,
102601001,episode,rule_only,flag_and_exclude_from_clean_analysis,True,
102601033,episode,rule_agent_count_mismatch,flag_and_exclude_from_clean_analysis,True,
102601033,episode,rule_status_count_mismatch,flag_and_exclude_from_clean_analysis,True,
102601033,episode,rule_steps_mismatch,flag_and_exclude_from_clean_analysis,True,
102601033,episode,rule_any_episode_anomaly,flag_and_exclude_from_clean_analysis,True,
102601033,episode,rule_only,flag_and_exclude_from_clean_analysis,True,
102603206,episode,rule_agent_count_mismatch,flag_and_exclude_from_clean_analysis,True,
102603206,episode,rule_status_count_mismatch,flag_and_exclude_from_clean_analysis,True,
102603206,episode,rule_steps_mismatch,flag_and_exclude_from_clean_analysis,True,
102603206,episode,rule_any_episode_anomaly,flag_and_exclude_from_clean_analysis,True,
102603206,episode,rule_only,flag_and_exclude_from_clean_analysis,True,
102603273,episode,rule_agent_count_mismatch,flag_and_exclude_from_clean_analysis,True,
102603273,episode,rule_status_count_mismatch,flag_and_exclude_from_clean_analysis,True,
102603273,episode,rule_steps_mismatch,flag_and_exclude_from_clean_analysis,True,
102603273,episode,rule_any_episode_anomaly,flag_and_exclude_from_clean_analysis,True,
102603273,episode,rule_only,flag_and_exclude_from_clean_analysis,True,
102605437,episode,rule_agent_count_mismatch,flag_and_exclude_from_clean_analysis,True,
102605437,episode,rule_status_count_mismatch,flag_and_exclude_from_clean_analysis,True,
102605437,episode,rule_steps_mismatch,flag_and_exclude_from_clean_analysis,True,
102605437,episode,rule_any_episode_anomaly,flag_and_exclude_from_clean_analysis,True,
102605437,episode,rule_only,flag_and_exclude_from_clean_analysis,True,
102605518,episode,rule_agent_count_mismatch,flag_and_exclude_from_clean_analysis,True,
102605518,episode,rule_status_count_mismatch,flag_and_exclude_from_clean_analysis,True,
102605518,episode,rule_steps_mismatch,flag_and_exclude_from_clean_analysis,True,
102605518,episode,rule_any_episode_anomaly,flag_and_exclude_from_clean_analysis,True,
102605518,episode,rule_only,flag_and_exclude_from_clean_analysis,True,
102607749,episode,rule_agent_count_mismatch,flag_and_exclude_from_clean_analysis,True,
102607749,episode,rule_status_count_mismatch,flag_and_exclude_from_clean_analysis,True,
102607749,episode,rule_steps_mismatch,flag_and_exclude_from_clean_analysis,True,
102607749,episode,rule_any_episode_anomaly,flag_and_exclude_from_clean_analysis,True,
102607749,episode,rule_only,flag_and_exclude_from_clean_analysis,True,
102609906,episode,rule_agent_count_mismatch,flag_and_exclude_from_clean_analysis,True,
102609906,episode,rule_status_count_mismatch,flag_and_exclude_from_clean_analysis,True,
102609906,episode,rule_steps_mismatch,flag_and_exclude_from_clean_analysis,True,
102609906,episode,rule_any_episode_anomaly,flag_and_exclude_from_clean_analysis,True,
102609906,episode,rule_only,flag_and_exclude_from_clean_analysis,True,
102609979,episode,rule_agent_count_mismatch,flag_and_exclude_from_clean_analysis,True,
102609979,episode,rule_status_count_mismatch,flag_and_exclude_from_clean_analysis,True,
102609979,episode,rule_steps_mismatch,flag_and_exclude_from_clean_analysis,True,
102609979,episode,rule_any_episode_anomaly,flag_and_exclude_from_clean_analysis,True,
102609979,episode,rule_only,flag_and_exclude_from_clean_analysis,True,
102612152,episode,rule_agent_count_mismatch,flag_and_exclude_from_clean_analysis,True,
102612152,episode,rule_status_count_mismatch,flag_and_exclude_from_clean_analysis,True,
102612152,episode,rule_steps_mismatch,flag_and_exclude_from_clean_analysis,True,
102612152,episode,rule_any_episode_anomaly,flag_and_exclude_from_clean_analysis,True,
102612152,episode,rule_only,flag_and_exclude_from_clean_analysis,True,
102612227,episode,rule_agent_count_mismatch,flag_and_exclude_from_clean_analysis,True,
102612227,episode,rule_status_count_mismatch,flag_and_exclude_from_clean_analysis,True,
102612227,episode,rule_steps_mismatch,flag_and_exclude_from_clean_analysis,True,
102612227,episode,rule_any_episode_anomaly,flag_and_exclude_from_clean_analysis,True,
102612227,episode,rule_only,flag_and_exclude_from_clean_analysis,True,
102612351,episode,rule_agent_count_mismatch,flag_and_exclude_from_clean_analysis,True,
102612351,episode,rule_status_count_mismatch,flag_and_exclude_from_clean_analysis,True,
102612351,episode,rule_steps_mismatch,flag_and_exclude_from_clean_analysis,True,
102612351,episode,rule_any_episode_anomaly,flag_and_exclude_from_clean_analysis,True,
102612351,episode,rule_only,flag_and_exclude_from_clean_analysis,True,
102614389,episode,rule_agent_count_mismatch,flag_and_exclude_from_clean_analysis,True,
102614389,episode,rule_status_count_mismatch,flag_and_exclude_from_clean_analysis,True,
102614389,episode,rule_steps_mismatch,flag_and_exclude_from_clean_analysis,True,
102614389,episode,rule_any_episode_anomaly,flag_and_exclude_from_clean_analysis,True,
102614389,episode,rule_only,flag_and_exclude_from_clean_analysis,True,
102614467,episode,rule_agent_count_mismatch,flag_and_exclude_from_clean_analysis,True,
102614467,episode,rule_status_count_mismatch,flag_and_exclude_from_clean_analysis,True,
102614467,episode,rule_steps_mismatch,flag_and_exclude_from_clean_analysis,True,
102614467,episode,rule_any_episode_anomaly,flag_and_exclude_from_clean_analysis,True,
102614467,episode,rule_only,flag_and_exclude_from_clean_analysis,True,
102616645,episode,rule_agent_count_mismatch,flag_and_exclude_from_clean_analysis,True,
102616645,episode,rule_status_count_mismatch,flag_and_exclude_from_clean_analysis,True,
102616645,episode,rule_steps_mismatch,flag_and_exclude_from_clean_analysis,True,
102616645,episode,rule_any_episode_anomaly,flag_and_exclude_from_clean_analysis,True,
102616645,episode,rule_only,flag_and_exclude_from_clean_analysis,True,
102616723,episode,rule_agent_count_mismatch,flag_and_exclude_from_clean_analysis,True,
102616723,episode,rule_status_count_mismatch,flag_and_exclude_from_clean_analysis,True,
102616723,episode,rule_steps_mismatch,flag_and_exclude_from_clean_analysis,True,
102616723,episode,rule_any_episode_anomaly,flag_and_exclude_from_clean_analysis,True,
102616723,episode,rule_only,flag_and_exclude_from_clean_analysis,True,
102618875,episode,rule_agent_count_mismatch,flag_and_exclude_from_clean_analysis,True,
102618875,episode,rule_status_count_mismatch,flag_and_exclude_from_clean_analysis,True,
102618875,episode,rule_steps_mismatch,flag_and_exclude_from_clean_analysis,True,
102618875,episode,rule_any_episode_anomaly,flag_and_exclude_from_clean_analysis,True,
102618875,episode,rule_only,flag_and_exclude_from_clean_analysis,True,
102618896,episode,rule_agent_count_mismatch,flag_and_exclude_from_clean_analysis,True,
102618896,episode,rule_status_count_mismatch,flag_and_exclude_from_clean_analysis,True,
102618896,episode,rule_steps_mismatch,flag_and_exclude_from_clean_analysis,True,
102618896,episode,rule_any_episode_anomaly,flag_and_exclude_from_clean_analysis,True,
102618896,episode,stat_avg_score_outlier,flag_and_exclude_from_clean_analysis,True,
102618896,episode,stat_any_outlier,flag_and_exclude_from_clean_analysis,True,
102618963,episode,rule_agent_count_mismatch,flag_and_exclude_from_clean_analysis,True,
102618963,episode,rule_status_count_mismatch,flag_and_exclude_from_clean_analysis,True,
102618963,episode,rule_steps_mismatch,flag_and_exclude_from_clean_analysis,True,
102618963,episode,rule_any_episode_anomaly,flag_and_exclude_from_clean_analysis,True,
102618963,episode,rule_only,flag_and_exclude_from_clean_analysis,True,
102619050,episode,rule_agent_count_mismatch,flag_and_exclude_from_clean_analysis,True,
102619050,episode,rule_status_count_mismatch,flag_and_exclude_from_clean_analysis,True,
102619050,episode,rule_steps_mismatch,flag_and_exclude_from_clean_analysis,True,
102619050,episode,rule_any_episode_anomaly,flag_and_exclude_from_clean_analysis,True,
102619050,episode,rule_only,flag_and_exclude_from_clean_analysis,True,
102621118,episode,rule_agent_count_mismatch,flag_and_exclude_from_clean_analysis,True,
102621118,episode,rule_status_count_mismatch,flag_and_exclude_from_clean_analysis,True,
102621118,episode,rule_steps_mismatch,flag_and_exclude_from_clean_analysis,True,
102621118,episode,rule_any_episode_anomaly,flag_and_exclude_from_clean_analysis,True,
102621118,episode,rule_only,flag_and_exclude_from_clean_analysis,True,
102621196,episode,rule_agent_count_mismatch,flag_and_exclude_from_clean_analysis,True,
102621196,episode,rule_status_count_mismatch,flag_and_exclude_from_clean_analysis,True,
102621196,episode,rule_steps_mismatch,flag_and_exclude_from_clean_analysis,True,
102621196,episode,rule_any_episode_anomaly,flag_and_exclude_from_clean_analysis,True,
102621196,episode,rule_only,flag_and_exclude_from_clean_analysis,True,
102623371,episode,rule_agent_count_mismatch,flag_and_exclude_from_clean_analysis,True,
102623371,episode,rule_status_count_mismatch,flag_and_exclude_from_clean_analysis,True,
102623371,episode,rule_steps_mismatch,flag_and_exclude_from_clean_analysis,True,
102623371,episode,rule_any_episode_anomaly,flag_and_exclude_from_clean_analysis,True,
102623371,episode,rule_only,flag_and_exclude_from_clean_analysis,True,
102623443,episode,rule_agent_count_mismatch,flag_and_exclude_from_clean_analysis,True,
102623443,episode,rule_status_count_mismatch,flag_and_exclude_from_clean_analysis,True,
102623443,episode,rule_steps_mismatch,flag_and_exclude_from_clean_analysis,True,
102623443,episode,rule_any_episode_anomaly,flag_and_exclude_from_clean_analysis,True,
102623443,episode,rule_only,flag_and_exclude_from_clean_analysis,True,
102623515,episode,rule_agent_count_mismatch,flag_and_exclude_from_clean_analysis,True,
102623515,episode,rule_status_count_mismatch,flag_and_exclude_from_clean_analysis,True,
102623515,episode,rule_steps_mismatch,flag_and_exclude_from_clean_analysis,True,
102623515,episode,rule_any_episode_anomaly,flag_and_exclude_from_clean_analysis,True,
102623515,episode,rule_only,flag_and_exclude_from_clean_analysis,True,
102625609,episode,rule_agent_count_mismatch,flag_and_exclude_from_clean_analysis,True,
102625609,episode,rule_status_count_mismatch,flag_and_exclude_from_clean_analysis,True,
102625609,episode,rule_steps_mismatch,flag_and_exclude_from_clean_analysis,True,
102625609,episode,rule_any_episode_anomaly,flag_and_exclude_from_clean_analysis,True,
102625609,episode,rule_only,flag_and_exclude_from_clean_analysis,True,
102625629,episode,rule_agent_count_mismatch,flag_and_exclude_from_clean_analysis,True,
102625629,episode,rule_status_count_mismatch,flag_and_exclude_from_clean_analysis,True,
102625629,episode,rule_steps_mismatch,flag_and_exclude_from_clean_analysis,True,
102625629,episode,rule_any_episode_anomaly,flag_and_exclude_from_clean_analysis,True,
102625629,episode,rule_only,flag_and_exclude_from_clean_analysis,True,
102625691,episode,rule_agent_count_mismatch,flag_and_exclude_from_clean_analysis,True,
102625691,episode,rule_status_count_mismatch,flag_and_exclude_from_clean_analysis,True,
102625691,episode,rule_steps_mismatch,flag_and_exclude_from_clean_analysis,True,
102625691,episode,rule_any_episode_anomaly,flag_and_exclude_from_clean_analysis,True,
102625691,episode,rule_only,flag_and_exclude_from_clean_analysis,True,
102627851,episode,rule_agent_count_mismatch,flag_and_exclude_from_clean_analysis,True,
102627851,episode,rule_status_count_mismatch,flag_and_exclude_from_clean_analysis,True,
102627851,episode,rule_steps_mismatch,flag_and_exclude_from_clean_analysis,True,
102627851,episode,rule_any_episode_anomaly,flag_and_exclude_from_clean_analysis,True,
102627851,episode,rule_only,flag_and_exclude_from_clean_analysis,True,
102627934,episode,rule_agent_count_mismatch,flag_and_exclude_from_clean_analysis,True,
102627934,episode,rule_status_count_mismatch,flag_and_exclude_from_clean_analysis,True,
102627934,episode,rule_steps_mismatch,flag_and_exclude_from_clean_analysis,True,
102627934,episode,rule_any_episode_anomaly,flag_and_exclude_from_clean_analysis,True,
102627934,episode,rule_only,flag_and_exclude_from_clean_analysis,True,
102630096,episode,rule_agent_count_mismatch,flag_and_exclude_from_clean_analysis,True,
102630096,episode,rule_status_count_mismatch,flag_and_exclude_from_clean_analysis,True,
102630096,episode,rule_steps_mismatch,flag_and_exclude_from_clean_analysis,True,
102630096,episode,rule_any_episode_anomaly,flag_and_exclude_from_clean_analysis,True,
102630096,episode,rule_only,flag_and_exclude_from_clean_analysis,True,
102630123,episode,rule_agent_count_mismatch,flag_and_exclude_from_clean_analysis,True,
102630123,episode,rule_status_count_mismatch,flag_and_exclude_from_clean_analysis,True,
102630123,episode,rule_steps_mismatch,flag_and_exclude_from_clean_analysis,True,
102630123,episode,rule_any_episode_anomaly,flag_and_exclude_from_clean_analysis,True,
102630123,episode,rule_only,flag_and_exclude_from_clean_analysis,True,
102630182,episode,rule_agent_count_mismatch,flag_and_exclude_from_clean_analysis,True,
102630182,episode,rule_status_count_mismatch,flag_and_exclude_from_clean_analysis,True,
102630182,episode,rule_steps_mismatch,flag_and_exclude_from_clean_analysis,True,
102630182,episode,rule_any_episode_anomaly,flag_and_exclude_from_clean_analysis,True,
102630182,episode,rule_only,flag_and_exclude_from_clean_analysis,True,
102630220,episode,rule_agent_count_mismatch,flag_and_exclude_from_clean_analysis,True,
102630220,episode,rule_status_count_mismatch,flag_and_exclude_from_clean_analysis,True,
102630220,episode,rule_steps_mismatch,flag_and_exclude_from_clean_analysis,True,
102630220,episode,rule_any_episode_anomaly,flag_and_exclude_from_clean_analysis,True,
102630220,episode,rule_only,flag_and_exclude_from_clean_analysis,True,
102630221,episode,rule_agent_count_mismatch,flag_and_exclude_from_clean_analysis,True,
102630221,episode,rule_status_count_mismatch,flag_and_exclude_from_clean_analysis,True,
102630221,episode,rule_steps_mismatch,flag_and_exclude_from_clean_analysis,True,
102630221,episode,rule_any_episode_anomaly,flag_and_exclude_from_clean_analysis,True,
102630221,episode,rule_only,flag_and_exclude_from_clean_analysis,True,
102632326,episode,rule_agent_count_mismatch,flag_and_exclude_from_clean_analysis,True,
102632326,episode,rule_status_count_mismatch,flag_and_exclude_from_clean_analysis,True,
102632326,episode,rule_steps_mismatch,flag_and_exclude_from_clean_analysis,True,
102632326,episode,rule_any_episode_anomaly,flag_and_exclude_from_clean_analysis,True,
102632326,episode,rule_only,flag_and_exclude_from_clean_analysis,True,
102632359,episode,rule_agent_count_mismatch,flag_and_exclude_from_clean_analysis,True,
102632359,episode,rule_status_count_mismatch,flag_and_exclude_from_clean_analysis,True,
102632359,episode,rule_steps_mismatch,flag_and_exclude_from_clean_analysis,True,
102632359,episode,rule_any_episode_anomaly,flag_and_exclude_from_clean_analysis,True,
102632359,episode,rule_only,flag_and_exclude_from_clean_analysis,True,
102632412,episode,rule_agent_count_mismatch,flag_and_exclude_from_clean_analysis,True,
102632412,episode,rule_status_count_mismatch,flag_and_exclude_from_clean_analysis,True,
102632412,episode,rule_steps_mismatch,flag_and_exclude_from_clean_analysis,True,
102632412,episode,rule_any_episode_anomaly,flag_and_exclude_from_clean_analysis,True,
102632412,episode,rule_only,flag_and_exclude_from_clean_analysis,True,
102634560,episode,rule_agent_count_mismatch,flag_and_exclude_from_clean_analysis,True,
102634560,episode,rule_status_count_mismatch,flag_and_exclude_from_clean_analysis,True,
102634560,episode,rule_steps_mismatch,flag_and_exclude_from_clean_analysis,True,
102634560,episode,rule_any_episode_anomaly,flag_and_exclude_from_clean_analysis,True,
102634560,episode,rule_only,flag_and_exclude_from_clean_analysis,True,
102634589,episode,rule_agent_count_mismatch,flag_and_exclude_from_clean_analysis,True,
102634589,episode,rule_status_count_mismatch,flag_and_exclude_from_clean_analysis,True,
102634589,episode,rule_steps_mismatch,flag_and_exclude_from_clean_analysis,True,
102634589,episode,rule_any_episode_anomaly,flag_and_exclude_from_clean_analysis,True,
102634589,episode,rule_only,flag_and_exclude_from_clean_analysis,True,
102634641,episode,rule_agent_count_mismatch,flag_and_exclude_from_clean_analysis,True,
102634641,episode,rule_status_count_mismatch,flag_and_exclude_from_clean_analysis,True,
102634641,episode,rule_steps_mismatch,flag_and_exclude_from_clean_analysis,True,
102634641,episode,rule_any_episode_anomaly,flag_and_exclude_from_clean_analysis,True,
102634641,episode,rule_only,flag_and_exclude_from_clean_analysis,True,
102636801,episode,rule_agent_count_mismatch,flag_and_exclude_from_clean_analysis,True,
102636801,episode,rule_status_count_mismatch,flag_and_exclude_from_clean_analysis,True,
102636801,episode,rule_steps_mismatch,flag_and_exclude_from_clean_analysis,True,
102636801,episode,rule_any_episode_anomaly,flag_and_exclude_from_clean_analysis,True,
102636801,episode,rule_only,flag_and_exclude_from_clean_analysis,True,
102636824,episode,rule_agent_count_mismatch,flag_and_exclude_from_clean_analysis,True,
102636824,episode,rule_status_count_mismatch,flag_and_exclude_from_clean_analysis,True,
102636824,episode,rule_steps_mismatch,flag_and_exclude_from_clean_analysis,True,
102636824,episode,rule_any_episode_anomaly,flag_and_exclude_from_clean_analysis,True,
102636824,episode,rule_only,flag_and_exclude_from_clean_analysis,True,
102636882,episode,rule_agent_count_mismatch,flag_and_exclude_from_clean_analysis,True,
102636882,episode,rule_status_count_mismatch,flag_and_exclude_from_clean_analysis,True,
102636882,episode,rule_steps_mismatch,flag_and_exclude_from_clean_analysis,True,
102636882,episode,rule_any_episode_anomaly,flag_and_exclude_from_clean_analysis,True,
102636882,episode,rule_only,flag_and_exclude_from_clean_analysis,True,
102639027,episode,rule_agent_count_mismatch,flag_and_exclude_from_clean_analysis,True,
102639027,episode,rule_status_count_mismatch,flag_and_exclude_from_clean_analysis,True,
102639027,episode,rule_steps_mismatch,flag_and_exclude_from_clean_analysis,True,
102639027,episode,rule_any_episode_anomaly,flag_and_exclude_from_clean_analysis,True,
102639027,episode,rule_only,flag_and_exclude_from_clean_analysis,True,
102639061,episode,rule_agent_count_mismatch,flag_and_exclude_from_clean_analysis,True,
102639061,episode,rule_status_count_mismatch,flag_and_exclude_from_clean_analysis,True,
102639061,episode,rule_steps_mismatch,flag_and_exclude_from_clean_analysis,True,
102639061,episode,rule_any_episode_anomaly,flag_and_exclude_from_clean_analysis,True,
102639061,episode,rule_only,flag_and_exclude_from_clean_analysis,True,
102639129,episode,rule_agent_count_mismatch,flag_and_exclude_from_clean_analysis,True,
102639129,episode,rule_status_count_mismatch,flag_and_exclude_from_clean_analysis,True,
102639129,episode,rule_steps_mismatch,flag_and_exclude_from_clean_analysis,True,
102639129,episode,rule_any_episode_anomaly,flag_and_exclude_from_clean_analysis,True,
102639129,episode,rule_only,flag_and_exclude_from_clean_analysis,True,
102641270,episode,rule_agent_count_mismatch,flag_and_exclude_from_clean_analysis,True,
102641270,episode,rule_status_count_mismatch,flag_and_exclude_from_clean_analysis,True,
102641270,episode,rule_steps_mismatch,flag_and_exclude_from_clean_analysis,True,
102641270,episode,rule_any_episode_anomaly,flag_and_exclude_from_clean_analysis,True,
102641270,episode,rule_only,flag_and_exclude_from_clean_analysis,True,
102641300,episode,rule_agent_count_mismatch,flag_and_exclude_from_clean_analysis,True,
102641300,episode,rule_status_count_mismatch,flag_and_exclude_from_clean_analysis,True,
102641300,episode,rule_steps_mismatch,flag_and_exclude_from_clean_analysis,True,
102641300,episode,rule_any_episode_anomaly,flag_and_exclude_from_clean_analysis,True,
102641300,episode,rule_only,flag_and_exclude_from_clean_analysis,True,
102641401,episode,rule_agent_count_mismatch,flag_and_exclude_from_clean_analysis,True,
102641401,episode,rule_status_count_mismatch,flag_and_exclude_from_clean_analysis,True,
102641401,episode,rule_steps_mismatch,flag_and_exclude_from_clean_analysis,True,
102641401,episode,rule_any_episode_anomaly,flag_and_exclude_from_clean_analysis,True,
102641401,episode,rule_only,flag_and_exclude_from_clean_analysis,True,
102643517,episode,rule_agent_count_mismatch,flag_and_exclude_from_clean_analysis,True,
102643517,episode,rule_status_count_mismatch,flag_and_exclude_from_clean_analysis,True,
102643517,episode,rule_steps_mismatch,flag_and_exclude_from_clean_analysis,True,
102643517,episode,rule_any_episode_anomaly,flag_and_exclude_from_clean_analysis,True,
102643517,episode,rule_only,flag_and_exclude_from_clean_analysis,True,
102643544,episode,rule_agent_count_mismatch,flag_and_exclude_from_clean_analysis,True,
102643544,episode,rule_status_count_mismatch,flag_and_exclude_from_clean_analysis,True,
102643544,episode,rule_steps_mismatch,flag_and_exclude_from_clean_analysis,True,
102643544,episode,rule_any_episode_anomaly,flag_and_exclude_from_clean_analysis,True,
102643544,episode,rule_only,flag_and_exclude_from_clean_analysis,True,
102645751,episode,rule_agent_count_mismatch,flag_and_exclude_from_clean_analysis,True,
102645751,episode,rule_status_count_mismatch,flag_and_exclude_from_clean_analysis,True,
102645751,episode,rule_steps_mismatch,flag_and_exclude_from_clean_analysis,True,
102645751,episode,rule_any_episode_anomaly,flag_and_exclude_from_clean_analysis,True,
102645751,episode,rule_only,flag_and_exclude_from_clean_analysis,True,
102645778,episode,rule_agent_count_mismatch,flag_and_exclude_from_clean_analysis,True,
102645778,episode,rule_status_count_mismatch,flag_and_exclude_from_clean_analysis,True,
102645778,episode,rule_steps_mismatch,flag_and_exclude_from_clean_analysis,True,
102645778,episode,rule_any_episode_anomaly,flag_and_exclude_from_clean_analysis,True,
102645778,episode,rule_only,flag_and_exclude_from_clean_analysis,True,
102645860,episode,rule_agent_count_mismatch,flag_and_exclude_from_clean_analysis,True,
102645860,episode,rule_status_count_mismatch,flag_and_exclude_from_clean_analysis,True,
102645860,episode,rule_steps_mismatch,flag_and_exclude_from_clean_analysis,True,
102645860,episode,rule_any_episode_anomaly,flag_and_exclude_from_clean_analysis,True,
102645860,episode,stat_size_outlier,flag_and_exclude_from_clean_analysis,True,
102645860,episode,stat_any_outlier,flag_and_exclude_from_clean_analysis,True,
102647987,episode,rule_agent_count_mismatch,flag_and_exclude_from_clean_analysis,True,
102647987,episode,rule_status_count_mismatch,flag_and_exclude_from_clean_analysis,True,
102647987,episode,rule_steps_mismatch,flag_and_exclude_from_clean_analysis,True,
102647987,episode,rule_any_episode_anomaly,flag_and_exclude_from_clean_analysis,True,
102647987,episode,rule_only,flag_and_exclude_from_clean_analysis,True,
102648020,episode,rule_agent_count_mismatch,flag_and_exclude_from_clean_analysis,True,
102648020,episode,rule_status_count_mismatch,flag_and_exclude_from_clean_analysis,True,
102648020,episode,rule_steps_mismatch,flag_and_exclude_from_clean_analysis,True,
102648020,episode,rule_any_episode_anomaly,flag_and_exclude_from_clean_analysis,True,
102648020,episode,rule_only,flag_and_exclude_from_clean_analysis,True,
102650212,episode,rule_agent_count_mismatch,flag_and_exclude_from_clean_analysis,True,
102650212,episode,rule_status_count_mismatch,flag_and_exclude_from_clean_analysis,True,
102650212,episode,rule_steps_mismatch,flag_and_exclude_from_clean_analysis,True,
102650212,episode,rule_any_episode_anomaly,flag_and_exclude_from_clean_analysis,True,
102650212,episode,rule_only,flag_and_exclude_from_clean_analysis,True,
102650243,episode,rule_agent_count_mismatch,flag_and_exclude_from_clean_analysis,True,
102650243,episode,rule_status_count_mismatch,flag_and_exclude_from_clean_analysis,True,
102650243,episode,rule_steps_mismatch,flag_and_exclude_from_clean_analysis,True,
102650243,episode,rule_any_episode_anomaly,flag_and_exclude_from_clean_analysis,True,
102650243,episode,rule_only,flag_and_exclude_from_clean_analysis,True,
102652483,episode,rule_agent_count_mismatch,flag_and_exclude_from_clean_analysis,True,
102652483,episode,rule_status_count_mismatch,flag_and_exclude_from_clean_analysis,True,
102652483,episode,rule_steps_mismatch,flag_and_exclude_from_clean_analysis,True,
102652483,episode,rule_any_episode_anomaly,flag_and_exclude_from_clean_analysis,True,
102652483,episode,rule_only,flag_and_exclude_from_clean_analysis,True,
102652522,episode,rule_agent_count_mismatch,flag_and_exclude_from_clean_analysis,True,
102652522,episode,rule_status_count_mismatch,flag_and_exclude_from_clean_analysis,True,
102652522,episode,rule_steps_mismatch,flag_and_exclude_from_clean_analysis,True,
102652522,episode,rule_any_episode_anomaly,flag_and_exclude_from_clean_analysis,True,
102652522,episode,rule_only,flag_and_exclude_from_clean_analysis,True,
102654680,episode,rule_agent_count_mismatch,flag_and_exclude_from_clean_analysis,True,
102654680,episode,rule_status_count_mismatch,flag_and_exclude_from_clean_analysis,True,
102654680,episode,rule_steps_mismatch,flag_and_exclude_from_clean_analysis,True,
102654680,episode,rule_any_episode_anomaly,flag_and_exclude_from_clean_analysis,True,
102654680,episode,rule_only,flag_and_exclude_from_clean_analysis,True,
102654721,episode,rule_agent_count_mismatch,flag_and_exclude_from_clean_analysis,True,
102654721,episode,rule_status_count_mismatch,flag_and_exclude_from_clean_analysis,True,
102654721,episode,rule_steps_mismatch,flag_and_exclude_from_clean_analysis,True,
102654721,episode,rule_any_episode_anomaly,flag_and_exclude_from_clean_analysis,True,
102654721,episode,rule_only,flag_and_exclude_from_clean_analysis,True,
102656923,episode,rule_agent_count_mismatch,flag_and_exclude_from_clean_analysis,True,
102656923,episode,rule_status_count_mismatch,flag_and_exclude_from_clean_analysis,True,
102656923,episode,rule_steps_mismatch,flag_and_exclude_from_clean_analysis,True,
102656923,episode,rule_any_episode_anomaly,flag_and_exclude_from_clean_analysis,True,
102656923,episode,rule_only,flag_and_exclude_from_clean_analysis,True,
102656956,episode,rule_agent_count_mismatch,flag_and_exclude_from_clean_analysis,True,
102656956,episode,rule_status_count_mismatch,flag_and_exclude_from_clean_analysis,True,
102656956,episode,rule_steps_mismatch,flag_and_exclude_from_clean_analysis,True,
102656956,episode,rule_any_episode_anomaly,flag_and_exclude_from_clean_analysis,True,
102656956,episode,rule_only,flag_and_exclude_from_clean_analysis,True,
102659164,episode,rule_agent_count_mismatch,flag_and_exclude_from_clean_analysis,True,
102659164,episode,rule_status_count_mismatch,flag_and_exclude_from_clean_analysis,True,
102659164,episode,rule_steps_mismatch,flag_and_exclude_from_clean_analysis,True,
102659164,episode,rule_any_episode_anomaly,flag_and_exclude_from_clean_analysis,True,
102659164,episode,rule_only,flag_and_exclude_from_clean_analysis,True,
102659194,episode,rule_agent_count_mismatch,flag_and_exclude_from_clean_analysis,True,
102659194,episode,rule_status_count_mismatch,flag_and_exclude_from_clean_analysis,True,
102659194,episode,rule_steps_mismatch,flag_and_exclude_from_clean_analysis,True,
102659194,episode,rule_any_episode_anomaly,flag_and_exclude_from_clean_analysis,True,
102659194,episode,rule_only,flag_and_exclude_from_clean_analysis,True,
102661404,episode,rule_agent_count_mismatch,flag_and_exclude_from_clean_analysis,True,
102661404,episode,rule_status_count_mismatch,flag_and_exclude_from_clean_analysis,True,
102661404,episode,rule_steps_mismatch,flag_and_exclude_from_clean_analysis,True,
102661404,episode,rule_any_episode_anomaly,flag_and_exclude_from_clean_analysis,True,
102661404,episode,rule_only,flag_and_exclude_from_clean_analysis,True,
102661433,episode,rule_agent_count_mismatch,flag_and_exclude_from_clean_analysis,True,
102661433,episode,rule_status_count_mismatch,flag_and_exclude_from_clean_analysis,True,
102661433,episode,rule_steps_mismatch,flag_and_exclude_from_clean_analysis,True,
102661433,episode,rule_any_episode_anomaly,flag_and_exclude_from_clean_analysis,True,
102661433,episode,rule_only,flag_and_exclude_from_clean_analysis,True,
102661454,episode,rule_agent_count_mismatch,flag_and_exclude_from_clean_analysis,True,
102661454,episode,rule_status_count_mismatch,flag_and_exclude_from_clean_analysis,True,
102661454,episode,rule_steps_mismatch,flag_and_exclude_from_clean_analysis,True,
102661454,episode,rule_any_episode_anomaly,flag_and_exclude_from_clean_analysis,True,
102661454,episode,rule_only,flag_and_exclude_from_clean_analysis,True,
102663642,episode,rule_agent_count_mismatch,flag_and_exclude_from_clean_analysis,True,
102663642,episode,rule_status_count_mismatch,flag_and_exclude_from_clean_analysis,True,
102663642,episode,rule_steps_mismatch,flag_and_exclude_from_clean_analysis,True,
102663642,episode,rule_any_episode_anomaly,flag_and_exclude_from_clean_analysis,True,
102663642,episode,rule_only,flag_and_exclude_from_clean_analysis,True,
102663732,episode,rule_agent_count_mismatch,flag_and_exclude_from_clean_analysis,True,
102663732,episode,rule_status_count_mismatch,flag_and_exclude_from_clean_analysis,True,
102663732,episode,rule_steps_mismatch,flag_and_exclude_from_clean_analysis,True,
102663732,episode,rule_any_episode_anomaly,flag_and_exclude_from_clean_analysis,True,
102663732,episode,rule_only,flag_and_exclude_from_clean_analysis,True,
102665877,episode,rule_agent_count_mismatch,flag_and_exclude_from_clean_analysis,True,
102665877,episode,rule_status_count_mismatch,flag_and_exclude_from_clean_analysis,True,
102665877,episode,rule_steps_mismatch,flag_and_exclude_from_clean_analysis,True,
102665877,episode,rule_any_episode_anomaly,flag_and_exclude_from_clean_analysis,True,
102665877,episode,rule_only,flag_and_exclude_from_clean_analysis,True,
102667976,episode,rule_agent_count_mismatch,flag_and_exclude_from_clean_analysis,True,
102667976,episode,rule_status_count_mismatch,flag_and_exclude_from_clean_analysis,True,
102667976,episode,rule_steps_mismatch,flag_and_exclude_from_clean_analysis,True,
102667976,episode,rule_any_episode_anomaly,flag_and_exclude_from_clean_analysis,True,
102667976,episode,rule_only,flag_and_exclude_from_clean_analysis,True,
102668107,episode,rule_agent_count_mismatch,flag_and_exclude_from_clean_analysis,True,
102668107,episode,rule_status_count_mismatch,flag_and_exclude_from_clean_analysis,True,
102668107,episode,rule_steps_mismatch,flag_and_exclude_from_clean_analysis,True,
102668107,episode,rule_any_episode_anomaly,flag_and_exclude_from_clean_analysis,True,
102668107,episode,rule_only,flag_and_exclude_from_clean_analysis,True,
102670205,episode,rule_agent_count_mismatch,flag_and_exclude_from_clean_analysis,True,
102670205,episode,rule_status_count_mismatch,flag_and_exclude_from_clean_analysis,True,
102670205,episode,rule_steps_mismatch,flag_and_exclude_from_clean_analysis,True,
102670205,episode,rule_any_episode_anomaly,flag_and_exclude_from_clean_analysis,True,
102670205,episode,rule_only,flag_and_exclude_from_clean_analysis,True,
102674691,episode,rule_agent_count_mismatch,flag_and_exclude_from_clean_analysis,True,
102674691,episode,rule_status_count_mismatch,flag_and_exclude_from_clean_analysis,True,
102674691,episode,rule_steps_mismatch,flag_and_exclude_from_clean_analysis,True,
102674691,episode,rule_any_episode_anomaly,flag_and_exclude_from_clean_analysis,True,
102674691,episode,rule_only,flag_and_exclude_from_clean_analysis,True,
102676934,episode,rule_agent_count_mismatch,flag_and_exclude_from_clean_analysis,True,
102676934,episode,rule_status_count_mismatch,flag_and_exclude_from_clean_analysis,True,
102676934,episode,rule_steps_mismatch,flag_and_exclude_from_clean_analysis,True,
102676934,episode,rule_any_episode_anomaly,flag_and_exclude_from_clean_analysis,True,
102676934,episode,rule_only,flag_and_exclude_from_clean_analysis,True,
102677146,episode,rule_agent_count_mismatch,flag_and_exclude_from_clean_analysis,True,
102677146,episode,rule_status_count_mismatch,flag_and_exclude_from_clean_analysis,True,
102677146,episode,rule_steps_mismatch,flag_and_exclude_from_clean_analysis,True,
102677146,episode,rule_any_episode_anomaly,flag_and_exclude_from_clean_analysis,True,
102677146,episode,rule_only,flag_and_exclude_from_clean_analysis,True,
102679121,episode,rule_agent_count_mismatch,flag_and_exclude_from_clean_analysis,True,
102679121,episode,rule_status_count_mismatch,flag_and_exclude_from_clean_analysis,True,
102679121,episode,rule_steps_mismatch,flag_and_exclude_from_clean_analysis,True,
102679121,episode,rule_any_episode_anomaly,flag_and_exclude_from_clean_analysis,True,
102679121,episode,rule_only,flag_and_exclude_from_clean_analysis,True,
102679138,episode,rule_agent_count_mismatch,flag_and_exclude_from_clean_analysis,True,
102679138,episode,rule_status_count_mismatch,flag_and_exclude_from_clean_analysis,True,
102679138,episode,rule_steps_mismatch,flag_and_exclude_from_clean_analysis,True,
102679138,episode,rule_any_episode_anomaly,flag_and_exclude_from_clean_analysis,True,
102679138,episode,rule_only,flag_and_exclude_from_clean_analysis,True,
102681352,episode,rule_agent_count_mismatch,flag_and_exclude_from_clean_analysis,True,
102681352,episode,rule_status_count_mismatch,flag_and_exclude_from_clean_analysis,True,
102681352,episode,rule_steps_mismatch,flag_and_exclude_from_clean_analysis,True,
102681352,episode,rule_any_episode_anomaly,flag_and_exclude_from_clean_analysis,True,
102681352,episode,rule_only,flag_and_exclude_from_clean_analysis,True,
102681427,episode,rule_agent_count_mismatch,flag_and_exclude_from_clean_analysis,True,
102681427,episode,rule_status_count_mismatch,flag_and_exclude_from_clean_analysis,True,
102681427,episode,rule_steps_mismatch,flag_and_exclude_from_clean_analysis,True,
102681427,episode,rule_any_episode_anomaly,flag_and_exclude_from_clean_analysis,True,
102681427,episode,rule_only,flag_and_exclude_from_clean_analysis,True,
102683587,episode,rule_agent_count_mismatch,flag_and_exclude_from_clean_analysis,True,
102683587,episode,rule_status_count_mismatch,flag_and_exclude_from_clean_analysis,True,
102683587,episode,rule_steps_mismatch,flag_and_exclude_from_clean_analysis,True,
102683587,episode,rule_any_episode_anomaly,flag_and_exclude_from_clean_analysis,True,
102683587,episode,rule_only,flag_and_exclude_from_clean_analysis,True,
102683662,episode,rule_agent_count_mismatch,flag_and_exclude_from_clean_analysis,True,
102683662,episode,rule_status_count_mismatch,flag_and_exclude_from_clean_analysis,True,
102683662,episode,rule_steps_mismatch,flag_and_exclude_from_clean_analysis,True,
102683662,episode,rule_any_episode_anomaly,flag_and_exclude_from_clean_analysis,True,
102683662,episode,rule_only,flag_and_exclude_from_clean_analysis,True,
102685819,episode,rule_agent_count_mismatch,flag_and_exclude_from_clean_analysis,True,
102685819,episode,rule_status_count_mismatch,flag_and_exclude_from_clean_analysis,True,
102685819,episode,rule_steps_mismatch,flag_and_exclude_from_clean_analysis,True,
102685819,episode,rule_any_episode_anomaly,flag_and_exclude_from_clean_analysis,True,
102685819,episode,rule_only,flag_and_exclude_from_clean_analysis,True,
102685821,episode,rule_agent_count_mismatch,flag_and_exclude_from_clean_analysis,True,
102685821,episode,rule_status_count_mismatch,flag_and_exclude_from_clean_analysis,True,
102685821,episode,rule_steps_mismatch,flag_and_exclude_from_clean_analysis,True,
102685821,episode,rule_any_episode_anomaly,flag_and_exclude_from_clean_analysis,True,
102685821,episode,rule_only,flag_and_exclude_from_clean_analysis,True,
102685887,episode,rule_agent_count_mismatch,flag_and_exclude_from_clean_analysis,True,
102685887,episode,rule_status_count_mismatch,flag_and_exclude_from_clean_analysis,True,
102685887,episode,rule_steps_mismatch,flag_and_exclude_from_clean_analysis,True,
102685887,episode,rule_any_episode_anomaly,flag_and_exclude_from_clean_analysis,True,
102685887,episode,rule_only,flag_and_exclude_from_clean_analysis,True,
102688030,episode,rule_agent_count_mismatch,flag_and_exclude_from_clean_analysis,True,
102688030,episode,rule_status_count_mismatch,flag_and_exclude_from_clean_analysis,True,
102688030,episode,rule_steps_mismatch,flag_and_exclude_from_clean_analysis,True,
102688030,episode,rule_any_episode_anomaly,flag_and_exclude_from_clean_analysis,True,
102688030,episode,rule_only,flag_and_exclude_from_clean_analysis,True,
102688165,episode,rule_agent_count_mismatch,flag_and_exclude_from_clean_analysis,True,
102688165,episode,rule_status_count_mismatch,flag_and_exclude_from_clean_analysis,True,
102688165,episode,rule_steps_mismatch,flag_and_exclude_from_clean_analysis,True,
102688165,episode,rule_any_episode_anomaly,flag_and_exclude_from_clean_analysis,True,
102688165,episode,rule_only,flag_and_exclude_from_clean_analysis,True,
102690299,episode,rule_agent_count_mismatch,flag_and_exclude_from_clean_analysis,True,
102690299,episode,rule_status_count_mismatch,flag_and_exclude_from_clean_analysis,True,
102690299,episode,rule_steps_mismatch,flag_and_exclude_from_clean_analysis,True,
102690299,episode,rule_any_episode_anomaly,flag_and_exclude_from_clean_analysis,True,
102690299,episode,rule_only,flag_and_exclude_from_clean_analysis,True,
102690358,episode,rule_agent_count_mismatch,flag_and_exclude_from_clean_analysis,True,
102690358,episode,rule_status_count_mismatch,flag_and_exclude_from_clean_analysis,True,
102690358,episode,rule_steps_mismatch,flag_and_exclude_from_clean_analysis,True,
102690358,episode,rule_any_episode_anomaly,flag_and_exclude_from_clean_analysis,True,
102690358,episode,rule_only,flag_and_exclude_from_clean_analysis,True,
102692510,episode,rule_agent_count_mismatch,flag_and_exclude_from_clean_analysis,True,
102692510,episode,rule_status_count_mismatch,flag_and_exclude_from_clean_analysis,True,
102692510,episode,rule_steps_mismatch,flag_and_exclude_from_clean_analysis,True,
102692510,episode,rule_any_episode_anomaly,flag_and_exclude_from_clean_analysis,True,
102692510,episode,rule_only,flag_and_exclude_from_clean_analysis,True,
102692525,episode,rule_agent_count_mismatch,flag_and_exclude_from_clean_analysis,True,
102692525,episode,rule_status_count_mismatch,flag_and_exclude_from_clean_analysis,True,
102692525,episode,rule_steps_mismatch,flag_and_exclude_from_clean_analysis,True,
102692525,episode,rule_any_episode_anomaly,flag_and_exclude_from_clean_analysis,True,
102692525,episode,rule_only,flag_and_exclude_from_clean_analysis,True,
102692586,episode,rule_agent_count_mismatch,flag_and_exclude_from_clean_analysis,True,
102692586,episode,rule_status_count_mismatch,flag_and_exclude_from_clean_analysis,True,
102692586,episode,rule_steps_mismatch,flag_and_exclude_from_clean_analysis,True,
102692586,episode,rule_any_episode_anomaly,flag_and_exclude_from_clean_analysis,True,
102692586,episode,rule_only,flag_and_exclude_from_clean_analysis,True,
102694758,episode,rule_agent_count_mismatch,flag_and_exclude_from_clean_analysis,True,
102694758,episode,rule_status_count_mismatch,flag_and_exclude_from_clean_analysis,True,
102694758,episode,rule_steps_mismatch,flag_and_exclude_from_clean_analysis,True,
102694758,episode,rule_any_episode_anomaly,flag_and_exclude_from_clean_analysis,True,
102694758,episode,rule_only,flag_and_exclude_from_clean_analysis,True,
102694822,episode,rule_agent_count_mismatch,flag_and_exclude_from_clean_analysis,True,
102694822,episode,rule_status_count_mismatch,flag_and_exclude_from_clean_analysis,True,
102694822,episode,rule_steps_mismatch,flag_and_exclude_from_clean_analysis,True,
102694822,episode,rule_any_episode_anomaly,flag_and_exclude_from_clean_analysis,True,
102694822,episode,rule_only,flag_and_exclude_from_clean_analysis,True,
102694947,episode,rule_agent_count_mismatch,flag_and_exclude_from_clean_analysis,True,
102694947,episode,rule_status_count_mismatch,flag_and_exclude_from_clean_analysis,True,
102694947,episode,rule_steps_mismatch,flag_and_exclude_from_clean_analysis,True,
102694947,episode,rule_any_episode_anomaly,flag_and_exclude_from_clean_analysis,True,
102694947,episode,rule_only,flag_and_exclude_from_clean_analysis,True,
102694950,episode,rule_agent_count_mismatch,flag_and_exclude_from_clean_analysis,True,
102694950,episode,rule_status_count_mismatch,flag_and_exclude_from_clean_analysis,True,
102694950,episode,rule_steps_mismatch,flag_and_exclude_from_clean_analysis,True,
102694950,episode,rule_any_episode_anomaly,flag_and_exclude_from_clean_analysis,True,
102694950,episode,rule_only,flag_and_exclude_from_clean_analysis,True,
102696988,episode,rule_agent_count_mismatch,flag_and_exclude_from_clean_analysis,True,
102696988,episode,rule_status_count_mismatch,flag_and_exclude_from_clean_analysis,True,
102696988,episode,rule_steps_mismatch,flag_and_exclude_from_clean_analysis,True,
102696988,episode,rule_any_episode_anomaly,flag_and_exclude_from_clean_analysis,True,
102696988,episode,rule_only,flag_and_exclude_from_clean_analysis,True,
102697058,episode,rule_agent_count_mismatch,flag_and_exclude_from_clean_analysis,True,
102697058,episode,rule_status_count_mismatch,flag_and_exclude_from_clean_analysis,True,
102697058,episode,rule_steps_mismatch,flag_and_exclude_from_clean_analysis,True,
102697058,episode,rule_any_episode_anomaly,flag_and_exclude_from_clean_analysis,True,
102697058,episode,rule_only,flag_and_exclude_from_clean_analysis,True,
102699210,episode,rule_agent_count_mismatch,flag_and_exclude_from_clean_analysis,True,
102699210,episode,rule_status_count_mismatch,flag_and_exclude_from_clean_analysis,True,
102699210,episode,rule_steps_mismatch,flag_and_exclude_from_clean_analysis,True,
102699210,episode,rule_any_episode_anomaly,flag_and_exclude_from_clean_analysis,True,
102699210,episode,rule_only,flag_and_exclude_from_clean_analysis,True,
102699217,episode,rule_agent_count_mismatch,flag_and_exclude_from_clean_analysis,True,
102699217,episode,rule_status_count_mismatch,flag_and_exclude_from_clean_analysis,True,
102699217,episode,rule_steps_mismatch,flag_and_exclude_from_clean_analysis,True,
102699217,episode,rule_any_episode_anomaly,flag_and_exclude_from_clean_analysis,True,
102699217,episode,rule_only,flag_and_exclude_from_clean_analysis,True,
102699281,episode,rule_agent_count_mismatch,flag_and_exclude_from_clean_analysis,True,
102699281,episode,rule_status_count_mismatch,flag_and_exclude_from_clean_analysis,True,
102699281,episode,rule_steps_mismatch,flag_and_exclude_from_clean_analysis,True,
102699281,episode,rule_any_episode_anomaly,flag_and_exclude_from_clean_analysis,True,
102699281,episode,rule_only,flag_and_exclude_from_clean_analysis,True,
102699387,episode,rule_agent_count_mismatch,flag_and_exclude_from_clean_analysis,True,
102699387,episode,rule_status_count_mismatch,flag_and_exclude_from_clean_analysis,True,
102699387,episode,rule_steps_mismatch,flag_and_exclude_from_clean_analysis,True,
102699387,episode,rule_any_episode_anomaly,flag_and_exclude_from_clean_analysis,True,
102699387,episode,rule_only,flag_and_exclude_from_clean_analysis,True,
102699430,episode,rule_agent_count_mismatch,flag_and_exclude_from_clean_analysis,True,
102699430,episode,rule_status_count_mismatch,flag_and_exclude_from_clean_analysis,True,
102699430,episode,rule_steps_mismatch,flag_and_exclude_from_clean_analysis,True,
102699430,episode,rule_any_episode_anomaly,flag_and_exclude_from_clean_analysis,True,
102699430,episode,rule_only,flag_and_exclude_from_clean_analysis,True,
102701451,episode,rule_agent_count_mismatch,flag_and_exclude_from_clean_analysis,True,
102701451,episode,rule_status_count_mismatch,flag_and_exclude_from_clean_analysis,True,
102701451,episode,rule_steps_mismatch,flag_and_exclude_from_clean_analysis,True,
102701451,episode,rule_any_episode_anomaly,flag_and_exclude_from_clean_analysis,True,
102701451,episode,rule_only,flag_and_exclude_from_clean_analysis,True,
102701514,episode,rule_agent_count_mismatch,flag_and_exclude_from_clean_analysis,True,
102701514,episode,rule_status_count_mismatch,flag_and_exclude_from_clean_analysis,True,
102701514,episode,rule_steps_mismatch,flag_and_exclude_from_clean_analysis,True,
102701514,episode,rule_any_episode_anomaly,flag_and_exclude_from_clean_analysis,True,
102701514,episode,rule_only,flag_and_exclude_from_clean_analysis,True,
102703684,episode,rule_agent_count_mismatch,flag_and_exclude_from_clean_analysis,True,
102703684,episode,rule_status_count_mismatch,flag_and_exclude_from_clean_analysis,True,
102703684,episode,rule_steps_mismatch,flag_and_exclude_from_clean_analysis,True,
102703684,episode,rule_any_episode_anomaly,flag_and_exclude_from_clean_analysis,True,
102703684,episode,rule_only,flag_and_exclude_from_clean_analysis,True,
102703759,episode,rule_agent_count_mismatch,flag_and_exclude_from_clean_analysis,True,
102703759,episode,rule_status_count_mismatch,flag_and_exclude_from_clean_analysis,True,
102703759,episode,rule_steps_mismatch,flag_and_exclude_from_clean_analysis,True,
102703759,episode,rule_any_episode_anomaly,flag_and_exclude_from_clean_analysis,True,
102703759,episode,rule_only,flag_and_exclude_from_clean_analysis,True,
102703830,episode,rule_agent_count_mismatch,flag_and_exclude_from_clean_analysis,True,
102703830,episode,rule_status_count_mismatch,flag_and_exclude_from_clean_analysis,True,
102703830,episode,rule_steps_mismatch,flag_and_exclude_from_clean_analysis,True,
102703830,episode,rule_any_episode_anomaly,flag_and_exclude_from_clean_analysis,True,
102703830,episode,rule_only,flag_and_exclude_from_clean_analysis,True,
102705918,episode,rule_agent_count_mismatch,flag_and_exclude_from_clean_analysis,True,
102705918,episode,rule_status_count_mismatch,flag_and_exclude_from_clean_analysis,True,
102705918,episode,rule_steps_mismatch,flag_and_exclude_from_clean_analysis,True,
102705918,episode,rule_any_episode_anomaly,flag_and_exclude_from_clean_analysis,True,
102705918,episode,rule_only,flag_and_exclude_from_clean_analysis,True,
102705997,episode,rule_agent_count_mismatch,flag_and_exclude_from_clean_analysis,True,
102705997,episode,rule_status_count_mismatch,flag_and_exclude_from_clean_analysis,True,
102705997,episode,rule_steps_mismatch,flag_and_exclude_from_clean_analysis,True,
102705997,episode,rule_any_episode_anomaly,flag_and_exclude_from_clean_analysis,True,
102705997,episode,rule_only,flag_and_exclude_from_clean_analysis,True,
102708158,episode,rule_agent_count_mismatch,flag_and_exclude_from_clean_analysis,True,
102708158,episode,rule_status_count_mismatch,flag_and_exclude_from_clean_analysis,True,
102708158,episode,rule_steps_mismatch,flag_and_exclude_from_clean_analysis,True,
102708158,episode,rule_any_episode_anomaly,flag_and_exclude_from_clean_analysis,True,
102708158,episode,rule_only,flag_and_exclude_from_clean_analysis,True,
102708231,episode,rule_agent_count_mismatch,flag_and_exclude_from_clean_analysis,True,
102708231,episode,rule_status_count_mismatch,flag_and_exclude_from_clean_analysis,True,
102708231,episode,rule_steps_mismatch,flag_and_exclude_from_clean_analysis,True,
102708231,episode,rule_any_episode_anomaly,flag_and_exclude_from_clean_analysis,True,
102708231,episode,rule_only,flag_and_exclude_from_clean_analysis,True,
102710380,episode,rule_agent_count_mismatch,flag_and_exclude_from_clean_analysis,True,
102710380,episode,rule_status_count_mismatch,flag_and_exclude_from_clean_analysis,True,
102710380,episode,rule_steps_mismatch,flag_and_exclude_from_clean_analysis,True,
102710380,episode,rule_any_episode_anomaly,flag_and_exclude_from_clean_analysis,True,
102710380,episode,rule_only,flag_and_exclude_from_clean_analysis,True,
102710389,episode,rule_agent_count_mismatch,flag_and_exclude_from_clean_analysis,True,
102710389,episode,rule_status_count_mismatch,flag_and_exclude_from_clean_analysis,True,
102710389,episode,rule_steps_mismatch,flag_and_exclude_from_clean_analysis,True,
102710389,episode,rule_any_episode_anomaly,flag_and_exclude_from_clean_analysis,True,
102710389,episode,rule_only,flag_and_exclude_from_clean_analysis,True,
102710467,episode,rule_agent_count_mismatch,flag_and_exclude_from_clean_analysis,True,
102710467,episode,rule_status_count_mismatch,flag_and_exclude_from_clean_analysis,True,
102710467,episode,rule_steps_mismatch,flag_and_exclude_from_clean_analysis,True,
102710467,episode,rule_any_episode_anomaly,flag_and_exclude_from_clean_analysis,True,
102710467,episode,rule_only,flag_and_exclude_from_clean_analysis,True,
102712628,episode,rule_agent_count_mismatch,flag_and_exclude_from_clean_analysis,True,
102712628,episode,rule_status_count_mismatch,flag_and_exclude_from_clean_analysis,True,
102712628,episode,rule_steps_mismatch,flag_and_exclude_from_clean_analysis,True,
102712628,episode,rule_any_episode_anomaly,flag_and_exclude_from_clean_analysis,True,
102712628,episode,rule_only,flag_and_exclude_from_clean_analysis,True,
102712637,episode,rule_agent_count_mismatch,flag_and_exclude_from_clean_analysis,True,
102712637,episode,rule_status_count_mismatch,flag_and_exclude_from_clean_analysis,True,
102712637,episode,rule_steps_mismatch,flag_and_exclude_from_clean_analysis,True,
102712637,episode,rule_any_episode_anomaly,flag_and_exclude_from_clean_analysis,True,
102712637,episode,rule_only,flag_and_exclude_from_clean_analysis,True,
102712705,episode,rule_agent_count_mismatch,flag_and_exclude_from_clean_analysis,True,
102712705,episode,rule_status_count_mismatch,flag_and_exclude_from_clean_analysis,True,
102712705,episode,rule_steps_mismatch,flag_and_exclude_from_clean_analysis,True,
102712705,episode,rule_any_episode_anomaly,flag_and_exclude_from_clean_analysis,True,
102712705,episode,rule_only,flag_and_exclude_from_clean_analysis,True,
102714879,episode,rule_agent_count_mismatch,flag_and_exclude_from_clean_analysis,True,
102714879,episode,rule_status_count_mismatch,flag_and_exclude_from_clean_analysis,True,
102714879,episode,rule_steps_mismatch,flag_and_exclude_from_clean_analysis,True,
102714879,episode,rule_any_episode_anomaly,flag_and_exclude_from_clean_analysis,True,
102714879,episode,rule_only,flag_and_exclude_from_clean_analysis,True,
102714940,episode,rule_agent_count_mismatch,flag_and_exclude_from_clean_analysis,True,
102714940,episode,rule_status_count_mismatch,flag_and_exclude_from_clean_analysis,True,
102714940,episode,rule_steps_mismatch,flag_and_exclude_from_clean_analysis,True,
102714940,episode,rule_any_episode_anomaly,flag_and_exclude_from_clean_analysis,True,
102714940,episode,rule_only,flag_and_exclude_from_clean_analysis,True,
102717091,episode,rule_agent_count_mismatch,flag_and_exclude_from_clean_analysis,True,
102717091,episode,rule_status_count_mismatch,flag_and_exclude_from_clean_analysis,True,
102717091,episode,rule_steps_mismatch,flag_and_exclude_from_clean_analysis,True,
102717091,episode,rule_any_episode_anomaly,flag_and_exclude_from_clean_analysis,True,
102717091,episode,rule_only,flag_and_exclude_from_clean_analysis,True,
102717146,episode,rule_agent_count_mismatch,flag_and_exclude_from_clean_analysis,True,
102717146,episode,rule_status_count_mismatch,flag_and_exclude_from_clean_analysis,True,
102717146,episode,rule_steps_mismatch,flag_and_exclude_from_clean_analysis,True,
102717146,episode,rule_any_episode_anomaly,flag_and_exclude_from_clean_analysis,True,
102717146,episode,rule_only,flag_and_exclude_from_clean_analysis,True,
102717157,episode,rule_agent_count_mismatch,flag_and_exclude_from_clean_analysis,True,
102717157,episode,rule_status_count_mismatch,flag_and_exclude_from_clean_analysis,True,
102717157,episode,rule_steps_mismatch,flag_and_exclude_from_clean_analysis,True,
102717157,episode,rule_any_episode_anomaly,flag_and_exclude_from_clean_analysis,True,
102717157,episode,rule_only,flag_and_exclude_from_clean_analysis,True,
102717309,episode,rule_agent_count_mismatch,flag_and_exclude_from_clean_analysis,True,
102717309,episode,rule_status_count_mismatch,flag_and_exclude_from_clean_analysis,True,
102717309,episode,rule_steps_mismatch,flag_and_exclude_from_clean_analysis,True,
102717309,episode,rule_any_episode_anomaly,flag_and_exclude_from_clean_analysis,True,
102717309,episode,rule_only,flag_and_exclude_from_clean_analysis,True,
102719329,episode,rule_agent_count_mismatch,flag_and_exclude_from_clean_analysis,True,
102719329,episode,rule_status_count_mismatch,flag_and_exclude_from_clean_analysis,True,
102719329,episode,rule_steps_mismatch,flag_and_exclude_from_clean_analysis,True,
102719329,episode,rule_any_episode_anomaly,flag_and_exclude_from_clean_analysis,True,
102719329,episode,rule_only,flag_and_exclude_from_clean_analysis,True,
102719342,episode,rule_agent_count_mismatch,flag_and_exclude_from_clean_analysis,True,
102719342,episode,rule_status_count_mismatch,flag_and_exclude_from_clean_analysis,True,
102719342,episode,rule_steps_mismatch,flag_and_exclude_from_clean_analysis,True,
102719342,episode,rule_any_episode_anomaly,flag_and_exclude_from_clean_analysis,True,
102719342,episode,rule_only,flag_and_exclude_from_clean_analysis,True,
102719410,episode,rule_agent_count_mismatch,flag_and_exclude_from_clean_analysis,True,
102719410,episode,rule_status_count_mismatch,flag_and_exclude_from_clean_analysis,True,
102719410,episode,rule_steps_mismatch,flag_and_exclude_from_clean_analysis,True,
102719410,episode,rule_any_episode_anomaly,flag_and_exclude_from_clean_analysis,True,
102719410,episode,rule_only,flag_and_exclude_from_clean_analysis,True,
102721564,episode,rule_agent_count_mismatch,flag_and_exclude_from_clean_analysis,True,
102721564,episode,rule_status_count_mismatch,flag_and_exclude_from_clean_analysis,True,
102721564,episode,rule_steps_mismatch,flag_and_exclude_from_clean_analysis,True,
102721564,episode,rule_any_episode_anomaly,flag_and_exclude_from_clean_analysis,True,
102721564,episode,rule_only,flag_and_exclude_from_clean_analysis,True,
102721568,episode,rule_agent_count_mismatch,flag_and_exclude_from_clean_analysis,True,
102721568,episode,rule_status_count_mismatch,flag_and_exclude_from_clean_analysis,True,
102721568,episode,rule_steps_mismatch,flag_and_exclude_from_clean_analysis,True,
102721568,episode,rule_any_episode_anomaly,flag_and_exclude_from_clean_analysis,True,
102721568,episode,rule_only,flag_and_exclude_from_clean_analysis,True,
102721638,episode,rule_agent_count_mismatch,flag_and_exclude_from_clean_analysis,True,
102721638,episode,rule_status_count_mismatch,flag_and_exclude_from_clean_analysis,True,
102721638,episode,rule_steps_mismatch,flag_and_exclude_from_clean_analysis,True,
102721638,episode,rule_any_episode_anomaly,flag_and_exclude_from_clean_analysis,True,
102721638,episode,rule_only,flag_and_exclude_from_clean_analysis,True,
102723802,episode,rule_agent_count_mismatch,flag_and_exclude_from_clean_analysis,True,
102723802,episode,rule_status_count_mismatch,flag_and_exclude_from_clean_analysis,True,
102723802,episode,rule_steps_mismatch,flag_and_exclude_from_clean_analysis,True,
102723802,episode,rule_any_episode_anomaly,flag_and_exclude_from_clean_analysis,True,
102723802,episode,rule_only,flag_and_exclude_from_clean_analysis,True,
102723820,episode,rule_agent_count_mismatch,flag_and_exclude_from_clean_analysis,True,
102723820,episode,rule_status_count_mismatch,flag_and_exclude_from_clean_analysis,True,
102723820,episode,rule_steps_mismatch,flag_and_exclude_from_clean_analysis,True,
102723820,episode,rule_any_episode_anomaly,flag_and_exclude_from_clean_analysis,True,
102723820,episode,rule_only,flag_and_exclude_from_clean_analysis,True,
102723894,episode,rule_agent_count_mismatch,flag_and_exclude_from_clean_analysis,True,
102723894,episode,rule_status_count_mismatch,flag_and_exclude_from_clean_analysis,True,
102723894,episode,rule_steps_mismatch,flag_and_exclude_from_clean_analysis,True,
102723894,episode,rule_any_episode_anomaly,flag_and_exclude_from_clean_analysis,True,
102723894,episode,rule_only,flag_and_exclude_from_clean_analysis,True,
102724002,episode,rule_agent_count_mismatch,flag_and_exclude_from_clean_analysis,True,
102724002,episode,rule_status_count_mismatch,flag_and_exclude_from_clean_analysis,True,
102724002,episode,rule_steps_mismatch,flag_and_exclude_from_clean_analysis,True,
102724002,episode,rule_any_episode_anomaly,flag_and_exclude_from_clean_analysis,True,
102724002,episode,rule_only,flag_and_exclude_from_clean_analysis,True,
102726036,episode,rule_agent_count_mismatch,flag_and_exclude_from_clean_analysis,True,
102726036,episode,rule_status_count_mismatch,flag_and_exclude_from_clean_analysis,True,
102726036,episode,rule_steps_mismatch,flag_and_exclude_from_clean_analysis,True,
102726036,episode,rule_any_episode_anomaly,flag_and_exclude_from_clean_analysis,True,
102726036,episode,rule_only,flag_and_exclude_from_clean_analysis,True,
102726057,episode,rule_agent_count_mismatch,flag_and_exclude_from_clean_analysis,True,
102726057,episode,rule_status_count_mismatch,flag_and_exclude_from_clean_analysis,True,
102726057,episode,rule_steps_mismatch,flag_and_exclude_from_clean_analysis,True,
102726057,episode,rule_any_episode_anomaly,flag_and_exclude_from_clean_analysis,True,
102726057,episode,rule_only,flag_and_exclude_from_clean_analysis,True,
102726198,episode,rule_agent_count_mismatch,flag_and_exclude_from_clean_analysis,True,
102726198,episode,rule_status_count_mismatch,flag_and_exclude_from_clean_analysis,True,
102726198,episode,rule_steps_mismatch,flag_and_exclude_from_clean_analysis,True,
102726198,episode,rule_any_episode_anomaly,flag_and_exclude_from_clean_analysis,True,
102726198,episode,rule_only,flag_and_exclude_from_clean_analysis,True,
102726201,episode,rule_agent_count_mismatch,flag_and_exclude_from_clean_analysis,True,
102726201,episode,rule_status_count_mismatch,flag_and_exclude_from_clean_analysis,True,
102726201,episode,rule_steps_mismatch,flag_and_exclude_from_clean_analysis,True,
102726201,episode,rule_any_episode_anomaly,flag_and_exclude_from_clean_analysis,True,
102726201,episode,rule_only,flag_and_exclude_from_clean_analysis,True,
102728271,episode,rule_agent_count_mismatch,flag_and_exclude_from_clean_analysis,True,
102728271,episode,rule_status_count_mismatch,flag_and_exclude_from_clean_analysis,True,
102728271,episode,rule_steps_mismatch,flag_and_exclude_from_clean_analysis,True,
102728271,episode,rule_any_episode_anomaly,flag_and_exclude_from_clean_analysis,True,
102728271,episode,rule_only,flag_and_exclude_from_clean_analysis,True,
102728293,episode,rule_agent_count_mismatch,flag_and_exclude_from_clean_analysis,True,
102728293,episode,rule_status_count_mismatch,flag_and_exclude_from_clean_analysis,True,
102728293,episode,rule_steps_mismatch,flag_and_exclude_from_clean_analysis,True,
102728293,episode,rule_any_episode_anomaly,flag_and_exclude_from_clean_analysis,True,
102728293,episode,rule_only,flag_and_exclude_from_clean_analysis,True,
102728398,episode,rule_agent_count_mismatch,flag_and_exclude_from_clean_analysis,True,
102728398,episode,rule_status_count_mismatch,flag_and_exclude_from_clean_analysis,True,
102728398,episode,rule_steps_mismatch,flag_and_exclude_from_clean_analysis,True,
102728398,episode,rule_any_episode_anomaly,flag_and_exclude_from_clean_analysis,True,
102728398,episode,rule_only,flag_and_exclude_from_clean_analysis,True,
102730501,episode,rule_agent_count_mismatch,flag_and_exclude_from_clean_analysis,True,
102730501,episode,rule_status_count_mismatch,flag_and_exclude_from_clean_analysis,True,
102730501,episode,rule_steps_mismatch,flag_and_exclude_from_clean_analysis,True,
102730501,episode,rule_any_episode_anomaly,flag_and_exclude_from_clean_analysis,True,
102730501,episode,rule_only,flag_and_exclude_from_clean_analysis,True,
102730518,episode,rule_agent_count_mismatch,flag_and_exclude_from_clean_analysis,True,
102730518,episode,rule_status_count_mismatch,flag_and_exclude_from_clean_analysis,True,
102730518,episode,rule_steps_mismatch,flag_and_exclude_from_clean_analysis,True,
102730518,episode,rule_any_episode_anomaly,flag_and_exclude_from_clean_analysis,True,
102730518,episode,rule_only,flag_and_exclude_from_clean_analysis,True,
102730697,episode,rule_agent_count_mismatch,flag_and_exclude_from_clean_analysis,True,
102730697,episode,rule_status_count_mismatch,flag_and_exclude_from_clean_analysis,True,
102730697,episode,rule_steps_mismatch,flag_and_exclude_from_clean_analysis,True,
102730697,episode,rule_any_episode_anomaly,flag_and_exclude_from_clean_analysis,True,
102730697,episode,rule_only,flag_and_exclude_from_clean_analysis,True,
102732732,episode,rule_agent_count_mismatch,flag_and_exclude_from_clean_analysis,True,
102732732,episode,rule_status_count_mismatch,flag_and_exclude_from_clean_analysis,True,
102732732,episode,rule_steps_mismatch,flag_and_exclude_from_clean_analysis,True,
102732732,episode,rule_any_episode_anomaly,flag_and_exclude_from_clean_analysis,True,
102732732,episode,rule_only,flag_and_exclude_from_clean_analysis,True,
102732741,episode,rule_agent_count_mismatch,flag_and_exclude_from_clean_analysis,True,
102732741,episode,rule_status_count_mismatch,flag_and_exclude_from_clean_analysis,True,
102732741,episode,rule_steps_mismatch,flag_and_exclude_from_clean_analysis,True,
102732741,episode,rule_any_episode_anomaly,flag_and_exclude_from_clean_analysis,True,
102732741,episode,rule_only,flag_and_exclude_from_clean_analysis,True,
102734962,episode,rule_agent_count_mismatch,flag_and_exclude_from_clean_analysis,True,
102734962,episode,rule_status_count_mismatch,flag_and_exclude_from_clean_analysis,True,
102734962,episode,rule_steps_mismatch,flag_and_exclude_from_clean_analysis,True,
102734962,episode,rule_any_episode_anomaly,flag_and_exclude_from_clean_analysis,True,
102734962,episode,rule_only,flag_and_exclude_from_clean_analysis,True,
102734983,episode,rule_agent_count_mismatch,flag_and_exclude_from_clean_analysis,True,
102734983,episode,rule_status_count_mismatch,flag_and_exclude_from_clean_analysis,True,
102734983,episode,rule_steps_mismatch,flag_and_exclude_from_clean_analysis,True,
102734983,episode,rule_any_episode_anomaly,flag_and_exclude_from_clean_analysis,True,
102734983,episode,rule_only,flag_and_exclude_from_clean_analysis,True,
102737240,episode,rule_agent_count_mismatch,flag_and_exclude_from_clean_analysis,True,
102737240,episode,rule_status_count_mismatch,flag_and_exclude_from_clean_analysis,True,
102737240,episode,rule_steps_mismatch,flag_and_exclude_from_clean_analysis,True,
102737240,episode,rule_any_episode_anomaly,flag_and_exclude_from_clean_analysis,True,
102737240,episode,rule_only,flag_and_exclude_from_clean_analysis,True,
102737271,episode,rule_agent_count_mismatch,flag_and_exclude_from_clean_analysis,True,
102737271,episode,rule_status_count_mismatch,flag_and_exclude_from_clean_analysis,True,
102737271,episode,rule_steps_mismatch,flag_and_exclude_from_clean_analysis,True,
102737271,episode,rule_any_episode_anomaly,flag_and_exclude_from_clean_analysis,True,
102737271,episode,rule_only,flag_and_exclude_from_clean_analysis,True,
102739439,episode,rule_agent_count_mismatch,flag_and_exclude_from_clean_analysis,True,
102739439,episode,rule_status_count_mismatch,flag_and_exclude_from_clean_analysis,True,
102739439,episode,rule_steps_mismatch,flag_and_exclude_from_clean_analysis,True,
102739439,episode,rule_any_episode_anomaly,flag_and_exclude_from_clean_analysis,True,
102739439,episode,rule_only,flag_and_exclude_from_clean_analysis,True,
102739463,episode,rule_agent_count_mismatch,flag_and_exclude_from_clean_analysis,True,
102739463,episode,rule_status_count_mismatch,flag_and_exclude_from_clean_analysis,True,
102739463,episode,rule_steps_mismatch,flag_and_exclude_from_clean_analysis,True,
102739463,episode,rule_any_episode_anomaly,flag_and_exclude_from_clean_analysis,True,
102739463,episode,rule_only,flag_and_exclude_from_clean_analysis,True,
102741660,episode,rule_agent_count_mismatch,flag_and_exclude_from_clean_analysis,True,
102741660,episode,rule_status_count_mismatch,flag_and_exclude_from_clean_analysis,True,
102741660,episode,rule_steps_mismatch,flag_and_exclude_from_clean_analysis,True,
102741660,episode,rule_any_episode_anomaly,flag_and_exclude_from_clean_analysis,True,
102741660,episode,rule_only,flag_and_exclude_from_clean_analysis,True,
102741684,episode,rule_agent_count_mismatch,flag_and_exclude_from_clean_analysis,True,
102741684,episode,rule_status_count_mismatch,flag_and_exclude_from_clean_analysis,True,
102741684,episode,rule_steps_mismatch,flag_and_exclude_from_clean_analysis,True,
102741684,episode,rule_any_episode_anomaly,flag_and_exclude_from_clean_analysis,True,
102741684,episode,rule_only,flag_and_exclude_from_clean_analysis,True,
102743881,episode,rule_agent_count_mismatch,flag_and_exclude_from_clean_analysis,True,
102743881,episode,rule_status_count_mismatch,flag_and_exclude_from_clean_analysis,True,
102743881,episode,rule_steps_mismatch,flag_and_exclude_from_clean_analysis,True,
102743881,episode,rule_any_episode_anomaly,flag_and_exclude_from_clean_analysis,True,
102743881,episode,rule_only,flag_and_exclude_from_clean_analysis,True,
102743915,episode,rule_agent_count_mismatch,flag_and_exclude_from_clean_analysis,True,
102743915,episode,rule_status_count_mismatch,flag_and_exclude_from_clean_analysis,True,
102743915,episode,rule_steps_mismatch,flag_and_exclude_from_clean_analysis,True,
102743915,episode,rule_any_episode_anomaly,flag_and_exclude_from_clean_analysis,True,
102743915,episode,rule_only,flag_and_exclude_from_clean_analysis,True,
102746112,episode,rule_agent_count_mismatch,flag_and_exclude_from_clean_analysis,True,
102746112,episode,rule_status_count_mismatch,flag_and_exclude_from_clean_analysis,True,
102746112,episode,rule_steps_mismatch,flag_and_exclude_from_clean_analysis,True,
102746112,episode,rule_any_episode_anomaly,flag_and_exclude_from_clean_analysis,True,
102746112,episode,rule_only,flag_and_exclude_from_clean_analysis,True,
102746134,episode,rule_agent_count_mismatch,flag_and_exclude_from_clean_analysis,True,
102746134,episode,rule_status_count_mismatch,flag_and_exclude_from_clean_analysis,True,
102746134,episode,rule_steps_mismatch,flag_and_exclude_from_clean_analysis,True,
102746134,episode,rule_any_episode_anomaly,flag_and_exclude_from_clean_analysis,True,
102746134,episode,rule_only,flag_and_exclude_from_clean_analysis,True,
102746255,episode,rule_agent_count_mismatch,flag_and_exclude_from_clean_analysis,True,
102746255,episode,rule_status_count_mismatch,flag_and_exclude_from_clean_analysis,True,
102746255,episode,rule_steps_mismatch,flag_and_exclude_from_clean_analysis,True,
102746255,episode,rule_any_episode_anomaly,flag_and_exclude_from_clean_analysis,True,
102746255,episode,rule_only,flag_and_exclude_from_clean_analysis,True,
102748357,episode,rule_agent_count_mismatch,flag_and_exclude_from_clean_analysis,True,
102748357,episode,rule_status_count_mismatch,flag_and_exclude_from_clean_analysis,True,
102748357,episode,rule_steps_mismatch,flag_and_exclude_from_clean_analysis,True,
102748357,episode,rule_any_episode_anomaly,flag_and_exclude_from_clean_analysis,True,
102748357,episode,rule_only,flag_and_exclude_from_clean_analysis,True,
102748382,episode,rule_agent_count_mismatch,flag_and_exclude_from_clean_analysis,True,
102748382,episode,rule_status_count_mismatch,flag_and_exclude_from_clean_analysis,True,
102748382,episode,rule_steps_mismatch,flag_and_exclude_from_clean_analysis,True,
102748382,episode,rule_any_episode_anomaly,flag_and_exclude_from_clean_analysis,True,
102748382,episode,rule_only,flag_and_exclude_from_clean_analysis,True,
102748463,episode,rule_agent_count_mismatch,flag_and_exclude_from_clean_analysis,True,
102748463,episode,rule_status_count_mismatch,flag_and_exclude_from_clean_analysis,True,
102748463,episode,rule_steps_mismatch,flag_and_exclude_from_clean_analysis,True,
102748463,episode,rule_any_episode_anomaly,flag_and_exclude_from_clean_analysis,True,
102748463,episode,rule_only,flag_and_exclude_from_clean_analysis,True,
102748471,episode,rule_agent_count_mismatch,flag_and_exclude_from_clean_analysis,True,
102748471,episode,rule_status_count_mismatch,flag_and_exclude_from_clean_analysis,True,
102748471,episode,rule_steps_mismatch,flag_and_exclude_from_clean_analysis,True,
102748471,episode,rule_any_episode_anomaly,flag_and_exclude_from_clean_analysis,True,
102748471,episode,rule_only,flag_and_exclude_from_clean_analysis,True,
102748473,episode,rule_agent_count_mismatch,flag_and_exclude_from_clean_analysis,True,
102748473,episode,rule_status_count_mismatch,flag_and_exclude_from_clean_analysis,True,
102748473,episode,rule_steps_mismatch,flag_and_exclude_from_clean_analysis,True,
102748473,episode,rule_any_episode_anomaly,flag_and_exclude_from_clean_analysis,True,
102748473,episode,rule_only,flag_and_exclude_from_clean_analysis,True,
102748507,episode,rule_agent_count_mismatch,flag_and_exclude_from_clean_analysis,True,
102748507,episode,rule_status_count_mismatch,flag_and_exclude_from_clean_analysis,True,
102748507,episode,rule_steps_mismatch,flag_and_exclude_from_clean_analysis,True,
102748507,episode,rule_any_episode_anomaly,flag_and_exclude_from_clean_analysis,True,
102748507,episode,rule_only,flag_and_exclude_from_clean_analysis,True,
102750583,episode,rule_agent_count_mismatch,flag_and_exclude_from_clean_analysis,True,
102750583,episode,rule_status_count_mismatch,flag_and_exclude_from_clean_analysis,True,
102750583,episode,rule_steps_mismatch,flag_and_exclude_from_clean_analysis,True,
102750583,episode,rule_any_episode_anomaly,flag_and_exclude_from_clean_analysis,True,
102750583,episode,rule_only,flag_and_exclude_from_clean_analysis,True,
102750607,episode,rule_agent_count_mismatch,flag_and_exclude_from_clean_analysis,True,
102750607,episode,rule_status_count_mismatch,flag_and_exclude_from_clean_analysis,True,
102750607,episode,rule_steps_mismatch,flag_and_exclude_from_clean_analysis,True,
102750607,episode,rule_any_episode_anomaly,flag_and_exclude_from_clean_analysis,True,
102750607,episode,rule_only,flag_and_exclude_from_clean_analysis,True,
102750665,episode,rule_agent_count_mismatch,flag_and_exclude_from_clean_analysis,True,
102750665,episode,rule_status_count_mismatch,flag_and_exclude_from_clean_analysis,True,
102750665,episode,rule_steps_mismatch,flag_and_exclude_from_clean_analysis,True,
102750665,episode,rule_any_episode_anomaly,flag_and_exclude_from_clean_analysis,True,
102750665,episode,rule_only,flag_and_exclude_from_clean_analysis,True,
102752857,episode,rule_agent_count_mismatch,flag_and_exclude_from_clean_analysis,True,
102752857,episode,rule_status_count_mismatch,flag_and_exclude_from_clean_analysis,True,
102752857,episode,rule_steps_mismatch,flag_and_exclude_from_clean_analysis,True,
102752857,episode,rule_any_episode_anomaly,flag_and_exclude_from_clean_analysis,True,
102752857,episode,rule_only,flag_and_exclude_from_clean_analysis,True,
102752874,episode,rule_agent_count_mismatch,flag_and_exclude_from_clean_analysis,True,
102752874,episode,rule_status_count_mismatch,flag_and_exclude_from_clean_analysis,True,
102752874,episode,rule_steps_mismatch,flag_and_exclude_from_clean_analysis,True,
102752874,episode,rule_any_episode_anomaly,flag_and_exclude_from_clean_analysis,True,
102752874,episode,rule_only,flag_and_exclude_from_clean_analysis,True,
102752906,episode,rule_agent_count_mismatch,flag_and_exclude_from_clean_analysis,True,
102752906,episode,rule_status_count_mismatch,flag_and_exclude_from_clean_analysis,True,
102752906,episode,rule_steps_mismatch,flag_and_exclude_from_clean_analysis,True,
102752906,episode,rule_any_episode_anomaly,flag_and_exclude_from_clean_analysis,True,
102752906,episode,rule_only,flag_and_exclude_from_clean_analysis,True,
102755044,episode,rule_agent_count_mismatch,flag_and_exclude_from_clean_analysis,True,
102755044,episode,rule_status_count_mismatch,flag_and_exclude_from_clean_analysis,True,
102755044,episode,rule_steps_mismatch,flag_and_exclude_from_clean_analysis,True,
102755044,episode,rule_any_episode_anomaly,flag_and_exclude_from_clean_analysis,True,
102755044,episode,rule_only,flag_and_exclude_from_clean_analysis,True,
102755057,episode,rule_agent_count_mismatch,flag_and_exclude_from_clean_analysis,True,
102755057,episode,rule_status_count_mismatch,flag_and_exclude_from_clean_analysis,True,
102755057,episode,rule_steps_mismatch,flag_and_exclude_from_clean_analysis,True,
102755057,episode,rule_any_episode_anomaly,flag_and_exclude_from_clean_analysis,True,
102755057,episode,rule_only,flag_and_exclude_from_clean_analysis,True,
102757272,episode,rule_agent_count_mismatch,flag_and_exclude_from_clean_analysis,True,
102757272,episode,rule_status_count_mismatch,flag_and_exclude_from_clean_analysis,True,
102757272,episode,rule_steps_mismatch,flag_and_exclude_from_clean_analysis,True,
102757272,episode,rule_any_episode_anomaly,flag_and_exclude_from_clean_analysis,True,
102757272,episode,rule_only,flag_and_exclude_from_clean_analysis,True,
102757361,episode,rule_agent_count_mismatch,flag_and_exclude_from_clean_analysis,True,
102757361,episode,rule_status_count_mismatch,flag_and_exclude_from_clean_analysis,True,
102757361,episode,rule_steps_mismatch,flag_and_exclude_from_clean_analysis,True,
102757361,episode,rule_any_episode_anomaly,flag_and_exclude_from_clean_analysis,True,
102757361,episode,rule_only,flag_and_exclude_from_clean_analysis,True,
102757368,episode,rule_agent_count_mismatch,flag_and_exclude_from_clean_analysis,True,
102757368,episode,rule_status_count_mismatch,flag_and_exclude_from_clean_analysis,True,
102757368,episode,rule_steps_mismatch,flag_and_exclude_from_clean_analysis,True,
102757368,episode,rule_any_episode_anomaly,flag_and_exclude_from_clean_analysis,True,
102757368,episode,rule_only,flag_and_exclude_from_clean_analysis,True,
102759503,episode,rule_agent_count_mismatch,flag_and_exclude_from_clean_analysis,True,
102759503,episode,rule_status_count_mismatch,flag_and_exclude_from_clean_analysis,True,
102759503,episode,rule_steps_mismatch,flag_and_exclude_from_clean_analysis,True,
102759503,episode,rule_any_episode_anomaly,flag_and_exclude_from_clean_analysis,True,
102759503,episode,rule_only,flag_and_exclude_from_clean_analysis,True,
102759566,episode,rule_agent_count_mismatch,flag_and_exclude_from_clean_analysis,True,
102759566,episode,rule_status_count_mismatch,flag_and_exclude_from_clean_analysis,True,
102759566,episode,rule_steps_mismatch,flag_and_exclude_from_clean_analysis,True,
102759566,episode,rule_any_episode_anomaly,flag_and_exclude_from_clean_analysis,True,
102759566,episode,rule_only,flag_and_exclude_from_clean_analysis,True,
102759575,episode,rule_agent_count_mismatch,flag_and_exclude_from_clean_analysis,True,
102759575,episode,rule_status_count_mismatch,flag_and_exclude_from_clean_analysis,True,
102759575,episode,rule_steps_mismatch,flag_and_exclude_from_clean_analysis,True,
102759575,episode,rule_any_episode_anomaly,flag_and_exclude_from_clean_analysis,True,
102759575,episode,rule_only,flag_and_exclude_from_clean_analysis,True,
102759654,episode,rule_agent_count_mismatch,flag_and_exclude_from_clean_analysis,True,
102759654,episode,rule_status_count_mismatch,flag_and_exclude_from_clean_analysis,True,
102759654,episode,rule_steps_mismatch,flag_and_exclude_from_clean_analysis,True,
102759654,episode,rule_any_episode_anomaly,flag_and_exclude_from_clean_analysis,True,
102759654,episode,rule_only,flag_and_exclude_from_clean_analysis,True,
102761738,episode,rule_agent_count_mismatch,flag_and_exclude_from_clean_analysis,True,
102761738,episode,rule_status_count_mismatch,flag_and_exclude_from_clean_analysis,True,
102761738,episode,rule_steps_mismatch,flag_and_exclude_from_clean_analysis,True,
102761738,episode,rule_any_episode_anomaly,flag_and_exclude_from_clean_analysis,True,
102761738,episode,rule_only,flag_and_exclude_from_clean_analysis,True,
102763891,episode,rule_agent_count_mismatch,flag_and_exclude_from_clean_analysis,True,
102763891,episode,rule_status_count_mismatch,flag_and_exclude_from_clean_analysis,True,
102763891,episode,rule_steps_mismatch,flag_and_exclude_from_clean_analysis,True,
102763891,episode,rule_any_episode_anomaly,flag_and_exclude_from_clean_analysis,True,
102763891,episode,rule_only,flag_and_exclude_from_clean_analysis,True,
102763962,episode,rule_agent_count_mismatch,flag_and_exclude_from_clean_analysis,True,
102763962,episode,rule_status_count_mismatch,flag_and_exclude_from_clean_analysis,True,
102763962,episode,rule_steps_mismatch,flag_and_exclude_from_clean_analysis,True,
102763962,episode,rule_any_episode_anomaly,flag_and_exclude_from_clean_analysis,True,
102763962,episode,rule_only,flag_and_exclude_from_clean_analysis,True,
102766192,episode,rule_agent_count_mismatch,flag_and_exclude_from_clean_analysis,True,
102766192,episode,rule_status_count_mismatch,flag_and_exclude_from_clean_analysis,True,
102766192,episode,rule_steps_mismatch,flag_and_exclude_from_clean_analysis,True,
102766192,episode,rule_any_episode_anomaly,flag_and_exclude_from_clean_analysis,True,
102766192,episode,rule_only,flag_and_exclude_from_clean_analysis,True,
102768450,episode,rule_agent_count_mismatch,flag_and_exclude_from_clean_analysis,True,
102768450,episode,rule_status_count_mismatch,flag_and_exclude_from_clean_analysis,True,
102768450,episode,rule_steps_mismatch,flag_and_exclude_from_clean_analysis,True,
102768450,episode,rule_any_episode_anomaly,flag_and_exclude_from_clean_analysis,True,
102768450,episode,rule_only,flag_and_exclude_from_clean_analysis,True,
102770570,episode,rule_agent_count_mismatch,flag_and_exclude_from_clean_analysis,True,
102770570,episode,rule_status_count_mismatch,flag_and_exclude_from_clean_analysis,True,
102770570,episode,rule_steps_mismatch,flag_and_exclude_from_clean_analysis,True,
102770570,episode,rule_any_episode_anomaly,flag_and_exclude_from_clean_analysis,True,
102770570,episode,rule_only,flag_and_exclude_from_clean_analysis,True,
102772945,episode,rule_agent_count_mismatch,flag_and_exclude_from_clean_analysis,True,
102772945,episode,rule_status_count_mismatch,flag_and_exclude_from_clean_analysis,True,
102772945,episode,rule_steps_mismatch,flag_and_exclude_from_clean_analysis,True,
102772945,episode,rule_any_episode_anomaly,flag_and_exclude_from_clean_analysis,True,
102772945,episode,rule_only,flag_and_exclude_from_clean_analysis,True,
102772965,episode,rule_agent_count_mismatch,flag_and_exclude_from_clean_analysis,True,
102772965,episode,rule_status_count_mismatch,flag_and_exclude_from_clean_analysis,True,
102772965,episode,rule_steps_mismatch,flag_and_exclude_from_clean_analysis,True,
102772965,episode,rule_any_episode_anomaly,flag_and_exclude_from_clean_analysis,True,
102772965,episode,rule_only,flag_and_exclude_from_clean_analysis,True,
102772992,episode,rule_agent_count_mismatch,flag_and_exclude_from_clean_analysis,True,
102772992,episode,rule_status_count_mismatch,flag_and_exclude_from_clean_analysis,True,
102772992,episode,rule_steps_mismatch,flag_and_exclude_from_clean_analysis,True,
102772992,episode,rule_any_episode_anomaly,flag_and_exclude_from_clean_analysis,True,
102772992,episode,rule_only,flag_and_exclude_from_clean_analysis,True,
102773027,episode,rule_agent_count_mismatch,flag_and_exclude_from_clean_analysis,True,
102773027,episode,rule_status_count_mismatch,flag_and_exclude_from_clean_analysis,True,
102773027,episode,rule_steps_mismatch,flag_and_exclude_from_clean_analysis,True,
102773027,episode,rule_any_episode_anomaly,flag_and_exclude_from_clean_analysis,True,
102773027,episode,rule_only,flag_and_exclude_from_clean_analysis,True,
102775250,episode,rule_agent_count_mismatch,flag_and_exclude_from_clean_analysis,True,
102775250,episode,rule_status_count_mismatch,flag_and_exclude_from_clean_analysis,True,
102775250,episode,rule_steps_mismatch,flag_and_exclude_from_clean_analysis,True,
102775250,episode,rule_any_episode_anomaly,flag_and_exclude_from_clean_analysis,True,
102775250,episode,rule_only,flag_and_exclude_from_clean_analysis,True,
102777395,episode,rule_agent_count_mismatch,flag_and_exclude_from_clean_analysis,True,
102777395,episode,rule_status_count_mismatch,flag_and_exclude_from_clean_analysis,True,
102777395,episode,rule_steps_mismatch,flag_and_exclude_from_clean_analysis,True,
102777395,episode,rule_any_episode_anomaly,flag_and_exclude_from_clean_analysis,True,
102777395,episode,rule_only,flag_and_exclude_from_clean_analysis,True,
102777414,episode,rule_agent_count_mismatch,flag_and_exclude_from_clean_analysis,True,
102777414,episode,rule_status_count_mismatch,flag_and_exclude_from_clean_analysis,True,
102777414,episode,rule_steps_mismatch,flag_and_exclude_from_clean_analysis,True,
102777414,episode,rule_any_episode_anomaly,flag_and_exclude_from_clean_analysis,True,
102777414,episode,rule_only,flag_and_exclude_from_clean_analysis,True,
102779478,episode,rule_agent_count_mismatch,flag_and_exclude_from_clean_analysis,True,
102779478,episode,rule_status_count_mismatch,flag_and_exclude_from_clean_analysis,True,
102779478,episode,rule_steps_mismatch,flag_and_exclude_from_clean_analysis,True,
102779478,episode,rule_any_episode_anomaly,flag_and_exclude_from_clean_analysis,True,
102779478,episode,rule_only,flag_and_exclude_from_clean_analysis,True,
102779701,episode,rule_agent_count_mismatch,flag_and_exclude_from_clean_analysis,True,
102779701,episode,rule_status_count_mismatch,flag_and_exclude_from_clean_analysis,True,
102779701,episode,rule_steps_mismatch,flag_and_exclude_from_clean_analysis,True,
102779701,episode,rule_any_episode_anomaly,flag_and_exclude_from_clean_analysis,True,
102779701,episode,rule_only,flag_and_exclude_from_clean_analysis,True,
102781707,episode,rule_agent_count_mismatch,flag_and_exclude_from_clean_analysis,True,
102781707,episode,rule_status_count_mismatch,flag_and_exclude_from_clean_analysis,True,
102781707,episode,rule_steps_mismatch,flag_and_exclude_from_clean_analysis,True,
102781707,episode,rule_any_episode_anomaly,flag_and_exclude_from_clean_analysis,True,
102781707,episode,rule_only,flag_and_exclude_from_clean_analysis,True,
102781914,episode,rule_agent_count_mismatch,flag_and_exclude_from_clean_analysis,True,
102781914,episode,rule_status_count_mismatch,flag_and_exclude_from_clean_analysis,True,
102781914,episode,rule_steps_mismatch,flag_and_exclude_from_clean_analysis,True,
102781914,episode,rule_any_episode_anomaly,flag_and_exclude_from_clean_analysis,True,
102781914,episode,rule_only,flag_and_exclude_from_clean_analysis,True,
102783948,episode,rule_agent_count_mismatch,flag_and_exclude_from_clean_analysis,True,
102783948,episode,rule_status_count_mismatch,flag_and_exclude_from_clean_analysis,True,
102783948,episode,rule_steps_mismatch,flag_and_exclude_from_clean_analysis,True,
102783948,episode,rule_any_episode_anomaly,flag_and_exclude_from_clean_analysis,True,
102783948,episode,rule_only,flag_and_exclude_from_clean_analysis,True,
102784078,episode,rule_agent_count_mismatch,flag_and_exclude_from_clean_analysis,True,
102784078,episode,rule_status_count_mismatch,flag_and_exclude_from_clean_analysis,True,
102784078,episode,rule_steps_mismatch,flag_and_exclude_from_clean_analysis,True,
102784078,episode,rule_any_episode_anomaly,flag_and_exclude_from_clean_analysis,True,
102784078,episode,rule_only,flag_and_exclude_from_clean_analysis,True,
102784102,episode,rule_agent_count_mismatch,flag_and_exclude_from_clean_analysis,True,
102784102,episode,rule_status_count_mismatch,flag_and_exclude_from_clean_analysis,True,
102784102,episode,rule_steps_mismatch,flag_and_exclude_from_clean_analysis,True,
102784102,episode,rule_any_episode_anomaly,flag_and_exclude_from_clean_analysis,True,
102784102,episode,rule_only,flag_and_exclude_from_clean_analysis,True,
102784142,episode,rule_agent_count_mismatch,flag_and_exclude_from_clean_analysis,True,
102784142,episode,rule_status_count_mismatch,flag_and_exclude_from_clean_analysis,True,
102784142,episode,rule_steps_mismatch,flag_and_exclude_from_clean_analysis,True,
102784142,episode,rule_any_episode_anomaly,flag_and_exclude_from_clean_analysis,True,
102784142,episode,rule_only,flag_and_exclude_from_clean_analysis,True,
102786175,episode,rule_agent_count_mismatch,flag_and_exclude_from_clean_analysis,True,
102786175,episode,rule_status_count_mismatch,flag_and_exclude_from_clean_analysis,True,
102786175,episode,rule_steps_mismatch,flag_and_exclude_from_clean_analysis,True,
102786175,episode,rule_any_episode_anomaly,flag_and_exclude_from_clean_analysis,True,
102786175,episode,rule_only,flag_and_exclude_from_clean_analysis,True,
102786270,episode,rule_agent_count_mismatch,flag_and_exclude_from_clean_analysis,True,
102786270,episode,rule_status_count_mismatch,flag_and_exclude_from_clean_analysis,True,
102786270,episode,rule_steps_mismatch,flag_and_exclude_from_clean_analysis,True,
102786270,episode,rule_any_episode_anomaly,flag_and_exclude_from_clean_analysis,True,
102786270,episode,rule_only,flag_and_exclude_from_clean_analysis,True,
102786279,episode,rule_agent_count_mismatch,flag_and_exclude_from_clean_analysis,True,
102786279,episode,rule_status_count_mismatch,flag_and_exclude_from_clean_analysis,True,
102786279,episode,rule_steps_mismatch,flag_and_exclude_from_clean_analysis,True,
102786279,episode,rule_any_episode_anomaly,flag_and_exclude_from_clean_analysis,True,
102786279,episode,rule_only,flag_and_exclude_from_clean_analysis,True,
102788415,episode,rule_agent_count_mismatch,flag_and_exclude_from_clean_analysis,True,
102788415,episode,rule_status_count_mismatch,flag_and_exclude_from_clean_analysis,True,
102788415,episode,rule_steps_mismatch,flag_and_exclude_from_clean_analysis,True,
102788415,episode,rule_any_episode_anomaly,flag_and_exclude_from_clean_analysis,True,
102788415,episode,rule_only,flag_and_exclude_from_clean_analysis,True,
102788601,episode,rule_agent_count_mismatch,flag_and_exclude_from_clean_analysis,True,
102788601,episode,rule_status_count_mismatch,flag_and_exclude_from_clean_analysis,True,
102788601,episode,rule_steps_mismatch,flag_and_exclude_from_clean_analysis,True,
102788601,episode,rule_any_episode_anomaly,flag_and_exclude_from_clean_analysis,True,
102788601,episode,rule_only,flag_and_exclude_from_clean_analysis,True,
102788602,episode,rule_agent_count_mismatch,flag_and_exclude_from_clean_analysis,True,
102788602,episode,rule_status_count_mismatch,flag_and_exclude_from_clean_analysis,True,
102788602,episode,rule_steps_mismatch,flag_and_exclude_from_clean_analysis,True,
102788602,episode,rule_any_episode_anomaly,flag_and_exclude_from_clean_analysis,True,
102788602,episode,rule_only,flag_and_exclude_from_clean_analysis,True,
102788635,episode,rule_agent_count_mismatch,flag_and_exclude_from_clean_analysis,True,
102788635,episode,rule_status_count_mismatch,flag_and_exclude_from_clean_analysis,True,
102788635,episode,rule_steps_mismatch,flag_and_exclude_from_clean_analysis,True,
102788635,episode,rule_any_episode_anomaly,flag_and_exclude_from_clean_analysis,True,
102788635,episode,rule_only,flag_and_exclude_from_clean_analysis,True,
102790649,episode,rule_agent_count_mismatch,flag_and_exclude_from_clean_analysis,True,
102790649,episode,rule_status_count_mismatch,flag_and_exclude_from_clean_analysis,True,
102790649,episode,rule_steps_mismatch,flag_and_exclude_from_clean_analysis,True,
102790649,episode,rule_any_episode_anomaly,flag_and_exclude_from_clean_analysis,True,
102790649,episode,rule_only,flag_and_exclude_from_clean_analysis,True,
102790860,episode,rule_agent_count_mismatch,flag_and_exclude_from_clean_analysis,True,
102790860,episode,rule_status_count_mismatch,flag_and_exclude_from_clean_analysis,True,
102790860,episode,rule_steps_mismatch,flag_and_exclude_from_clean_analysis,True,
102790860,episode,rule_any_episode_anomaly,flag_and_exclude_from_clean_analysis,True,
102790860,episode,rule_only,flag_and_exclude_from_clean_analysis,True,
102792804,episode,rule_agent_count_mismatch,flag_and_exclude_from_clean_analysis,True,
102792804,episode,rule_status_count_mismatch,flag_and_exclude_from_clean_analysis,True,
102792804,episode,rule_steps_mismatch,flag_and_exclude_from_clean_analysis,True,
102792804,episode,rule_any_episode_anomaly,flag_and_exclude_from_clean_analysis,True,
102792804,episode,rule_only,flag_and_exclude_from_clean_analysis,True,
102792875,episode,rule_agent_count_mismatch,flag_and_exclude_from_clean_analysis,True,
102792875,episode,rule_status_count_mismatch,flag_and_exclude_from_clean_analysis,True,
102792875,episode,rule_steps_mismatch,flag_and_exclude_from_clean_analysis,True,
102792875,episode,rule_any_episode_anomaly,flag_and_exclude_from_clean_analysis,True,
102792875,episode,rule_only,flag_and_exclude_from_clean_analysis,True,
102792964,episode,rule_agent_count_mismatch,flag_and_exclude_from_clean_analysis,True,
102792964,episode,rule_status_count_mismatch,flag_and_exclude_from_clean_analysis,True,
102792964,episode,rule_steps_mismatch,flag_and_exclude_from_clean_analysis,True,
102792964,episode,rule_any_episode_anomaly,flag_and_exclude_from_clean_analysis,True,
102792964,episode,rule_only,flag_and_exclude_from_clean_analysis,True,
102795038,episode,rule_agent_count_mismatch,flag_and_exclude_from_clean_analysis,True,
102795038,episode,rule_status_count_mismatch,flag_and_exclude_from_clean_analysis,True,
102795038,episode,rule_steps_mismatch,flag_and_exclude_from_clean_analysis,True,
102795038,episode,rule_any_episode_anomaly,flag_and_exclude_from_clean_analysis,True,
102795038,episode,rule_only,flag_and_exclude_from_clean_analysis,True,
102795116,episode,rule_agent_count_mismatch,flag_and_exclude_from_clean_analysis,True,
102795116,episode,rule_status_count_mismatch,flag_and_exclude_from_clean_analysis,True,
102795116,episode,rule_steps_mismatch,flag_and_exclude_from_clean_analysis,True,
102795116,episode,rule_any_episode_anomaly,flag_and_exclude_from_clean_analysis,True,
102795116,episode,rule_only,flag_and_exclude_from_clean_analysis,True,
102795242,episode,rule_agent_count_mismatch,flag_and_exclude_from_clean_analysis,True,
102795242,episode,rule_status_count_mismatch,flag_and_exclude_from_clean_analysis,True,
102795242,episode,rule_steps_mismatch,flag_and_exclude_from_clean_analysis,True,
102795242,episode,rule_any_episode_anomaly,flag_and_exclude_from_clean_analysis,True,
102795242,episode,rule_only,flag_and_exclude_from_clean_analysis,True,
102795265,episode,rule_agent_count_mismatch,flag_and_exclude_from_clean_analysis,True,
102795265,episode,rule_status_count_mismatch,flag_and_exclude_from_clean_analysis,True,
102795265,episode,rule_steps_mismatch,flag_and_exclude_from_clean_analysis,True,
102795265,episode,rule_any_episode_anomaly,flag_and_exclude_from_clean_analysis,True,
102795265,episode,rule_only,flag_and_exclude_from_clean_analysis,True,
102797262,episode,rule_agent_count_mismatch,flag_and_exclude_from_clean_analysis,True,
102797262,episode,rule_status_count_mismatch,flag_and_exclude_from_clean_analysis,True,
102797262,episode,rule_steps_mismatch,flag_and_exclude_from_clean_analysis,True,
102797262,episode,rule_any_episode_anomaly,flag_and_exclude_from_clean_analysis,True,
102797262,episode,rule_only,flag_and_exclude_from_clean_analysis,True,
102797343,episode,rule_agent_count_mismatch,flag_and_exclude_from_clean_analysis,True,
102797343,episode,rule_status_count_mismatch,flag_and_exclude_from_clean_analysis,True,
102797343,episode,rule_steps_mismatch,flag_and_exclude_from_clean_analysis,True,
102797343,episode,rule_any_episode_anomaly,flag_and_exclude_from_clean_analysis,True,
102797343,episode,rule_only,flag_and_exclude_from_clean_analysis,True,
102797444,episode,rule_agent_count_mismatch,flag_and_exclude_from_clean_analysis,True,
102797444,episode,rule_status_count_mismatch,flag_and_exclude_from_clean_analysis,True,
102797444,episode,rule_steps_mismatch,flag_and_exclude_from_clean_analysis,True,
102797444,episode,rule_any_episode_anomaly,flag_and_exclude_from_clean_analysis,True,
102797444,episode,rule_only,flag_and_exclude_from_clean_analysis,True,
102799490,episode,rule_agent_count_mismatch,flag_and_exclude_from_clean_analysis,True,
102799490,episode,rule_status_count_mismatch,flag_and_exclude_from_clean_analysis,True,
102799490,episode,rule_steps_mismatch,flag_and_exclude_from_clean_analysis,True,
102799490,episode,rule_any_episode_anomaly,flag_and_exclude_from_clean_analysis,True,
102799490,episode,rule_only,flag_and_exclude_from_clean_analysis,True,
102799574,episode,rule_agent_count_mismatch,flag_and_exclude_from_clean_analysis,True,
102799574,episode,rule_status_count_mismatch,flag_and_exclude_from_clean_analysis,True,
102799574,episode,rule_steps_mismatch,flag_and_exclude_from_clean_analysis,True,
102799574,episode,rule_any_episode_anomaly,flag_and_exclude_from_clean_analysis,True,
102799574,episode,rule_only,flag_and_exclude_from_clean_analysis,True,
102801727,episode,rule_agent_count_mismatch,flag_and_exclude_from_clean_analysis,True,
102801727,episode,rule_status_count_mismatch,flag_and_exclude_from_clean_analysis,True,
102801727,episode,rule_steps_mismatch,flag_and_exclude_from_clean_analysis,True,
102801727,episode,rule_any_episode_anomaly,flag_and_exclude_from_clean_analysis,True,
102801727,episode,rule_only,flag_and_exclude_from_clean_analysis,True,
102801802,episode,rule_agent_count_mismatch,flag_and_exclude_from_clean_analysis,True,
102801802,episode,rule_status_count_mismatch,flag_and_exclude_from_clean_analysis,True,
102801802,episode,rule_steps_mismatch,flag_and_exclude_from_clean_analysis,True,
102801802,episode,rule_any_episode_anomaly,flag_and_exclude_from_clean_analysis,True,
102801802,episode,rule_only,flag_and_exclude_from_clean_analysis,True,
102801934,episode,rule_agent_count_mismatch,flag_and_exclude_from_clean_analysis,True,
102801934,episode,rule_status_count_mismatch,flag_and_exclude_from_clean_analysis,True,
102801934,episode,rule_steps_mismatch,flag_and_exclude_from_clean_analysis,True,
102801934,episode,rule_any_episode_anomaly,flag_and_exclude_from_clean_analysis,True,
102801934,episode,rule_only,flag_and_exclude_from_clean_analysis,True,
102803960,episode,rule_agent_count_mismatch,flag_and_exclude_from_clean_analysis,True,
102803960,episode,rule_status_count_mismatch,flag_and_exclude_from_clean_analysis,True,
102803960,episode,rule_steps_mismatch,flag_and_exclude_from_clean_analysis,True,
102803960,episode,rule_any_episode_anomaly,flag_and_exclude_from_clean_analysis,True,
102803960,episode,rule_only,flag_and_exclude_from_clean_analysis,True,
102804030,episode,rule_agent_count_mismatch,flag_and_exclude_from_clean_analysis,True,
102804030,episode,rule_status_count_mismatch,flag_and_exclude_from_clean_analysis,True,
102804030,episode,rule_steps_mismatch,flag_and_exclude_from_clean_analysis,True,
102804030,episode,rule_any_episode_anomaly,flag_and_exclude_from_clean_analysis,True,
102804030,episode,rule_only,flag_and_exclude_from_clean_analysis,True,
102806196,episode,rule_agent_count_mismatch,flag_and_exclude_from_clean_analysis,True,
102806196,episode,rule_status_count_mismatch,flag_and_exclude_from_clean_analysis,True,
102806196,episode,rule_steps_mismatch,flag_and_exclude_from_clean_analysis,True,
102806196,episode,rule_any_episode_anomaly,flag_and_exclude_from_clean_analysis,True,
102806196,episode,rule_only,flag_and_exclude_from_clean_analysis,True,
102806255,episode,rule_agent_count_mismatch,flag_and_exclude_from_clean_analysis,True,
102806255,episode,rule_status_count_mismatch,flag_and_exclude_from_clean_analysis,True,
102806255,episode,rule_steps_mismatch,flag_and_exclude_from_clean_analysis,True,
102806255,episode,rule_any_episode_anomaly,flag_and_exclude_from_clean_analysis,True,
102806255,episode,rule_only,flag_and_exclude_from_clean_analysis,True,
102806355,episode,rule_agent_count_mismatch,flag_and_exclude_from_clean_analysis,True,
102806355,episode,rule_status_count_mismatch,flag_and_exclude_from_clean_analysis,True,
102806355,episode,rule_steps_mismatch,flag_and_exclude_from_clean_analysis,True,
102806355,episode,rule_any_episode_anomaly,flag_and_exclude_from_clean_analysis,True,
102806355,episode,rule_only,flag_and_exclude_from_clean_analysis,True,
102806373,episode,rule_agent_count_mismatch,flag_and_exclude_from_clean_analysis,True,
102806373,episode,rule_status_count_mismatch,flag_and_exclude_from_clean_analysis,True,
102806373,episode,rule_steps_mismatch,flag_and_exclude_from_clean_analysis,True,
102806373,episode,rule_any_episode_anomaly,flag_and_exclude_from_clean_analysis,True,
102806373,episode,rule_only,flag_and_exclude_from_clean_analysis,True,
102806428,episode,rule_agent_count_mismatch,flag_and_exclude_from_clean_analysis,True,
102806428,episode,rule_status_count_mismatch,flag_and_exclude_from_clean_analysis,True,
102806428,episode,rule_steps_mismatch,flag_and_exclude_from_clean_analysis,True,
102806428,episode,rule_any_episode_anomaly,flag_and_exclude_from_clean_analysis,True,
102806428,episode,rule_only,flag_and_exclude_from_clean_analysis,True,
102808424,episode,rule_agent_count_mismatch,flag_and_exclude_from_clean_analysis,True,
102808424,episode,rule_status_count_mismatch,flag_and_exclude_from_clean_analysis,True,
102808424,episode,rule_steps_mismatch,flag_and_exclude_from_clean_analysis,True,
102808424,episode,rule_any_episode_anomaly,flag_and_exclude_from_clean_analysis,True,
102808424,episode,rule_only,flag_and_exclude_from_clean_analysis,True,
102808547,episode,rule_agent_count_mismatch,flag_and_exclude_from_clean_analysis,True,
102808547,episode,rule_status_count_mismatch,flag_and_exclude_from_clean_analysis,True,
102808547,episode,rule_steps_mismatch,flag_and_exclude_from_clean_analysis,True,
102808547,episode,rule_any_episode_anomaly,flag_and_exclude_from_clean_analysis,True,
102808547,episode,rule_only,flag_and_exclude_from_clean_analysis,True,
102808633,episode,rule_agent_count_mismatch,flag_and_exclude_from_clean_analysis,True,
102808633,episode,rule_status_count_mismatch,flag_and_exclude_from_clean_analysis,True,
102808633,episode,rule_steps_mismatch,flag_and_exclude_from_clean_analysis,True,
102808633,episode,rule_any_episode_anomaly,flag_and_exclude_from_clean_analysis,True,
102808633,episode,stat_size_outlier,flag_and_exclude_from_clean_analysis,True,
102808633,episode,stat_any_outlier,flag_and_exclude_from_clean_analysis,True,
102810655,episode,rule_agent_count_mismatch,flag_and_exclude_from_clean_analysis,True,
102810655,episode,rule_status_count_mismatch,flag_and_exclude_from_clean_analysis,True,
102810655,episode,rule_steps_mismatch,flag_and_exclude_from_clean_analysis,True,
102810655,episode,rule_any_episode_anomaly,flag_and_exclude_from_clean_analysis,True,
102810655,episode,rule_only,flag_and_exclude_from_clean_analysis,True,
102810744,episode,rule_agent_count_mismatch,flag_and_exclude_from_clean_analysis,True,
102810744,episode,rule_status_count_mismatch,flag_and_exclude_from_clean_analysis,True,
102810744,episode,rule_steps_mismatch,flag_and_exclude_from_clean_analysis,True,
102810744,episode,rule_any_episode_anomaly,flag_and_exclude_from_clean_analysis,True,
102810744,episode,rule_only,flag_and_exclude_from_clean_analysis,True,
102812882,episode,rule_agent_count_mismatch,flag_and_exclude_from_clean_analysis,True,
102812882,episode,rule_status_count_mismatch,flag_and_exclude_from_clean_analysis,True,
102812882,episode,rule_steps_mismatch,flag_and_exclude_from_clean_analysis,True,
102812882,episode,rule_any_episode_anomaly,flag_and_exclude_from_clean_analysis,True,
102812882,episode,rule_only,flag_and_exclude_from_clean_analysis,True,
102815113,episode,rule_agent_count_mismatch,flag_and_exclude_from_clean_analysis,True,
102815113,episode,rule_status_count_mismatch,flag_and_exclude_from_clean_analysis,True,
102815113,episode,rule_steps_mismatch,flag_and_exclude_from_clean_analysis,True,
102815113,episode,rule_any_episode_anomaly,flag_and_exclude_from_clean_analysis,True,
102815113,episode,rule_only,flag_and_exclude_from_clean_analysis,True,
102815317,episode,rule_agent_count_mismatch,flag_and_exclude_from_clean_analysis,True,
102815317,episode,rule_status_count_mismatch,flag_and_exclude_from_clean_analysis,True,
102815317,episode,rule_steps_mismatch,flag_and_exclude_from_clean_analysis,True,
102815317,episode,rule_any_episode_anomaly,flag_and_exclude_from_clean_analysis,True,
102815317,episode,rule_only,flag_and_exclude_from_clean_analysis,True,
102815339,episode,rule_agent_count_mismatch,flag_and_exclude_from_clean_analysis,True,
102815339,episode,rule_status_count_mismatch,flag_and_exclude_from_clean_analysis,True,
102815339,episode,rule_steps_mismatch,flag_and_exclude_from_clean_analysis,True,
102815339,episode,rule_any_episode_anomaly,flag_and_exclude_from_clean_analysis,True,
102815339,episode,rule_only,flag_and_exclude_from_clean_analysis,True,
102817346,episode,rule_agent_count_mismatch,flag_and_exclude_from_clean_analysis,True,
102817346,episode,rule_status_count_mismatch,flag_and_exclude_from_clean_analysis,True,
102817346,episode,rule_steps_mismatch,flag_and_exclude_from_clean_analysis,True,
102817346,episode,rule_any_episode_anomaly,flag_and_exclude_from_clean_analysis,True,
102817346,episode,rule_only,flag_and_exclude_from_clean_analysis,True,
102817484,episode,rule_agent_count_mismatch,flag_and_exclude_from_clean_analysis,True,
102817484,episode,rule_status_count_mismatch,flag_and_exclude_from_clean_analysis,True,
102817484,episode,rule_steps_mismatch,flag_and_exclude_from_clean_analysis,True,
102817484,episode,rule_any_episode_anomaly,flag_and_exclude_from_clean_analysis,True,
102817484,episode,rule_only,flag_and_exclude_from_clean_analysis,True,
102817591,episode,rule_agent_count_mismatch,flag_and_exclude_from_clean_analysis,True,
102817591,episode,rule_status_count_mismatch,flag_and_exclude_from_clean_analysis,True,
102817591,episode,rule_steps_mismatch,flag_and_exclude_from_clean_analysis,True,
102817591,episode,rule_any_episode_anomaly,flag_and_exclude_from_clean_analysis,True,
102817591,episode,rule_only,flag_and_exclude_from_clean_analysis,True,
102819583,episode,rule_agent_count_mismatch,flag_and_exclude_from_clean_analysis,True,
102819583,episode,rule_status_count_mismatch,flag_and_exclude_from_clean_analysis,True,
102819583,episode,rule_steps_mismatch,flag_and_exclude_from_clean_analysis,True,
102819583,episode,rule_any_episode_anomaly,flag_and_exclude_from_clean_analysis,True,
102819583,episode,rule_only,flag_and_exclude_from_clean_analysis,True,
102819708,episode,rule_agent_count_mismatch,flag_and_exclude_from_clean_analysis,True,
102819708,episode,rule_status_count_mismatch,flag_and_exclude_from_clean_analysis,True,
102819708,episode,rule_steps_mismatch,flag_and_exclude_from_clean_analysis,True,
102819708,episode,rule_any_episode_anomaly,flag_and_exclude_from_clean_analysis,True,
102819708,episode,stat_avg_score_outlier,flag_and_exclude_from_clean_analysis,True,
102819708,episode,stat_any_outlier,flag_and_exclude_from_clean_analysis,True,
102819709,episode,rule_agent_count_mismatch,flag_and_exclude_from_clean_analysis,True,
102819709,episode,rule_status_count_mismatch,flag_and_exclude_from_clean_analysis,True,
102819709,episode,rule_steps_mismatch,flag_and_exclude_from_clean_analysis,True,
102819709,episode,rule_any_episode_anomaly,flag_and_exclude_from_clean_analysis,True,
102819709,episode,rule_only,flag_and_exclude_from_clean_analysis,True,
102819829,episode,rule_agent_count_mismatch,flag_and_exclude_from_clean_analysis,True,
102819829,episode,rule_status_count_mismatch,flag_and_exclude_from_clean_analysis,True,
102819829,episode,rule_steps_mismatch,flag_and_exclude_from_clean_analysis,True,
102819829,episode,rule_any_episode_anomaly,flag_and_exclude_from_clean_analysis,True,
102819829,episode,rule_only,flag_and_exclude_from_clean_analysis,True,
102821817,episode,rule_agent_count_mismatch,flag_and_exclude_from_clean_analysis,True,
102821817,episode,rule_status_count_mismatch,flag_and_exclude_from_clean_analysis,True,
102821817,episode,rule_steps_mismatch,flag_and_exclude_from_clean_analysis,True,
102821817,episode,rule_any_episode_anomaly,flag_and_exclude_from_clean_analysis,True,
102821817,episode,rule_only,flag_and_exclude_from_clean_analysis,True,
102821961,episode,rule_agent_count_mismatch,flag_and_exclude_from_clean_analysis,True,
102821961,episode,rule_status_count_mismatch,flag_and_exclude_from_clean_analysis,True,
102821961,episode,rule_steps_mismatch,flag_and_exclude_from_clean_analysis,True,
102821961,episode,rule_any_episode_anomaly,flag_and_exclude_from_clean_analysis,True,
102821961,episode,rule_only,flag_and_exclude_from_clean_analysis,True,
102822012,episode,rule_agent_count_mismatch,flag_and_exclude_from_clean_analysis,True,
102822012,episode,rule_status_count_mismatch,flag_and_exclude_from_clean_analysis,True,
102822012,episode,rule_steps_mismatch,flag_and_exclude_from_clean_analysis,True,
102822012,episode,rule_any_episode_anomaly,flag_and_exclude_from_clean_analysis,True,
102822012,episode,rule_only,flag_and_exclude_from_clean_analysis,True,
102824043,episode,rule_agent_count_mismatch,flag_and_exclude_from_clean_analysis,True,
102824043,episode,rule_status_count_mismatch,flag_and_exclude_from_clean_analysis,True,
102824043,episode,rule_steps_mismatch,flag_and_exclude_from_clean_analysis,True,
102824043,episode,rule_any_episode_anomaly,flag_and_exclude_from_clean_analysis,True,
102824043,episode,rule_only,flag_and_exclude_from_clean_analysis,True,
102824214,episode,rule_agent_count_mismatch,flag_and_exclude_from_clean_analysis,True,
102824214,episode,rule_status_count_mismatch,flag_and_exclude_from_clean_analysis,True,
102824214,episode,rule_steps_mismatch,flag_and_exclude_from_clean_analysis,True,
102824214,episode,rule_any_episode_anomaly,flag_and_exclude_from_clean_analysis,True,
102824214,episode,rule_only,flag_and_exclude_from_clean_analysis,True,
102824223,episode,rule_agent_count_mismatch,flag_and_exclude_from_clean_analysis,True,
102824223,episode,rule_status_count_mismatch,flag_and_exclude_from_clean_analysis,True,
102824223,episode,rule_steps_mismatch,flag_and_exclude_from_clean_analysis,True,
102824223,episode,rule_any_episode_anomaly,flag_and_exclude_from_clean_analysis,True,
102824223,episode,rule_only,flag_and_exclude_from_clean_analysis,True,
102824228,episode,rule_agent_count_mismatch,flag_and_exclude_from_clean_analysis,True,
102824228,episode,rule_status_count_mismatch,flag_and_exclude_from_clean_analysis,True,
102824228,episode,rule_steps_mismatch,flag_and_exclude_from_clean_analysis,True,
102824228,episode,rule_any_episode_anomaly,flag_and_exclude_from_clean_analysis,True,
102824228,episode,rule_only,flag_and_exclude_from_clean_analysis,True,
102826274,episode,rule_agent_count_mismatch,flag_and_exclude_from_clean_analysis,True,
102826274,episode,rule_status_count_mismatch,flag_and_exclude_from_clean_analysis,True,
102826274,episode,rule_steps_mismatch,flag_and_exclude_from_clean_analysis,True,
102826274,episode,rule_any_episode_anomaly,flag_and_exclude_from_clean_analysis,True,
102826274,episode,rule_only,flag_and_exclude_from_clean_analysis,True,
102826416,episode,rule_agent_count_mismatch,flag_and_exclude_from_clean_analysis,True,
102826416,episode,rule_status_count_mismatch,flag_and_exclude_from_clean_analysis,True,
102826416,episode,rule_steps_mismatch,flag_and_exclude_from_clean_analysis,True,
102826416,episode,rule_any_episode_anomaly,flag_and_exclude_from_clean_analysis,True,
102826416,episode,stat_size_outlier,flag_and_exclude_from_clean_analysis,True,
102826416,episode,stat_any_outlier,flag_and_exclude_from_clean_analysis,True,
102828506,episode,rule_agent_count_mismatch,flag_and_exclude_from_clean_analysis,True,
102828506,episode,rule_status_count_mismatch,flag_and_exclude_from_clean_analysis,True,
102828506,episode,rule_steps_mismatch,flag_and_exclude_from_clean_analysis,True,
102828506,episode,rule_any_episode_anomaly,flag_and_exclude_from_clean_analysis,True,
102828506,episode,rule_only,flag_and_exclude_from_clean_analysis,True,
102830735,episode,rule_agent_count_mismatch,flag_and_exclude_from_clean_analysis,True,
102830735,episode,rule_status_count_mismatch,flag_and_exclude_from_clean_analysis,True,
102830735,episode,rule_steps_mismatch,flag_and_exclude_from_clean_analysis,True,
102830735,episode,rule_any_episode_anomaly,flag_and_exclude_from_clean_analysis,True,
102830735,episode,rule_only,flag_and_exclude_from_clean_analysis,True,
102830836,episode,rule_agent_count_mismatch,flag_and_exclude_from_clean_analysis,True,
102830836,episode,rule_status_count_mismatch,flag_and_exclude_from_clean_analysis,True,
102830836,episode,rule_steps_mismatch,flag_and_exclude_from_clean_analysis,True,
102830836,episode,rule_any_episode_anomaly,flag_and_exclude_from_clean_analysis,True,
102830836,episode,rule_only,flag_and_exclude_from_clean_analysis,True,
102832962,episode,rule_agent_count_mismatch,flag_and_exclude_from_clean_analysis,True,
102832962,episode,rule_status_count_mismatch,flag_and_exclude_from_clean_analysis,True,
102832962,episode,rule_steps_mismatch,flag_and_exclude_from_clean_analysis,True,
102832962,episode,rule_any_episode_anomaly,flag_and_exclude_from_clean_analysis,True,
102832962,episode,rule_only,flag_and_exclude_from_clean_analysis,True,
102833169,episode,rule_agent_count_mismatch,flag_and_exclude_from_clean_analysis,True,
102833169,episode,rule_status_count_mismatch,flag_and_exclude_from_clean_analysis,True,
102833169,episode,rule_steps_mismatch,flag_and_exclude_from_clean_analysis,True,
102833169,episode,rule_any_episode_anomaly,flag_and_exclude_from_clean_analysis,True,
102833169,episode,rule_only,flag_and_exclude_from_clean_analysis,True,
102835195,episode,rule_agent_count_mismatch,flag_and_exclude_from_clean_analysis,True,
102835195,episode,rule_status_count_mismatch,flag_and_exclude_from_clean_analysis,True,
102835195,episode,rule_steps_mismatch,flag_and_exclude_from_clean_analysis,True,
102835195,episode,rule_any_episode_anomaly,flag_and_exclude_from_clean_analysis,True,
102835195,episode,rule_only,flag_and_exclude_from_clean_analysis,True,
102835347,episode,rule_agent_count_mismatch,flag_and_exclude_from_clean_analysis,True,
102835347,episode,rule_status_count_mismatch,flag_and_exclude_from_clean_analysis,True,
102835347,episode,rule_steps_mismatch,flag_and_exclude_from_clean_analysis,True,
102835347,episode,rule_any_episode_anomaly,flag_and_exclude_from_clean_analysis,True,
102835347,episode,rule_only,flag_and_exclude_from_clean_analysis,True,
102837423,episode,rule_agent_count_mismatch,flag_and_exclude_from_clean_analysis,True,
102837423,episode,rule_status_count_mismatch,flag_and_exclude_from_clean_analysis,True,
102837423,episode,rule_steps_mismatch,flag_and_exclude_from_clean_analysis,True,
102837423,episode,rule_any_episode_anomaly,flag_and_exclude_from_clean_analysis,True,
102837423,episode,rule_only,flag_and_exclude_from_clean_analysis,True,
102837611,episode,rule_agent_count_mismatch,flag_and_exclude_from_clean_analysis,True,
102837611,episode,rule_status_count_mismatch,flag_and_exclude_from_clean_analysis,True,
102837611,episode,rule_steps_mismatch,flag_and_exclude_from_clean_analysis,True,
102837611,episode,rule_any_episode_anomaly,flag_and_exclude_from_clean_analysis,True,
102837611,episode,rule_only,flag_and_exclude_from_clean_analysis,True,
102837653,episode,rule_agent_count_mismatch,flag_and_exclude_from_clean_analysis,True,
102837653,episode,rule_status_count_mismatch,flag_and_exclude_from_clean_analysis,True,
102837653,episode,rule_steps_mismatch,flag_and_exclude_from_clean_analysis,True,
102837653,episode,rule_any_episode_anomaly,flag_and_exclude_from_clean_analysis,True,
102837653,episode,rule_only,flag_and_exclude_from_clean_analysis,True,
102839652,episode,rule_agent_count_mismatch,flag_and_exclude_from_clean_analysis,True,
102839652,episode,rule_status_count_mismatch,flag_and_exclude_from_clean_analysis,True,
102839652,episode,rule_steps_mismatch,flag_and_exclude_from_clean_analysis,True,
102839652,episode,rule_any_episode_anomaly,flag_and_exclude_from_clean_analysis,True,
102839652,episode,rule_only,flag_and_exclude_from_clean_analysis,True,
102839775,episode,rule_agent_count_mismatch,flag_and_exclude_from_clean_analysis,True,
102839775,episode,rule_status_count_mismatch,flag_and_exclude_from_clean_analysis,True,
102839775,episode,rule_steps_mismatch,flag_and_exclude_from_clean_analysis,True,
102839775,episode,rule_any_episode_anomaly,flag_and_exclude_from_clean_analysis,True,
102839775,episode,rule_only,flag_and_exclude_from_clean_analysis,True,
102839880,episode,rule_agent_count_mismatch,flag_and_exclude_from_clean_analysis,True,
102839880,episode,rule_status_count_mismatch,flag_and_exclude_from_clean_analysis,True,
102839880,episode,rule_steps_mismatch,flag_and_exclude_from_clean_analysis,True,
102839880,episode,rule_any_episode_anomaly,flag_and_exclude_from_clean_analysis,True,
102839880,episode,rule_only,flag_and_exclude_from_clean_analysis,True,
102841883,episode,rule_agent_count_mismatch,flag_and_exclude_from_clean_analysis,True,
102841883,episode,rule_status_count_mismatch,flag_and_exclude_from_clean_analysis,True,
102841883,episode,rule_steps_mismatch,flag_and_exclude_from_clean_analysis,True,
102841883,episode,rule_any_episode_anomaly,flag_and_exclude_from_clean_analysis,True,
102841883,episode,rule_only,flag_and_exclude_from_clean_analysis,True,
102844112,episode,rule_agent_count_mismatch,flag_and_exclude_from_clean_analysis,True,
102844112,episode,rule_status_count_mismatch,flag_and_exclude_from_clean_analysis,True,
102844112,episode,rule_steps_mismatch,flag_and_exclude_from_clean_analysis,True,
102844112,episode,rule_any_episode_anomaly,flag_and_exclude_from_clean_analysis,True,
102844112,episode,rule_only,flag_and_exclude_from_clean_analysis,True,
102844254,episode,rule_agent_count_mismatch,flag_and_exclude_from_clean_analysis,True,
102844254,episode,rule_status_count_mismatch,flag_and_exclude_from_clean_analysis,True,
102844254,episode,rule_steps_mismatch,flag_and_exclude_from_clean_analysis,True,
102844254,episode,rule_any_episode_anomaly,flag_and_exclude_from_clean_analysis,True,
102844254,episode,stat_avg_score_outlier,flag_and_exclude_from_clean_analysis,True,
102844254,episode,stat_any_outlier,flag_and_exclude_from_clean_analysis,True,
102844256,episode,rule_agent_count_mismatch,flag_and_exclude_from_clean_analysis,True,
102844256,episode,rule_status_count_mismatch,flag_and_exclude_from_clean_analysis,True,
102844256,episode,rule_steps_mismatch,flag_and_exclude_from_clean_analysis,True,
102844256,episode,rule_any_episode_anomaly,flag_and_exclude_from_clean_analysis,True,
102844256,episode,stat_avg_score_outlier,flag_and_exclude_from_clean_analysis,True,
102844256,episode,stat_any_outlier,flag_and_exclude_from_clean_analysis,True,
102844281,episode,rule_agent_count_mismatch,flag_and_exclude_from_clean_analysis,True,
102844281,episode,rule_status_count_mismatch,flag_and_exclude_from_clean_analysis,True,
102844281,episode,rule_steps_mismatch,flag_and_exclude_from_clean_analysis,True,
102844281,episode,rule_any_episode_anomaly,flag_and_exclude_from_clean_analysis,True,
102844281,episode,rule_only,flag_and_exclude_from_clean_analysis,True,
102846339,episode,rule_agent_count_mismatch,flag_and_exclude_from_clean_analysis,True,
102846339,episode,rule_status_count_mismatch,flag_and_exclude_from_clean_analysis,True,
102846339,episode,rule_steps_mismatch,flag_and_exclude_from_clean_analysis,True,
102846339,episode,rule_any_episode_anomaly,flag_and_exclude_from_clean_analysis,True,
102846339,episode,rule_only,flag_and_exclude_from_clean_analysis,True,
102846457,episode,rule_agent_count_mismatch,flag_and_exclude_from_clean_analysis,True,
102846457,episode,rule_status_count_mismatch,flag_and_exclude_from_clean_analysis,True,
102846457,episode,rule_steps_mismatch,flag_and_exclude_from_clean_analysis,True,
102846457,episode,rule_any_episode_anomaly,flag_and_exclude_from_clean_analysis,True,
102846457,episode,rule_only,flag_and_exclude_from_clean_analysis,True,
102848577,episode,rule_agent_count_mismatch,flag_and_exclude_from_clean_analysis,True,
102848577,episode,rule_status_count_mismatch,flag_and_exclude_from_clean_analysis,True,
102848577,episode,rule_steps_mismatch,flag_and_exclude_from_clean_analysis,True,
102848577,episode,rule_any_episode_anomaly,flag_and_exclude_from_clean_analysis,True,
102848577,episode,rule_only,flag_and_exclude_from_clean_analysis,True,
102848668,episode,rule_agent_count_mismatch,flag_and_exclude_from_clean_analysis,True,
102848668,episode,rule_status_count_mismatch,flag_and_exclude_from_clean_analysis,True,
102848668,episode,rule_steps_mismatch,flag_and_exclude_from_clean_analysis,True,
102848668,episode,rule_any_episode_anomaly,flag_and_exclude_from_clean_analysis,True,
102848668,episode,rule_only,flag_and_exclude_from_clean_analysis,True,
102848672,episode,rule_agent_count_mismatch,flag_and_exclude_from_clean_analysis,True,
102848672,episode,rule_status_count_mismatch,flag_and_exclude_from_clean_analysis,True,
102848672,episode,rule_steps_mismatch,flag_and_exclude_from_clean_analysis,True,
102848672,episode,rule_any_episode_anomaly,flag_and_exclude_from_clean_analysis,True,
102848672,episode,rule_only,flag_and_exclude_from_clean_analysis,True,
102848673,episode,rule_agent_count_mismatch,flag_and_exclude_from_clean_analysis,True,
102848673,episode,rule_status_count_mismatch,flag_and_exclude_from_clean_analysis,True,
102848673,episode,rule_steps_mismatch,flag_and_exclude_from_clean_analysis,True,
102848673,episode,rule_any_episode_anomaly,flag_and_exclude_from_clean_analysis,True,
102848673,episode,rule_only,flag_and_exclude_from_clean_analysis,True,
102848785,episode,rule_agent_count_mismatch,flag_and_exclude_from_clean_analysis,True,
102848785,episode,rule_status_count_mismatch,flag_and_exclude_from_clean_analysis,True,
102848785,episode,rule_steps_mismatch,flag_and_exclude_from_clean_analysis,True,
102848785,episode,rule_any_episode_anomaly,flag_and_exclude_from_clean_analysis,True,
102848785,episode,rule_only,flag_and_exclude_from_clean_analysis,True,
102850789,episode,rule_agent_count_mismatch,flag_and_exclude_from_clean_analysis,True,
102850789,episode,rule_status_count_mismatch,flag_and_exclude_from_clean_analysis,True,
102850789,episode,rule_steps_mismatch,flag_and_exclude_from_clean_analysis,True,
102850789,episode,rule_any_episode_anomaly,flag_and_exclude_from_clean_analysis,True,
102850789,episode,rule_only,flag_and_exclude_from_clean_analysis,True,
102853086,episode,rule_agent_count_mismatch,flag_and_exclude_from_clean_analysis,True,
102853086,episode,rule_status_count_mismatch,flag_and_exclude_from_clean_analysis,True,
102853086,episode,rule_steps_mismatch,flag_and_exclude_from_clean_analysis,True,
102853086,episode,rule_any_episode_anomaly,flag_and_exclude_from_clean_analysis,True,
102853086,episode,rule_only,flag_and_exclude_from_clean_analysis,True,
102853191,episode,rule_agent_count_mismatch,flag_and_exclude_from_clean_analysis,True,
102853191,episode,rule_status_count_mismatch,flag_and_exclude_from_clean_analysis,True,
102853191,episode,rule_steps_mismatch,flag_and_exclude_from_clean_analysis,True,
102853191,episode,rule_any_episode_anomaly,flag_and_exclude_from_clean_analysis,True,
102853191,episode,rule_only,flag_and_exclude_from_clean_analysis,True,
102853219,episode,rule_agent_count_mismatch,flag_and_exclude_from_clean_analysis,True,
102853219,episode,rule_status_count_mismatch,flag_and_exclude_from_clean_analysis,True,
102853219,episode,rule_steps_mismatch,flag_and_exclude_from_clean_analysis,True,
102853219,episode,rule_any_episode_anomaly,flag_and_exclude_from_clean_analysis,True,
102853219,episode,rule_only,flag_and_exclude_from_clean_analysis,True,
102855265,episode,rule_agent_count_mismatch,flag_and_exclude_from_clean_analysis,True,
102855265,episode,rule_status_count_mismatch,flag_and_exclude_from_clean_analysis,True,
102855265,episode,rule_steps_mismatch,flag_and_exclude_from_clean_analysis,True,
102855265,episode,rule_any_episode_anomaly,flag_and_exclude_from_clean_analysis,True,
102855265,episode,rule_only,flag_and_exclude_from_clean_analysis,True,
102857499,episode,rule_agent_count_mismatch,flag_and_exclude_from_clean_analysis,True,
102857499,episode,rule_status_count_mismatch,flag_and_exclude_from_clean_analysis,True,
102857499,episode,rule_steps_mismatch,flag_and_exclude_from_clean_analysis,True,
102857499,episode,rule_any_episode_anomaly,flag_and_exclude_from_clean_analysis,True,
102857499,episode,rule_only,flag_and_exclude_from_clean_analysis,True,
102857617,episode,rule_agent_count_mismatch,flag_and_exclude_from_clean_analysis,True,
102857617,episode,rule_status_count_mismatch,flag_and_exclude_from_clean_analysis,True,
102857617,episode,rule_steps_mismatch,flag_and_exclude_from_clean_analysis,True,
102857617,episode,rule_any_episode_anomaly,flag_and_exclude_from_clean_analysis,True,
102857617,episode,rule_only,flag_and_exclude_from_clean_analysis,True,
102857635,episode,rule_agent_count_mismatch,flag_and_exclude_from_clean_analysis,True,
102857635,episode,rule_status_count_mismatch,flag_and_exclude_from_clean_analysis,True,
102857635,episode,rule_steps_mismatch,flag_and_exclude_from_clean_analysis,True,
102857635,episode,rule_any_episode_anomaly,flag_and_exclude_from_clean_analysis,True,
102857635,episode,stat_size_outlier,flag_and_exclude_from_clean_analysis,True,
102857635,episode,stat_any_outlier,flag_and_exclude_from_clean_analysis,True,
102859728,episode,rule_agent_count_mismatch,flag_and_exclude_from_clean_analysis,True,
102859728,episode,rule_status_count_mismatch,flag_and_exclude_from_clean_analysis,True,
102859728,episode,rule_steps_mismatch,flag_and_exclude_from_clean_analysis,True,
102859728,episode,rule_any_episode_anomaly,flag_and_exclude_from_clean_analysis,True,
102859728,episode,rule_only,flag_and_exclude_from_clean_analysis,True,
102859850,episode,rule_agent_count_mismatch,flag_and_exclude_from_clean_analysis,True,
102859850,episode,rule_status_count_mismatch,flag_and_exclude_from_clean_analysis,True,
102859850,episode,rule_steps_mismatch,flag_and_exclude_from_clean_analysis,True,
102859850,episode,rule_any_episode_anomaly,flag_and_exclude_from_clean_analysis,True,
102859850,episode,rule_only,flag_and_exclude_from_clean_analysis,True,
102861956,episode,rule_agent_count_mismatch,flag_and_exclude_from_clean_analysis,True,
102861956,episode,rule_status_count_mismatch,flag_and_exclude_from_clean_analysis,True,
102861956,episode,rule_steps_mismatch,flag_and_exclude_from_clean_analysis,True,
102861956,episode,rule_any_episode_anomaly,flag_and_exclude_from_clean_analysis,True,
102861956,episode,rule_only,flag_and_exclude_from_clean_analysis,True,
102862048,episode,rule_agent_count_mismatch,flag_and_exclude_from_clean_analysis,True,
102862048,episode,rule_status_count_mismatch,flag_and_exclude_from_clean_analysis,True,
102862048,episode,rule_steps_mismatch,flag_and_exclude_from_clean_analysis,True,
102862048,episode,rule_any_episode_anomaly,flag_and_exclude_from_clean_analysis,True,
102862048,episode,rule_only,flag_and_exclude_from_clean_analysis,True,
102862084,episode,rule_agent_count_mismatch,flag_and_exclude_from_clean_analysis,True,
102862084,episode,rule_status_count_mismatch,flag_and_exclude_from_clean_analysis,True,
102862084,episode,rule_steps_mismatch,flag_and_exclude_from_clean_analysis,True,
102862084,episode,rule_any_episode_anomaly,flag_and_exclude_from_clean_analysis,True,
102862084,episode,rule_only,flag_and_exclude_from_clean_analysis,True,
102864190,episode,rule_agent_count_mismatch,flag_and_exclude_from_clean_analysis,True,
102864190,episode,rule_status_count_mismatch,flag_and_exclude_from_clean_analysis,True,
102864190,episode,rule_steps_mismatch,flag_and_exclude_from_clean_analysis,True,
102864190,episode,rule_any_episode_anomaly,flag_and_exclude_from_clean_analysis,True,
102864190,episode,rule_only,flag_and_exclude_from_clean_analysis,True,
102864378,episode,rule_agent_count_mismatch,flag_and_exclude_from_clean_analysis,True,
102864378,episode,rule_status_count_mismatch,flag_and_exclude_from_clean_analysis,True,
102864378,episode,rule_steps_mismatch,flag_and_exclude_from_clean_analysis,True,
102864378,episode,rule_any_episode_anomaly,flag_and_exclude_from_clean_analysis,True,
102864378,episode,rule_only,flag_and_exclude_from_clean_analysis,True,
102844256,manifest,duplicate_episode_id,deduplicate_keep_latest_create_time,True,/home/nk/Projects/data-mining/Chapter_4/Bai_3/output/manifest_snapshots/manifest_2026-08-29.csv
102844254,manifest,duplicate_episode_id,deduplicate_keep_latest_create_time,True,/home/nk/Projects/data-mining/Chapter_4/Bai_3/output/manifest_snapshots/manifest_2026-08-29.csv
102819708,manifest,duplicate_episode_id,deduplicate_keep_latest_create_time,True,/home/nk/Projects/data-mining/Chapter_4/Bai_3/output/manifest_snapshots/manifest_2026-08-29.csv
102748473,manifest,duplicate_episode_id,deduplicate_keep_latest_create_time,True,/home/nk/Projects/data-mining/Chapter_4/Bai_3/output/manifest_snapshots/manifest_2026-08-29.csv
102788602,manifest,duplicate_episode_id,deduplicate_keep_latest_create_time,True,/home/nk/Projects/data-mining/Chapter_4/Bai_3/output/manifest_snapshots/manifest_2026-08-29.csv
102694947,manifest,duplicate_episode_id,deduplicate_keep_latest_create_time,True,/home/nk/Projects/data-mining/Chapter_4/Bai_3/output/manifest_snapshots/manifest_2026-08-29.csv
102630221,manifest,duplicate_episode_id,deduplicate_keep_latest_create_time,True,/home/nk/Projects/data-mining/Chapter_4/Bai_3/output/manifest_snapshots/manifest_2026-08-29.csv
102788601,manifest,duplicate_episode_id,deduplicate_keep_latest_create_time,True,/home/nk/Projects/data-mining/Chapter_4/Bai_3/output/manifest_snapshots/manifest_2026-08-29.csv
102505140,manifest,duplicate_episode_id,deduplicate_keep_latest_create_time,True,/home/nk/Projects/data-mining/Chapter_4/Bai_3/output/manifest_snapshots/manifest_2026-08-29.csv
102563171,manifest,duplicate_episode_id,deduplicate_keep_latest_create_time,True,/home/nk/Projects/data-mining/Chapter_4/Bai_3/output/manifest_snapshots/manifest_2026-08-29.csv
102505146,manifest,duplicate_episode_id,deduplicate_keep_latest_create_time,True,/home/nk/Projects/data-mining/Chapter_4/Bai_3/output/manifest_snapshots/manifest_2026-08-29.csv
102748471,manifest,duplicate_episode_id,deduplicate_keep_latest_create_time,True,/home/nk/Projects/data-mining/Chapter_4/Bai_3/output/manifest_snapshots/manifest_2026-08-29.csv
102630220,manifest,duplicate_episode_id,deduplicate_keep_latest_create_time,True,/home/nk/Projects/data-mining/Chapter_4/Bai_3/output/manifest_snapshots/manifest_2026-08-29.csv
102563172,manifest,duplicate_episode_id,deduplicate_keep_latest_create_time,True,/home/nk/Projects/data-mining/Chapter_4/Bai_3/output/manifest_snapshots/manifest_2026-08-29.csv
102694950,manifest,duplicate_episode_id,deduplicate_keep_latest_create_time,True,/home/nk/Projects/data-mining/Chapter_4/Bai_3/output/manifest_snapshots/manifest_2026-08-29.csv
102083031,manifest,duplicate_episode_id,deduplicate_keep_latest_create_time,True,/home/nk/Projects/data-mining/Chapter_4/Bai_3/output/manifest_snapshots/manifest_2026-08-29.csv
102397878,manifest,duplicate_episode_id,deduplicate_keep_latest_create_time,True,/home/nk/Projects/data-mining/Chapter_4/Bai_3/output/manifest_snapshots/manifest_2026-08-29.csv
102091987,manifest,duplicate_episode_id,deduplicate_keep_latest_create_time,True,/home/nk/Projects/data-mining/Chapter_4/Bai_3/output/manifest_snapshots/manifest_2026-08-29.csv
102089752,manifest,duplicate_episode_id,deduplicate_keep_latest_create_time,True,/home/nk/Projects/data-mining/Chapter_4/Bai_3/output/manifest_snapshots/manifest_2026-08-29.csv
102346581,manifest,duplicate_episode_id,deduplicate_keep_latest_create_time,True,/home/nk/Projects/data-mining/Chapter_4/Bai_3/output/manifest_snapshots/manifest_2026-08-29.csv
102076339,manifest,duplicate_episode_id,deduplicate_keep_latest_create_time,True,/home/nk/Projects/data-mining/Chapter_4/Bai_3/output/manifest_snapshots/manifest_2026-08-29.csv
102297457,manifest,duplicate_episode_id,deduplicate_keep_latest_create_time,True,/home/nk/Projects/data-mining/Chapter_4/Bai_3/output/manifest_snapshots/manifest_2026-08-29.csv
102201447,manifest,duplicate_episode_id,deduplicate_keep_latest_create_time,True,/home/nk/Projects/data-mining/Chapter_4/Bai_3/output/manifest_snapshots/manifest_2026-08-29.csv
102201446,manifest,duplicate_episode_id,deduplicate_keep_latest_create_time,True,/home/nk/Projects/data-mining/Chapter_4/Bai_3/output/manifest_snapshots/manifest_2026-08-29.csv
102248387,manifest,duplicate_episode_id,deduplicate_keep_latest_create_time,True,/home/nk/Projects/data-mining/Chapter_4/Bai_3/output/manifest_snapshots/manifest_2026-08-29.csv
102161315,manifest,duplicate_episode_id,deduplicate_keep_latest_create_time,True,/home/nk/Projects/data-mining/Chapter_4/Bai_3/output/manifest_snapshots/manifest_2026-08-29.csv
102100943,manifest,duplicate_episode_id,deduplicate_keep_latest_create_time,True,/home/nk/Projects/data-mining/Chapter_4/Bai_3/output/manifest_snapshots/manifest_2026-08-29.csv
102103185,manifest,duplicate_episode_id,deduplicate_keep_latest_create_time,True,/home/nk/Projects/data-mining/Chapter_4/Bai_3/output/manifest_snapshots/manifest_2026-08-29.csv
102105487,manifest,duplicate_episode_id,deduplicate_keep_latest_create_time,True,/home/nk/Projects/data-mining/Chapter_4/Bai_3/output/manifest_snapshots/manifest_2026-08-29.csv
102125565,manifest,duplicate_episode_id,deduplicate_keep_latest_create_time,True,/home/nk/Projects/data-mining/Chapter_4/Bai_3/output/manifest_snapshots/manifest_2026-08-29.csv
102069628,manifest,duplicate_episode_id,deduplicate_keep_latest_create_time,True,/home/nk/Projects/data-mining/Chapter_4/Bai_3/output/manifest_snapshots/manifest_2026-08-29.csv
102449276,manifest,duplicate_episode_id,deduplicate_keep_latest_create_time,True,/home/nk/Projects/data-mining/Chapter_4/Bai_3/output/manifest_snapshots/manifest_2026-08-29.csv
102080807,manifest,duplicate_episode_id,deduplicate_keep_latest_create_time,True,/home/nk/Projects/data-mining/Chapter_4/Bai_3/output/manifest_snapshots/manifest_2026-08-29.csv
102297456,manifest,duplicate_episode_id,deduplicate_keep_latest_create_time,True,/home/nk/Projects/data-mining/Chapter_4/Bai_3/output/manifest_snapshots/manifest_2026-08-29.csv
102078571,manifest,duplicate_episode_id,deduplicate_keep_latest_create_time,True,/home/nk/Projects/data-mining/Chapter_4/Bai_3/output/manifest_snapshots/manifest_2026-08-29.csv
102819709,manifest,duplicate_episode_id,deduplicate_keep_latest_create_time,True,/home/nk/Projects/data-mining/Chapter_4/Bai_3/output/manifest_snapshots/manifest_2026-08-29.csv
102098706,manifest,duplicate_episode_id,deduplicate_keep_latest_create_time,True,/home/nk/Projects/data-mining/Chapter_4/Bai_3/output/manifest_snapshots/manifest_2026-08-29.csv
102087512,manifest,duplicate_episode_id,deduplicate_keep_latest_create_time,True,/home/nk/Projects/data-mining/Chapter_4/Bai_3/output/manifest_snapshots/manifest_2026-08-29.csv
102085269,manifest,duplicate_episode_id,deduplicate_keep_latest_create_time,True,/home/nk/Projects/data-mining/Chapter_4/Bai_3/output/manifest_snapshots/manifest_2026-08-29.csv
102094229,manifest,duplicate_episode_id,deduplicate_keep_latest_create_time,True,/home/nk/Projects/data-mining/Chapter_4/Bai_3/output/manifest_snapshots/manifest_2026-08-29.csv
102074098,manifest,duplicate_episode_id,deduplicate_keep_latest_create_time,True,/home/nk/Projects/data-mining/Chapter_4/Bai_3/output/manifest_snapshots/manifest_2026-08-29.csv
102071863,manifest,duplicate_episode_id,deduplicate_keep_latest_create_time,True,/home/nk/Projects/data-mining/Chapter_4/Bai_3/output/manifest_snapshots/manifest_2026-08-29.csv
102397877,manifest,duplicate_episode_id,deduplicate_keep_latest_create_time,True,/home/nk/Projects/data-mining/Chapter_4/Bai_3/output/manifest_snapshots/manifest_2026-08-29.csv
102096467,manifest,duplicate_episode_id,deduplicate_keep_latest_create_time,True,/home/nk/Projects/data-mining/Chapter_4/Bai_3/output/manifest_snapshots/manifest_2026-08-29.csv
102449287,manifest,duplicate_episode_id,deduplicate_keep_latest_create_time,True,/home/nk/Projects/data-mining/Chapter_4/Bai_3/output/manifest_snapshots/manifest_2026-08-29.csv
102248386,manifest,duplicate_episode_id,deduplicate_keep_latest_create_time,True,/home/nk/Projects/data-mining/Chapter_4/Bai_3/output/manifest_snapshots/manifest_2026-08-29.csv
102346579,manifest,duplicate_episode_id,deduplicate_keep_latest_create_time,True,/home/nk/Projects/data-mining/Chapter_4/Bai_3/output/manifest_snapshots/manifest_2026-08-29.csv
102150079,manifest,duplicate_episode_id,deduplicate_keep_latest_create_time,True,/home/nk/Projects/data-mining/Chapter_4/Bai_3/output/manifest_snapshots/manifest_2026-08-29.csv
102065135,manifest,duplicate_episode_id,deduplicate_keep_latest_create_time,True,/home/nk/Projects/data-mining/Chapter_4/Bai_3/output/manifest_snapshots/manifest_2026-08-29.csv
102062874,manifest,duplicate_episode_id,deduplicate_keep_latest_create_time,True,/home/nk/Projects/data-mining/Chapter_4/Bai_3/output/manifest_snapshots/manifest_2026-08-29.csv
102067390,manifest,duplicate_episode_id,deduplicate_keep_latest_create_time,True,/home/nk/Projects/data-mining/Chapter_4/Bai_3/output/manifest_snapshots/manifest_2026-08-29.csv
102844281,manifest,duplicate_episode_id,deduplicate_keep_latest_create_time,True,/home/nk/Projects/data-mining/Chapter_4/Bai_3/output/manifest_snapshots/manifest_2026-08-29.csv
102592229,manifest,duplicate_episode_id,deduplicate_keep_latest_create_time,True,/home/nk/Projects/data-mining/Chapter_4/Bai_3/output/manifest_snapshots/manifest_2026-08-29.csv
102661454,manifest,duplicate_episode_id,deduplicate_keep_latest_create_time,True,/home/nk/Projects/data-mining/Chapter_4/Bai_3/output/manifest_snapshots/manifest_2026-08-29.csv
102786270,manifest,duplicate_episode_id,deduplicate_keep_latest_create_time,True,/home/nk/Projects/data-mining/Chapter_4/Bai_3/output/manifest_snapshots/manifest_2026-08-29.csv
102141061,manifest,duplicate_episode_id,deduplicate_keep_latest_create_time,True,/home/nk/Projects/data-mining/Chapter_4/Bai_3/output/manifest_snapshots/manifest_2026-08-29.csv
102165685,manifest,duplicate_episode_id,deduplicate_keep_latest_create_time,True,/home/nk/Projects/data-mining/Chapter_4/Bai_3/output/manifest_snapshots/manifest_2026-08-29.csv
102226065,manifest,duplicate_episode_id,deduplicate_keep_latest_create_time,True,/home/nk/Projects/data-mining/Chapter_4/Bai_3/output/manifest_snapshots/manifest_2026-08-29.csv
102192503,manifest,duplicate_episode_id,deduplicate_keep_latest_create_time,True,/home/nk/Projects/data-mining/Chapter_4/Bai_3/output/manifest_snapshots/manifest_2026-08-29.csv
102288474,manifest,duplicate_episode_id,deduplicate_keep_latest_create_time,True,/home/nk/Projects/data-mining/Chapter_4/Bai_3/output/manifest_snapshots/manifest_2026-08-29.csv
102337644,manifest,duplicate_episode_id,deduplicate_keep_latest_create_time,True,/home/nk/Projects/data-mining/Chapter_4/Bai_3/output/manifest_snapshots/manifest_2026-08-29.csv
102386801,manifest,duplicate_episode_id,deduplicate_keep_latest_create_time,True,/home/nk/Projects/data-mining/Chapter_4/Bai_3/output/manifest_snapshots/manifest_2026-08-29.csv
102237246,manifest,duplicate_episode_id,deduplicate_keep_latest_create_time,True,/home/nk/Projects/data-mining/Chapter_4/Bai_3/output/manifest_snapshots/manifest_2026-08-29.csv
102576520,manifest,duplicate_episode_id,deduplicate_keep_latest_create_time,True,/home/nk/Projects/data-mining/Chapter_4/Bai_3/output/manifest_snapshots/manifest_2026-08-29.csv
102578775,manifest,duplicate_episode_id,deduplicate_keep_latest_create_time,True,/home/nk/Projects/data-mining/Chapter_4/Bai_3/output/manifest_snapshots/manifest_2026-08-29.csv
102337643,manifest,duplicate_episode_id,deduplicate_keep_latest_create_time,True,/home/nk/Projects/data-mining/Chapter_4/Bai_3/output/manifest_snapshots/manifest_2026-08-29.csv
102386803,manifest,duplicate_episode_id,deduplicate_keep_latest_create_time,True,/home/nk/Projects/data-mining/Chapter_4/Bai_3/output/manifest_snapshots/manifest_2026-08-29.csv
102583251,manifest,duplicate_episode_id,deduplicate_keep_latest_create_time,True,/home/nk/Projects/data-mining/Chapter_4/Bai_3/output/manifest_snapshots/manifest_2026-08-29.csv
102288473,manifest,duplicate_episode_id,deduplicate_keep_latest_create_time,True,/home/nk/Projects/data-mining/Chapter_4/Bai_3/output/manifest_snapshots/manifest_2026-08-29.csv
102724002,manifest,duplicate_episode_id,deduplicate_keep_latest_create_time,True,/home/nk/Projects/data-mining/Chapter_4/Bai_3/output/manifest_snapshots/manifest_2026-08-29.csv
102567547,manifest,duplicate_episode_id,deduplicate_keep_latest_create_time,True,/home/nk/Projects/data-mining/Chapter_4/Bai_3/output/manifest_snapshots/manifest_2026-08-29.csv
102569808,manifest,duplicate_episode_id,deduplicate_keep_latest_create_time,True,/home/nk/Projects/data-mining/Chapter_4/Bai_3/output/manifest_snapshots/manifest_2026-08-29.csv
102152262,manifest,duplicate_episode_id,deduplicate_keep_latest_create_time,True,/home/nk/Projects/data-mining/Chapter_4/Bai_3/output/manifest_snapshots/manifest_2026-08-29.csv
102138834,manifest,duplicate_episode_id,deduplicate_keep_latest_create_time,True,/home/nk/Projects/data-mining/Chapter_4/Bai_3/output/manifest_snapshots/manifest_2026-08-29.csv
102589974,manifest,duplicate_episode_id,deduplicate_keep_latest_create_time,True,/home/nk/Projects/data-mining/Chapter_4/Bai_3/output/manifest_snapshots/manifest_2026-08-29.csv
102587748,manifest,duplicate_episode_id,deduplicate_keep_latest_create_time,True,/home/nk/Projects/data-mining/Chapter_4/Bai_3/output/manifest_snapshots/manifest_2026-08-29.csv
102699430,manifest,duplicate_episode_id,deduplicate_keep_latest_create_time,True,/home/nk/Projects/data-mining/Chapter_4/Bai_3/output/manifest_snapshots/manifest_2026-08-29.csv
102645860,manifest,duplicate_episode_id,deduplicate_keep_latest_create_time,True,/home/nk/Projects/data-mining/Chapter_4/Bai_3/output/manifest_snapshots/manifest_2026-08-29.csv
102848668,manifest,duplicate_episode_id,deduplicate_keep_latest_create_time,True,/home/nk/Projects/data-mining/Chapter_4/Bai_3/output/manifest_snapshots/manifest_2026-08-29.csv
102864378,manifest,duplicate_episode_id,deduplicate_keep_latest_create_time,True,/home/nk/Projects/data-mining/Chapter_4/Bai_3/output/manifest_snapshots/manifest_2026-08-29.csv
102449280,manifest,duplicate_episode_id,deduplicate_keep_latest_create_time,True,/home/nk/Projects/data-mining/Chapter_4/Bai_3/output/manifest_snapshots/manifest_2026-08-29.csv
102757361,manifest,duplicate_episode_id,deduplicate_keep_latest_create_time,True,/home/nk/Projects/data-mining/Chapter_4/Bai_3/output/manifest_snapshots/manifest_2026-08-29.csv
102127848,manifest,duplicate_episode_id,deduplicate_keep_latest_create_time,True,/home/nk/Projects/data-mining/Chapter_4/Bai_3/output/manifest_snapshots/manifest_2026-08-29.csv
102565304,manifest,duplicate_episode_id,deduplicate_keep_latest_create_time,True,/home/nk/Projects/data-mining/Chapter_4/Bai_3/output/manifest_snapshots/manifest_2026-08-29.csv
102730697,manifest,duplicate_episode_id,deduplicate_keep_latest_create_time,True,/home/nk/Projects/data-mining/Chapter_4/Bai_3/output/manifest_snapshots/manifest_2026-08-29.csv
102547398,manifest,duplicate_episode_id,deduplicate_keep_latest_create_time,True,/home/nk/Projects/data-mining/Chapter_4/Bai_3/output/manifest_snapshots/manifest_2026-08-29.csv
102563063,manifest,duplicate_episode_id,deduplicate_keep_latest_create_time,True,/home/nk/Projects/data-mining/Chapter_4/Bai_3/output/manifest_snapshots/manifest_2026-08-29.csv
102581007,manifest,duplicate_episode_id,deduplicate_keep_latest_create_time,True,/home/nk/Projects/data-mining/Chapter_4/Bai_3/output/manifest_snapshots/manifest_2026-08-29.csv
102554117,manifest,duplicate_episode_id,deduplicate_keep_latest_create_time,True,/home/nk/Projects/data-mining/Chapter_4/Bai_3/output/manifest_snapshots/manifest_2026-08-29.csv
102114263,manifest,duplicate_episode_id,deduplicate_keep_latest_create_time,True,/home/nk/Projects/data-mining/Chapter_4/Bai_3/output/manifest_snapshots/manifest_2026-08-29.csv
102585501,manifest,duplicate_episode_id,deduplicate_keep_latest_create_time,True,/home/nk/Projects/data-mining/Chapter_4/Bai_3/output/manifest_snapshots/manifest_2026-08-29.csv
102835347,manifest,duplicate_episode_id,deduplicate_keep_latest_create_time,True,/home/nk/Projects/data-mining/Chapter_4/Bai_3/output/manifest_snapshots/manifest_2026-08-29.csv
102808633,manifest,duplicate_episode_id,deduplicate_keep_latest_create_time,True,/home/nk/Projects/data-mining/Chapter_4/Bai_3/output/manifest_snapshots/manifest_2026-08-29.csv
102665877,manifest,duplicate_episode_id,deduplicate_keep_latest_create_time,True,/home/nk/Projects/data-mining/Chapter_4/Bai_3/output/manifest_snapshots/manifest_2026-08-29.csv
102801934,manifest,duplicate_episode_id,deduplicate_keep_latest_create_time,True,/home/nk/Projects/data-mining/Chapter_4/Bai_3/output/manifest_snapshots/manifest_2026-08-29.csv
102775250,manifest,duplicate_episode_id,deduplicate_keep_latest_create_time,True,/home/nk/Projects/data-mining/Chapter_4/Bai_3/output/manifest_snapshots/manifest_2026-08-29.csv
102545173,manifest,duplicate_episode_id,deduplicate_keep_latest_create_time,True,/home/nk/Projects/data-mining/Chapter_4/Bai_3/output/manifest_snapshots/manifest_2026-08-29.csv
102167933,manifest,duplicate_episode_id,deduplicate_keep_latest_create_time,True,/home/nk/Projects/data-mining/Chapter_4/Bai_3/output/manifest_snapshots/manifest_2026-08-29.csv
102556360,manifest,duplicate_episode_id,deduplicate_keep_latest_create_time,True,/home/nk/Projects/data-mining/Chapter_4/Bai_3/output/manifest_snapshots/manifest_2026-08-29.csv
102743881,manifest,duplicate_episode_id,deduplicate_keep_latest_create_time,True,/home/nk/Projects/data-mining/Chapter_4/Bai_3/output/manifest_snapshots/manifest_2026-08-29.csv
102652522,manifest,duplicate_episode_id,deduplicate_keep_latest_create_time,True,/home/nk/Projects/data-mining/Chapter_4/Bai_3/output/manifest_snapshots/manifest_2026-08-29.csv
102192548,manifest,duplicate_episode_id,deduplicate_keep_latest_create_time,True,/home/nk/Projects/data-mining/Chapter_4/Bai_3/output/manifest_snapshots/manifest_2026-08-29.csv
102551911,manifest,duplicate_episode_id,deduplicate_keep_latest_create_time,True,/home/nk/Projects/data-mining/Chapter_4/Bai_3/output/manifest_snapshots/manifest_2026-08-29.csv
102134373,manifest,duplicate_episode_id,deduplicate_keep_latest_create_time,True,/home/nk/Projects/data-mining/Chapter_4/Bai_3/output/manifest_snapshots/manifest_2026-08-29.csv
102426925,manifest,duplicate_episode_id,deduplicate_keep_latest_create_time,True,/home/nk/Projects/data-mining/Chapter_4/Bai_3/output/manifest_snapshots/manifest_2026-08-29.csv
102505139,manifest,duplicate_episode_id,deduplicate_keep_latest_create_time,True,/home/nk/Projects/data-mining/Chapter_4/Bai_3/output/manifest_snapshots/manifest_2026-08-29.csv
102824223,manifest,duplicate_episode_id,deduplicate_keep_latest_create_time,True,/home/nk/Projects/data-mining/Chapter_4/Bai_3/output/manifest_snapshots/manifest_2026-08-29.csv
102542924,manifest,duplicate_episode_id,deduplicate_keep_latest_create_time,True,/home/nk/Projects/data-mining/Chapter_4/Bai_3/output/manifest_snapshots/manifest_2026-08-29.csv
102121175,manifest,duplicate_episode_id,deduplicate_keep_latest_create_time,True,/home/nk/Projects/data-mining/Chapter_4/Bai_3/output/manifest_snapshots/manifest_2026-08-29.csv
102728398,manifest,duplicate_episode_id,deduplicate_keep_latest_create_time,True,/home/nk/Projects/data-mining/Chapter_4/Bai_3/output/manifest_snapshots/manifest_2026-08-29.csv
102120962,manifest,duplicate_episode_id,deduplicate_keep_latest_create_time,True,/home/nk/Projects/data-mining/Chapter_4/Bai_3/output/manifest_snapshots/manifest_2026-08-29.csv
102498438,manifest,duplicate_episode_id,deduplicate_keep_latest_create_time,True,/home/nk/Projects/data-mining/Chapter_4/Bai_3/output/manifest_snapshots/manifest_2026-08-29.csv
102773027,manifest,duplicate_episode_id,deduplicate_keep_latest_create_time,True,/home/nk/Projects/data-mining/Chapter_4/Bai_3/output/manifest_snapshots/manifest_2026-08-29.csv
102795265,manifest,duplicate_episode_id,deduplicate_keep_latest_create_time,True,/home/nk/Projects/data-mining/Chapter_4/Bai_3/output/manifest_snapshots/manifest_2026-08-29.csv
102442578,manifest,duplicate_episode_id,deduplicate_keep_latest_create_time,True,/home/nk/Projects/data-mining/Chapter_4/Bai_3/output/manifest_snapshots/manifest_2026-08-29.csv
102145554,manifest,duplicate_episode_id,deduplicate_keep_latest_create_time,True,/home/nk/Projects/data-mining/Chapter_4/Bai_3/output/manifest_snapshots/manifest_2026-08-29.csv
102143303,manifest,duplicate_episode_id,deduplicate_keep_latest_create_time,True,/home/nk/Projects/data-mining/Chapter_4/Bai_3/output/manifest_snapshots/manifest_2026-08-29.csv
102161236,manifest,duplicate_episode_id,deduplicate_keep_latest_create_time,True,/home/nk/Projects/data-mining/Chapter_4/Bai_3/output/manifest_snapshots/manifest_2026-08-29.csv
102857635,manifest,duplicate_episode_id,deduplicate_keep_latest_create_time,True,/home/nk/Projects/data-mining/Chapter_4/Bai_3/output/manifest_snapshots/manifest_2026-08-29.csv
102708231,manifest,duplicate_episode_id,deduplicate_keep_latest_create_time,True,/home/nk/Projects/data-mining/Chapter_4/Bai_3/output/manifest_snapshots/manifest_2026-08-29.csv
102784142,manifest,duplicate_episode_id,deduplicate_keep_latest_create_time,True,/home/nk/Projects/data-mining/Chapter_4/Bai_3/output/manifest_snapshots/manifest_2026-08-29.csv
102821817,manifest,duplicate_episode_id,deduplicate_keep_latest_create_time,True,/home/nk/Projects/data-mining/Chapter_4/Bai_3/output/manifest_snapshots/manifest_2026-08-29.csv
102170159,manifest,duplicate_episode_id,deduplicate_keep_latest_create_time,True,/home/nk/Projects/data-mining/Chapter_4/Bai_3/output/manifest_snapshots/manifest_2026-08-29.csv
102505144,manifest,duplicate_episode_id,deduplicate_keep_latest_create_time,True,/home/nk/Projects/data-mining/Chapter_4/Bai_3/output/manifest_snapshots/manifest_2026-08-29.csv
102705997,manifest,duplicate_episode_id,deduplicate_keep_latest_create_time,True,/home/nk/Projects/data-mining/Chapter_4/Bai_3/output/manifest_snapshots/manifest_2026-08-29.csv
102817591,manifest,duplicate_episode_id,deduplicate_keep_latest_create_time,True,/home/nk/Projects/data-mining/Chapter_4/Bai_3/output/manifest_snapshots/manifest_2026-08-29.csv
102833169,manifest,duplicate_episode_id,deduplicate_keep_latest_create_time,True,/home/nk/Projects/data-mining/Chapter_4/Bai_3/output/manifest_snapshots/manifest_2026-08-29.csv
102127660,manifest,duplicate_episode_id,deduplicate_keep_latest_create_time,True,/home/nk/Projects/data-mining/Chapter_4/Bai_3/output/manifest_snapshots/manifest_2026-08-29.csv
102612351,manifest,duplicate_episode_id,deduplicate_keep_latest_create_time,True,/home/nk/Projects/data-mining/Chapter_4/Bai_3/output/manifest_snapshots/manifest_2026-08-29.csv
102788635,manifest,duplicate_episode_id,deduplicate_keep_latest_create_time,True,/home/nk/Projects/data-mining/Chapter_4/Bai_3/output/manifest_snapshots/manifest_2026-08-29.csv
102147795,manifest,duplicate_episode_id,deduplicate_keep_latest_create_time,True,/home/nk/Projects/data-mining/Chapter_4/Bai_3/output/manifest_snapshots/manifest_2026-08-29.csv
102132133,manifest,duplicate_episode_id,deduplicate_keep_latest_create_time,True,/home/nk/Projects/data-mining/Chapter_4/Bai_3/output/manifest_snapshots/manifest_2026-08-29.csv
102091898,manifest,duplicate_episode_id,deduplicate_keep_latest_create_time,True,/home/nk/Projects/data-mining/Chapter_4/Bai_3/output/manifest_snapshots/manifest_2026-08-29.csv
102763962,manifest,duplicate_episode_id,deduplicate_keep_latest_create_time,True,/home/nk/Projects/data-mining/Chapter_4/Bai_3/output/manifest_snapshots/manifest_2026-08-29.csv
102129891,manifest,duplicate_episode_id,deduplicate_keep_latest_create_time,True,/home/nk/Projects/data-mining/Chapter_4/Bai_3/output/manifest_snapshots/manifest_2026-08-29.csv
102163446,manifest,duplicate_episode_id,deduplicate_keep_latest_create_time,True,/home/nk/Projects/data-mining/Chapter_4/Bai_3/output/manifest_snapshots/manifest_2026-08-29.csv
102815339,manifest,duplicate_episode_id,deduplicate_keep_latest_create_time,True,/home/nk/Projects/data-mining/Chapter_4/Bai_3/output/manifest_snapshots/manifest_2026-08-29.csv
102391265,manifest,duplicate_episode_id,deduplicate_keep_latest_create_time,True,/home/nk/Projects/data-mining/Chapter_4/Bai_3/output/manifest_snapshots/manifest_2026-08-29.csv
102862084,manifest,duplicate_episode_id,deduplicate_keep_latest_create_time,True,/home/nk/Projects/data-mining/Chapter_4/Bai_3/output/manifest_snapshots/manifest_2026-08-29.csv
102266227,manifest,duplicate_episode_id,deduplicate_keep_latest_create_time,True,/home/nk/Projects/data-mining/Chapter_4/Bai_3/output/manifest_snapshots/manifest_2026-08-29.csv
102118731,manifest,duplicate_episode_id,deduplicate_keep_latest_create_time,True,/home/nk/Projects/data-mining/Chapter_4/Bai_3/output/manifest_snapshots/manifest_2026-08-29.csv
102837611,manifest,duplicate_episode_id,deduplicate_keep_latest_create_time,True,/home/nk/Projects/data-mining/Chapter_4/Bai_3/output/manifest_snapshots/manifest_2026-08-29.csv
102158975,manifest,duplicate_episode_id,deduplicate_keep_latest_create_time,True,/home/nk/Projects/data-mining/Chapter_4/Bai_3/output/manifest_snapshots/manifest_2026-08-29.csv
102755044,manifest,duplicate_episode_id,deduplicate_keep_latest_create_time,True,/home/nk/Projects/data-mining/Chapter_4/Bai_3/output/manifest_snapshots/manifest_2026-08-29.csv
102154496,manifest,duplicate_episode_id,deduplicate_keep_latest_create_time,True,/home/nk/Projects/data-mining/Chapter_4/Bai_3/output/manifest_snapshots/manifest_2026-08-29.csv
102112026,manifest,duplicate_episode_id,deduplicate_keep_latest_create_time,True,/home/nk/Projects/data-mining/Chapter_4/Bai_3/output/manifest_snapshots/manifest_2026-08-29.csv
102864190,manifest,duplicate_episode_id,deduplicate_keep_latest_create_time,True,/home/nk/Projects/data-mining/Chapter_4/Bai_3/output/manifest_snapshots/manifest_2026-08-29.csv
102136602,manifest,duplicate_episode_id,deduplicate_keep_latest_create_time,True,/home/nk/Projects/data-mining/Chapter_4/Bai_3/output/manifest_snapshots/manifest_2026-08-29.csv
102746255,manifest,duplicate_episode_id,deduplicate_keep_latest_create_time,True,/home/nk/Projects/data-mining/Chapter_4/Bai_3/output/manifest_snapshots/manifest_2026-08-29.csv
102639129,manifest,duplicate_episode_id,deduplicate_keep_latest_create_time,True,/home/nk/Projects/data-mining/Chapter_4/Bai_3/output/manifest_snapshots/manifest_2026-08-29.csv
102703830,manifest,duplicate_episode_id,deduplicate_keep_latest_create_time,True,/home/nk/Projects/data-mining/Chapter_4/Bai_3/output/manifest_snapshots/manifest_2026-08-29.csv
102861956,manifest,duplicate_episode_id,deduplicate_keep_latest_create_time,True,/home/nk/Projects/data-mining/Chapter_4/Bai_3/output/manifest_snapshots/manifest_2026-08-29.csv
102109791,manifest,duplicate_episode_id,deduplicate_keep_latest_create_time,True,/home/nk/Projects/data-mining/Chapter_4/Bai_3/output/manifest_snapshots/manifest_2026-08-29.csv
102558593,manifest,duplicate_episode_id,deduplicate_keep_latest_create_time,True,/home/nk/Projects/data-mining/Chapter_4/Bai_3/output/manifest_snapshots/manifest_2026-08-29.csv
102857499,manifest,duplicate_episode_id,deduplicate_keep_latest_create_time,True,/home/nk/Projects/data-mining/Chapter_4/Bai_3/output/manifest_snapshots/manifest_2026-08-29.csv
102116499,manifest,duplicate_episode_id,deduplicate_keep_latest_create_time,True,/home/nk/Projects/data-mining/Chapter_4/Bai_3/output/manifest_snapshots/manifest_2026-08-29.csv
102156730,manifest,duplicate_episode_id,deduplicate_keep_latest_create_time,True,/home/nk/Projects/data-mining/Chapter_4/Bai_3/output/manifest_snapshots/manifest_2026-08-29.csv
102107558,manifest,duplicate_episode_id,deduplicate_keep_latest_create_time,True,/home/nk/Projects/data-mining/Chapter_4/Bai_3/output/manifest_snapshots/manifest_2026-08-29.csv
102123196,manifest,duplicate_episode_id,deduplicate_keep_latest_create_time,True,/home/nk/Projects/data-mining/Chapter_4/Bai_3/output/manifest_snapshots/manifest_2026-08-29.csv
102772992,manifest,duplicate_episode_id,deduplicate_keep_latest_create_time,True,/home/nk/Projects/data-mining/Chapter_4/Bai_3/output/manifest_snapshots/manifest_2026-08-29.csv
102841883,manifest,duplicate_episode_id,deduplicate_keep_latest_create_time,True,/home/nk/Projects/data-mining/Chapter_4/Bai_3/output/manifest_snapshots/manifest_2026-08-29.csv
102654680,manifest,duplicate_episode_id,deduplicate_keep_latest_create_time,True,/home/nk/Projects/data-mining/Chapter_4/Bai_3/output/manifest_snapshots/manifest_2026-08-29.csv
102717157,manifest,duplicate_episode_id,deduplicate_keep_latest_create_time,True,/home/nk/Projects/data-mining/Chapter_4/Bai_3/output/manifest_snapshots/manifest_2026-08-29.csv
102092108,manifest,duplicate_episode_id,deduplicate_keep_latest_create_time,True,/home/nk/Projects/data-mining/Chapter_4/Bai_3/output/manifest_snapshots/manifest_2026-08-29.csv
102560828,manifest,duplicate_episode_id,deduplicate_keep_latest_create_time,True,/home/nk/Projects/data-mining/Chapter_4/Bai_3/output/manifest_snapshots/manifest_2026-08-29.csv
102844112,manifest,duplicate_episode_id,deduplicate_keep_latest_create_time,True,/home/nk/Projects/data-mining/Chapter_4/Bai_3/output/manifest_snapshots/manifest_2026-08-29.csv
102708158,manifest,duplicate_episode_id,deduplicate_keep_latest_create_time,True,/home/nk/Projects/data-mining/Chapter_4/Bai_3/output/manifest_snapshots/manifest_2026-08-29.csv
102650212,manifest,duplicate_episode_id,deduplicate_keep_latest_create_time,True,/home/nk/Projects/data-mining/Chapter_4/Bai_3/output/manifest_snapshots/manifest_2026-08-29.csv
102659164,manifest,duplicate_episode_id,deduplicate_keep_latest_create_time,True,/home/nk/Projects/data-mining/Chapter_4/Bai_3/output/manifest_snapshots/manifest_2026-08-29.csv
102757368,manifest,duplicate_episode_id,deduplicate_keep_latest_create_time,True,/home/nk/Projects/data-mining/Chapter_4/Bai_3/output/manifest_snapshots/manifest_2026-08-29.csv
102096385,manifest,duplicate_episode_id,deduplicate_keep_latest_create_time,True,/home/nk/Projects/data-mining/Chapter_4/Bai_3/output/manifest_snapshots/manifest_2026-08-29.csv
102065292,manifest,duplicate_episode_id,deduplicate_keep_latest_create_time,True,/home/nk/Projects/data-mining/Chapter_4/Bai_3/output/manifest_snapshots/manifest_2026-08-29.csv
102100863,manifest,duplicate_episode_id,deduplicate_keep_latest_create_time,True,/home/nk/Projects/data-mining/Chapter_4/Bai_3/output/manifest_snapshots/manifest_2026-08-29.csv
102645751,manifest,duplicate_episode_id,deduplicate_keep_latest_create_time,True,/home/nk/Projects/data-mining/Chapter_4/Bai_3/output/manifest_snapshots/manifest_2026-08-29.csv
102714940,manifest,duplicate_episode_id,deduplicate_keep_latest_create_time,True,/home/nk/Projects/data-mining/Chapter_4/Bai_3/output/manifest_snapshots/manifest_2026-08-29.csv
102759575,manifest,duplicate_episode_id,deduplicate_keep_latest_create_time,True,/home/nk/Projects/data-mining/Chapter_4/Bai_3/output/manifest_snapshots/manifest_2026-08-29.csv
102574290,manifest,duplicate_episode_id,deduplicate_keep_latest_create_time,True,/home/nk/Projects/data-mining/Chapter_4/Bai_3/output/manifest_snapshots/manifest_2026-08-29.csv
102083124,manifest,duplicate_episode_id,deduplicate_keep_latest_create_time,True,/home/nk/Projects/data-mining/Chapter_4/Bai_3/output/manifest_snapshots/manifest_2026-08-29.csv
102663642,manifest,duplicate_episode_id,deduplicate_keep_latest_create_time,True,/home/nk/Projects/data-mining/Chapter_4/Bai_3/output/manifest_snapshots/manifest_2026-08-29.csv
102806428,manifest,duplicate_episode_id,deduplicate_keep_latest_create_time,True,/home/nk/Projects/data-mining/Chapter_4/Bai_3/output/manifest_snapshots/manifest_2026-08-29.csv
102719410,manifest,duplicate_episode_id,deduplicate_keep_latest_create_time,True,/home/nk/Projects/data-mining/Chapter_4/Bai_3/output/manifest_snapshots/manifest_2026-08-29.csv
102083125,manifest,duplicate_episode_id,deduplicate_keep_latest_create_time,True,/home/nk/Projects/data-mining/Chapter_4/Bai_3/output/manifest_snapshots/manifest_2026-08-29.csv
102636801,manifest,duplicate_episode_id,deduplicate_keep_latest_create_time,True,/home/nk/Projects/data-mining/Chapter_4/Bai_3/output/manifest_snapshots/manifest_2026-08-29.csv
102772965,manifest,duplicate_episode_id,deduplicate_keep_latest_create_time,True,/home/nk/Projects/data-mining/Chapter_4/Bai_3/output/manifest_snapshots/manifest_2026-08-29.csv
102279571,manifest,duplicate_episode_id,deduplicate_keep_latest_create_time,True,/home/nk/Projects/data-mining/Chapter_4/Bai_3/output/manifest_snapshots/manifest_2026-08-29.csv
102572045,manifest,duplicate_episode_id,deduplicate_keep_latest_create_time,True,/home/nk/Projects/data-mining/Chapter_4/Bai_3/output/manifest_snapshots/manifest_2026-08-29.csv
102248383,manifest,duplicate_episode_id,deduplicate_keep_latest_create_time,True,/home/nk/Projects/data-mining/Chapter_4/Bai_3/output/manifest_snapshots/manifest_2026-08-29.csv
102536407,manifest,duplicate_episode_id,deduplicate_keep_latest_create_time,True,/home/nk/Projects/data-mining/Chapter_4/Bai_3/output/manifest_snapshots/manifest_2026-08-29.csv
102710467,manifest,duplicate_episode_id,deduplicate_keep_latest_create_time,True,/home/nk/Projects/data-mining/Chapter_4/Bai_3/output/manifest_snapshots/manifest_2026-08-29.csv
102746112,manifest,duplicate_episode_id,deduplicate_keep_latest_create_time,True,/home/nk/Projects/data-mining/Chapter_4/Bai_3/output/manifest_snapshots/manifest_2026-08-29.csv
102817484,manifest,duplicate_episode_id,deduplicate_keep_latest_create_time,True,/home/nk/Projects/data-mining/Chapter_4/Bai_3/output/manifest_snapshots/manifest_2026-08-29.csv
102375638,manifest,duplicate_episode_id,deduplicate_keep_latest_create_time,True,/home/nk/Projects/data-mining/Chapter_4/Bai_3/output/manifest_snapshots/manifest_2026-08-29.csv
102426928,manifest,duplicate_episode_id,deduplicate_keep_latest_create_time,True,/home/nk/Projects/data-mining/Chapter_4/Bai_3/output/manifest_snapshots/manifest_2026-08-29.csv
102630182,manifest,duplicate_episode_id,deduplicate_keep_latest_create_time,True,/home/nk/Projects/data-mining/Chapter_4/Bai_3/output/manifest_snapshots/manifest_2026-08-29.csv
102098619,manifest,duplicate_episode_id,deduplicate_keep_latest_create_time,True,/home/nk/Projects/data-mining/Chapter_4/Bai_3/output/manifest_snapshots/manifest_2026-08-29.csv
102228276,manifest,duplicate_episode_id,deduplicate_keep_latest_create_time,True,/home/nk/Projects/data-mining/Chapter_4/Bai_3/output/manifest_snapshots/manifest_2026-08-29.csv
102342115,manifest,duplicate_episode_id,deduplicate_keep_latest_create_time,True,/home/nk/Projects/data-mining/Chapter_4/Bai_3/output/manifest_snapshots/manifest_2026-08-29.csv
102076547,manifest,duplicate_episode_id,deduplicate_keep_latest_create_time,True,/home/nk/Projects/data-mining/Chapter_4/Bai_3/output/manifest_snapshots/manifest_2026-08-29.csv
102656923,manifest,duplicate_episode_id,deduplicate_keep_latest_create_time,True,/home/nk/Projects/data-mining/Chapter_4/Bai_3/output/manifest_snapshots/manifest_2026-08-29.csv
102839880,manifest,duplicate_episode_id,deduplicate_keep_latest_create_time,True,/home/nk/Projects/data-mining/Chapter_4/Bai_3/output/manifest_snapshots/manifest_2026-08-29.csv
102739439,manifest,duplicate_episode_id,deduplicate_keep_latest_create_time,True,/home/nk/Projects/data-mining/Chapter_4/Bai_3/output/manifest_snapshots/manifest_2026-08-29.csv
102712705,manifest,duplicate_episode_id,deduplicate_keep_latest_create_time,True,/home/nk/Projects/data-mining/Chapter_4/Bai_3/output/manifest_snapshots/manifest_2026-08-29.csv
102326537,manifest,duplicate_episode_id,deduplicate_keep_latest_create_time,True,/home/nk/Projects/data-mining/Chapter_4/Bai_3/output/manifest_snapshots/manifest_2026-08-29.csv
102210423,manifest,duplicate_episode_id,deduplicate_keep_latest_create_time,True,/home/nk/Projects/data-mining/Chapter_4/Bai_3/output/manifest_snapshots/manifest_2026-08-29.csv
102125420,manifest,duplicate_episode_id,deduplicate_keep_latest_create_time,True,/home/nk/Projects/data-mining/Chapter_4/Bai_3/output/manifest_snapshots/manifest_2026-08-29.csv
102500674,manifest,duplicate_episode_id,deduplicate_keep_latest_create_time,True,/home/nk/Projects/data-mining/Chapter_4/Bai_3/output/manifest_snapshots/manifest_2026-08-29.csv
102752874,manifest,duplicate_episode_id,deduplicate_keep_latest_create_time,True,/home/nk/Projects/data-mining/Chapter_4/Bai_3/output/manifest_snapshots/manifest_2026-08-29.csv
102859728,manifest,duplicate_episode_id,deduplicate_keep_latest_create_time,True,/home/nk/Projects/data-mining/Chapter_4/Bai_3/output/manifest_snapshots/manifest_2026-08-29.csv
102734983,manifest,duplicate_episode_id,deduplicate_keep_latest_create_time,True,/home/nk/Projects/data-mining/Chapter_4/Bai_3/output/manifest_snapshots/manifest_2026-08-29.csv
102703759,manifest,duplicate_episode_id,deduplicate_keep_latest_create_time,True,/home/nk/Projects/data-mining/Chapter_4/Bai_3/output/manifest_snapshots/manifest_2026-08-29.csv
102094145,manifest,duplicate_episode_id,deduplicate_keep_latest_create_time,True,/home/nk/Projects/data-mining/Chapter_4/Bai_3/output/manifest_snapshots/manifest_2026-08-29.csv
102618963,manifest,duplicate_episode_id,deduplicate_keep_latest_create_time,True,/home/nk/Projects/data-mining/Chapter_4/Bai_3/output/manifest_snapshots/manifest_2026-08-29.csv
102761738,manifest,duplicate_episode_id,deduplicate_keep_latest_create_time,True,/home/nk/Projects/data-mining/Chapter_4/Bai_3/output/manifest_snapshots/manifest_2026-08-29.csv
102634641,manifest,duplicate_episode_id,deduplicate_keep_latest_create_time,True,/home/nk/Projects/data-mining/Chapter_4/Bai_3/output/manifest_snapshots/manifest_2026-08-29.csv
102632412,manifest,duplicate_episode_id,deduplicate_keep_latest_create_time,True,/home/nk/Projects/data-mining/Chapter_4/Bai_3/output/manifest_snapshots/manifest_2026-08-29.csv
102806355,manifest,duplicate_episode_id,deduplicate_keep_latest_create_time,True,/home/nk/Projects/data-mining/Chapter_4/Bai_3/output/manifest_snapshots/manifest_2026-08-29.csv
102839652,manifest,duplicate_episode_id,deduplicate_keep_latest_create_time,True,/home/nk/Projects/data-mining/Chapter_4/Bai_3/output/manifest_snapshots/manifest_2026-08-29.csv
102103307,manifest,duplicate_episode_id,deduplicate_keep_latest_create_time,True,/home/nk/Projects/data-mining/Chapter_4/Bai_3/output/manifest_snapshots/manifest_2026-08-29.csv
102647987,manifest,duplicate_episode_id,deduplicate_keep_latest_create_time,True,/home/nk/Projects/data-mining/Chapter_4/Bai_3/output/manifest_snapshots/manifest_2026-08-29.csv
102661404,manifest,duplicate_episode_id,deduplicate_keep_latest_create_time,True,/home/nk/Projects/data-mining/Chapter_4/Bai_3/output/manifest_snapshots/manifest_2026-08-29.csv
102737240,manifest,duplicate_episode_id,deduplicate_keep_latest_create_time,True,/home/nk/Projects/data-mining/Chapter_4/Bai_3/output/manifest_snapshots/manifest_2026-08-29.csv
102540675,manifest,duplicate_episode_id,deduplicate_keep_latest_create_time,True,/home/nk/Projects/data-mining/Chapter_4/Bai_3/output/manifest_snapshots/manifest_2026-08-29.csv
102603273,manifest,duplicate_episode_id,deduplicate_keep_latest_create_time,True,/home/nk/Projects/data-mining/Chapter_4/Bai_3/output/manifest_snapshots/manifest_2026-08-29.csv
102768450,manifest,duplicate_episode_id,deduplicate_keep_latest_create_time,True,/home/nk/Projects/data-mining/Chapter_4/Bai_3/output/manifest_snapshots/manifest_2026-08-29.csv
102143350,manifest,duplicate_episode_id,deduplicate_keep_latest_create_time,True,/home/nk/Projects/data-mining/Chapter_4/Bai_3/output/manifest_snapshots/manifest_2026-08-29.csv
102297452,manifest,duplicate_episode_id,deduplicate_keep_latest_create_time,True,/home/nk/Projects/data-mining/Chapter_4/Bai_3/output/manifest_snapshots/manifest_2026-08-29.csv
102853086,manifest,duplicate_episode_id,deduplicate_keep_latest_create_time,True,/home/nk/Projects/data-mining/Chapter_4/Bai_3/output/manifest_snapshots/manifest_2026-08-29.csv
102668107,manifest,duplicate_episode_id,deduplicate_keep_latest_create_time,True,/home/nk/Projects/data-mining/Chapter_4/Bai_3/output/manifest_snapshots/manifest_2026-08-29.csv
102726198,manifest,duplicate_episode_id,deduplicate_keep_latest_create_time,True,/home/nk/Projects/data-mining/Chapter_4/Bai_3/output/manifest_snapshots/manifest_2026-08-29.csv
102201436,manifest,duplicate_episode_id,deduplicate_keep_latest_create_time,True,/home/nk/Projects/data-mining/Chapter_4/Bai_3/output/manifest_snapshots/manifest_2026-08-29.csv
102810744,manifest,duplicate_episode_id,deduplicate_keep_latest_create_time,True,/home/nk/Projects/data-mining/Chapter_4/Bai_3/output/manifest_snapshots/manifest_2026-08-29.csv
102821961,manifest,duplicate_episode_id,deduplicate_keep_latest_create_time,True,/home/nk/Projects/data-mining/Chapter_4/Bai_3/output/manifest_snapshots/manifest_2026-08-29.csv
102779701,manifest,duplicate_episode_id,deduplicate_keep_latest_create_time,True,/home/nk/Projects/data-mining/Chapter_4/Bai_3/output/manifest_snapshots/manifest_2026-08-29.csv
102832962,manifest,duplicate_episode_id,deduplicate_keep_latest_create_time,True,/home/nk/Projects/data-mining/Chapter_4/Bai_3/output/manifest_snapshots/manifest_2026-08-29.csv
102594329,manifest,duplicate_episode_id,deduplicate_keep_latest_create_time,True,/home/nk/Projects/data-mining/Chapter_4/Bai_3/output/manifest_snapshots/manifest_2026-08-29.csv
102757272,manifest,duplicate_episode_id,deduplicate_keep_latest_create_time,True,/home/nk/Projects/data-mining/Chapter_4/Bai_3/output/manifest_snapshots/manifest_2026-08-29.csv
102533949,manifest,duplicate_episode_id,deduplicate_keep_latest_create_time,True,/home/nk/Projects/data-mining/Chapter_4/Bai_3/output/manifest_snapshots/manifest_2026-08-29.csv
102641270,manifest,duplicate_episode_id,deduplicate_keep_latest_create_time,True,/home/nk/Projects/data-mining/Chapter_4/Bai_3/output/manifest_snapshots/manifest_2026-08-29.csv
102297453,manifest,duplicate_episode_id,deduplicate_keep_latest_create_time,True,/home/nk/Projects/data-mining/Chapter_4/Bai_3/output/manifest_snapshots/manifest_2026-08-29.csv
102701514,manifest,duplicate_episode_id,deduplicate_keep_latest_create_time,True,/home/nk/Projects/data-mining/Chapter_4/Bai_3/output/manifest_snapshots/manifest_2026-08-29.csv
102721638,manifest,duplicate_episode_id,deduplicate_keep_latest_create_time,True,/home/nk/Projects/data-mining/Chapter_4/Bai_3/output/manifest_snapshots/manifest_2026-08-29.csv
102141112,manifest,duplicate_episode_id,deduplicate_keep_latest_create_time,True,/home/nk/Projects/data-mining/Chapter_4/Bai_3/output/manifest_snapshots/manifest_2026-08-29.csv
102607749,manifest,duplicate_episode_id,deduplicate_keep_latest_create_time,True,/home/nk/Projects/data-mining/Chapter_4/Bai_3/output/manifest_snapshots/manifest_2026-08-29.csv
102536198,manifest,duplicate_episode_id,deduplicate_keep_latest_create_time,True,/home/nk/Projects/data-mining/Chapter_4/Bai_3/output/manifest_snapshots/manifest_2026-08-29.csv
102752857,manifest,duplicate_episode_id,deduplicate_keep_latest_create_time,True,/home/nk/Projects/data-mining/Chapter_4/Bai_3/output/manifest_snapshots/manifest_2026-08-29.csv
102179150,manifest,duplicate_episode_id,deduplicate_keep_latest_create_time,True,/home/nk/Projects/data-mining/Chapter_4/Bai_3/output/manifest_snapshots/manifest_2026-08-29.csv
102784102,manifest,duplicate_episode_id,deduplicate_keep_latest_create_time,True,/home/nk/Projects/data-mining/Chapter_4/Bai_3/output/manifest_snapshots/manifest_2026-08-29.csv
102639027,manifest,duplicate_episode_id,deduplicate_keep_latest_create_time,True,/home/nk/Projects/data-mining/Chapter_4/Bai_3/output/manifest_snapshots/manifest_2026-08-29.csv
102103096,manifest,duplicate_episode_id,deduplicate_keep_latest_create_time,True,/home/nk/Projects/data-mining/Chapter_4/Bai_3/output/manifest_snapshots/manifest_2026-08-29.csv
102531712,manifest,duplicate_episode_id,deduplicate_keep_latest_create_time,True,/home/nk/Projects/data-mining/Chapter_4/Bai_3/output/manifest_snapshots/manifest_2026-08-29.csv
102605518,manifest,duplicate_episode_id,deduplicate_keep_latest_create_time,True,/home/nk/Projects/data-mining/Chapter_4/Bai_3/output/manifest_snapshots/manifest_2026-08-29.csv
102444817,manifest,duplicate_episode_id,deduplicate_keep_latest_create_time,True,/home/nk/Projects/data-mining/Chapter_4/Bai_3/output/manifest_snapshots/manifest_2026-08-29.csv
102067613,manifest,duplicate_episode_id,deduplicate_keep_latest_create_time,True,/home/nk/Projects/data-mining/Chapter_4/Bai_3/output/manifest_snapshots/manifest_2026-08-29.csv
102699387,manifest,duplicate_episode_id,deduplicate_keep_latest_create_time,True,/home/nk/Projects/data-mining/Chapter_4/Bai_3/output/manifest_snapshots/manifest_2026-08-29.csv
102549641,manifest,duplicate_episode_id,deduplicate_keep_latest_create_time,True,/home/nk/Projects/data-mining/Chapter_4/Bai_3/output/manifest_snapshots/manifest_2026-08-29.csv
102623371,manifest,duplicate_episode_id,deduplicate_keep_latest_create_time,True,/home/nk/Projects/data-mining/Chapter_4/Bai_3/output/manifest_snapshots/manifest_2026-08-29.csv
102634560,manifest,duplicate_episode_id,deduplicate_keep_latest_create_time,True,/home/nk/Projects/data-mining/Chapter_4/Bai_3/output/manifest_snapshots/manifest_2026-08-29.csv
102835195,manifest,duplicate_episode_id,deduplicate_keep_latest_create_time,True,/home/nk/Projects/data-mining/Chapter_4/Bai_3/output/manifest_snapshots/manifest_2026-08-29.csv
102717309,manifest,duplicate_episode_id,deduplicate_keep_latest_create_time,True,/home/nk/Projects/data-mining/Chapter_4/Bai_3/output/manifest_snapshots/manifest_2026-08-29.csv
102217095,manifest,duplicate_episode_id,deduplicate_keep_latest_create_time,True,/home/nk/Projects/data-mining/Chapter_4/Bai_3/output/manifest_snapshots/manifest_2026-08-29.csv
102741660,manifest,duplicate_episode_id,deduplicate_keep_latest_create_time,True,/home/nk/Projects/data-mining/Chapter_4/Bai_3/output/manifest_snapshots/manifest_2026-08-29.csv
102556518,manifest,duplicate_episode_id,deduplicate_keep_latest_create_time,True,/home/nk/Projects/data-mining/Chapter_4/Bai_3/output/manifest_snapshots/manifest_2026-08-29.csv
102266222,manifest,duplicate_episode_id,deduplicate_keep_latest_create_time,True,/home/nk/Projects/data-mining/Chapter_4/Bai_3/output/manifest_snapshots/manifest_2026-08-29.csv
102717146,manifest,duplicate_episode_id,deduplicate_keep_latest_create_time,True,/home/nk/Projects/data-mining/Chapter_4/Bai_3/output/manifest_snapshots/manifest_2026-08-29.csv
102614467,manifest,duplicate_episode_id,deduplicate_keep_latest_create_time,True,/home/nk/Projects/data-mining/Chapter_4/Bai_3/output/manifest_snapshots/manifest_2026-08-29.csv
102824043,manifest,duplicate_episode_id,deduplicate_keep_latest_create_time,True,/home/nk/Projects/data-mining/Chapter_4/Bai_3/output/manifest_snapshots/manifest_2026-08-29.csv
102712637,manifest,duplicate_episode_id,deduplicate_keep_latest_create_time,True,/home/nk/Projects/data-mining/Chapter_4/Bai_3/output/manifest_snapshots/manifest_2026-08-29.csv
102203688,manifest,duplicate_episode_id,deduplicate_keep_latest_create_time,True,/home/nk/Projects/data-mining/Chapter_4/Bai_3/output/manifest_snapshots/manifest_2026-08-29.csv
102520774,manifest,duplicate_episode_id,deduplicate_keep_latest_create_time,True,/home/nk/Projects/data-mining/Chapter_4/Bai_3/output/manifest_snapshots/manifest_2026-08-29.csv
102781914,manifest,duplicate_episode_id,deduplicate_keep_latest_create_time,True,/home/nk/Projects/data-mining/Chapter_4/Bai_3/output/manifest_snapshots/manifest_2026-08-29.csv
102125611,manifest,duplicate_episode_id,deduplicate_keep_latest_create_time,True,/home/nk/Projects/data-mining/Chapter_4/Bai_3/output/manifest_snapshots/manifest_2026-08-29.csv
102609979,manifest,duplicate_episode_id,deduplicate_keep_latest_create_time,True,/home/nk/Projects/data-mining/Chapter_4/Bai_3/output/manifest_snapshots/manifest_2026-08-29.csv
102266223,manifest,duplicate_episode_id,deduplicate_keep_latest_create_time,True,/home/nk/Projects/data-mining/Chapter_4/Bai_3/output/manifest_snapshots/manifest_2026-08-29.csv
102730501,manifest,duplicate_episode_id,deduplicate_keep_latest_create_time,True,/home/nk/Projects/data-mining/Chapter_4/Bai_3/output/manifest_snapshots/manifest_2026-08-29.csv
102529476,manifest,duplicate_episode_id,deduplicate_keep_latest_create_time,True,/home/nk/Projects/data-mining/Chapter_4/Bai_3/output/manifest_snapshots/manifest_2026-08-29.csv
102855265,manifest,duplicate_episode_id,deduplicate_keep_latest_create_time,True,/home/nk/Projects/data-mining/Chapter_4/Bai_3/output/manifest_snapshots/manifest_2026-08-29.csv
102817346,manifest,duplicate_episode_id,deduplicate_keep_latest_create_time,True,/home/nk/Projects/data-mining/Chapter_4/Bai_3/output/manifest_snapshots/manifest_2026-08-29.csv
102643517,manifest,duplicate_episode_id,deduplicate_keep_latest_create_time,True,/home/nk/Projects/data-mining/Chapter_4/Bai_3/output/manifest_snapshots/manifest_2026-08-29.csv
102556497,manifest,duplicate_episode_id,deduplicate_keep_latest_create_time,True,/home/nk/Projects/data-mining/Chapter_4/Bai_3/output/manifest_snapshots/manifest_2026-08-29.csv
102627851,manifest,duplicate_episode_id,deduplicate_keep_latest_create_time,True,/home/nk/Projects/data-mining/Chapter_4/Bai_3/output/manifest_snapshots/manifest_2026-08-29.csv
102750607,manifest,duplicate_episode_id,deduplicate_keep_latest_create_time,True,/home/nk/Projects/data-mining/Chapter_4/Bai_3/output/manifest_snapshots/manifest_2026-08-29.csv
102659194,manifest,duplicate_episode_id,deduplicate_keep_latest_create_time,True,/home/nk/Projects/data-mining/Chapter_4/Bai_3/output/manifest_snapshots/manifest_2026-08-29.csv
102621196,manifest,duplicate_episode_id,deduplicate_keep_latest_create_time,True,/home/nk/Projects/data-mining/Chapter_4/Bai_3/output/manifest_snapshots/manifest_2026-08-29.csv
102748357,manifest,duplicate_episode_id,deduplicate_keep_latest_create_time,True,/home/nk/Projects/data-mining/Chapter_4/Bai_3/output/manifest_snapshots/manifest_2026-08-29.csv
102850789,manifest,duplicate_episode_id,deduplicate_keep_latest_create_time,True,/home/nk/Projects/data-mining/Chapter_4/Bai_3/output/manifest_snapshots/manifest_2026-08-29.csv
102393491,manifest,duplicate_episode_id,deduplicate_keep_latest_create_time,True,/home/nk/Projects/data-mining/Chapter_4/Bai_3/output/manifest_snapshots/manifest_2026-08-29.csv
102848672,manifest,duplicate_episode_id,deduplicate_keep_latest_create_time,True,/home/nk/Projects/data-mining/Chapter_4/Bai_3/output/manifest_snapshots/manifest_2026-08-29.csv
102589865,manifest,duplicate_episode_id,deduplicate_keep_latest_create_time,True,/home/nk/Projects/data-mining/Chapter_4/Bai_3/output/manifest_snapshots/manifest_2026-08-29.csv
102259500,manifest,duplicate_episode_id,deduplicate_keep_latest_create_time,True,/home/nk/Projects/data-mining/Chapter_4/Bai_3/output/manifest_snapshots/manifest_2026-08-29.csv
102795242,manifest,duplicate_episode_id,deduplicate_keep_latest_create_time,True,/home/nk/Projects/data-mining/Chapter_4/Bai_3/output/manifest_snapshots/manifest_2026-08-29.csv
102538447,manifest,duplicate_episode_id,deduplicate_keep_latest_create_time,True,/home/nk/Projects/data-mining/Chapter_4/Bai_3/output/manifest_snapshots/manifest_2026-08-29.csv
102105333,manifest,duplicate_episode_id,deduplicate_keep_latest_create_time,True,/home/nk/Projects/data-mining/Chapter_4/Bai_3/output/manifest_snapshots/manifest_2026-08-29.csv
102623515,manifest,duplicate_episode_id,deduplicate_keep_latest_create_time,True,/home/nk/Projects/data-mining/Chapter_4/Bai_3/output/manifest_snapshots/manifest_2026-08-29.csv
102623443,manifest,duplicate_episode_id,deduplicate_keep_latest_create_time,True,/home/nk/Projects/data-mining/Chapter_4/Bai_3/output/manifest_snapshots/manifest_2026-08-29.csv
102346578,manifest,duplicate_episode_id,deduplicate_keep_latest_create_time,True,/home/nk/Projects/data-mining/Chapter_4/Bai_3/output/manifest_snapshots/manifest_2026-08-29.csv
102636882,manifest,duplicate_episode_id,deduplicate_keep_latest_create_time,True,/home/nk/Projects/data-mining/Chapter_4/Bai_3/output/manifest_snapshots/manifest_2026-08-29.csv
102759503,manifest,duplicate_episode_id,deduplicate_keep_latest_create_time,True,/home/nk/Projects/data-mining/Chapter_4/Bai_3/output/manifest_snapshots/manifest_2026-08-29.csv
102145702,manifest,duplicate_episode_id,deduplicate_keep_latest_create_time,True,/home/nk/Projects/data-mining/Chapter_4/Bai_3/output/manifest_snapshots/manifest_2026-08-29.csv
102134417,manifest,duplicate_episode_id,deduplicate_keep_latest_create_time,True,/home/nk/Projects/data-mining/Chapter_4/Bai_3/output/manifest_snapshots/manifest_2026-08-29.csv
102766192,manifest,duplicate_episode_id,deduplicate_keep_latest_create_time,True,/home/nk/Projects/data-mining/Chapter_4/Bai_3/output/manifest_snapshots/manifest_2026-08-29.csv
102790860,manifest,duplicate_episode_id,deduplicate_keep_latest_create_time,True,/home/nk/Projects/data-mining/Chapter_4/Bai_3/output/manifest_snapshots/manifest_2026-08-29.csv
102654721,manifest,duplicate_episode_id,deduplicate_keep_latest_create_time,True,/home/nk/Projects/data-mining/Chapter_4/Bai_3/output/manifest_snapshots/manifest_2026-08-29.csv
102719342,manifest,duplicate_episode_id,deduplicate_keep_latest_create_time,True,/home/nk/Projects/data-mining/Chapter_4/Bai_3/output/manifest_snapshots/manifest_2026-08-29.csv
102618875,manifest,duplicate_episode_id,deduplicate_keep_latest_create_time,True,/home/nk/Projects/data-mining/Chapter_4/Bai_3/output/manifest_snapshots/manifest_2026-08-29.csv
102857617,manifest,duplicate_episode_id,deduplicate_keep_latest_create_time,True,/home/nk/Projects/data-mining/Chapter_4/Bai_3/output/manifest_snapshots/manifest_2026-08-29.csv
102598799,manifest,duplicate_episode_id,deduplicate_keep_latest_create_time,True,/home/nk/Projects/data-mining/Chapter_4/Bai_3/output/manifest_snapshots/manifest_2026-08-29.csv
102627934,manifest,duplicate_episode_id,deduplicate_keep_latest_create_time,True,/home/nk/Projects/data-mining/Chapter_4/Bai_3/output/manifest_snapshots/manifest_2026-08-29.csv
102723802,manifest,duplicate_episode_id,deduplicate_keep_latest_create_time,True,/home/nk/Projects/data-mining/Chapter_4/Bai_3/output/manifest_snapshots/manifest_2026-08-29.csv
102828506,manifest,duplicate_episode_id,deduplicate_keep_latest_create_time,True,/home/nk/Projects/data-mining/Chapter_4/Bai_3/output/manifest_snapshots/manifest_2026-08-29.csv
102625691,manifest,duplicate_episode_id,deduplicate_keep_latest_create_time,True,/home/nk/Projects/data-mining/Chapter_4/Bai_3/output/manifest_snapshots/manifest_2026-08-29.csv
102703684,manifest,duplicate_episode_id,deduplicate_keep_latest_create_time,True,/home/nk/Projects/data-mining/Chapter_4/Bai_3/output/manifest_snapshots/manifest_2026-08-29.csv
102848577,manifest,duplicate_episode_id,deduplicate_keep_latest_create_time,True,/home/nk/Projects/data-mining/Chapter_4/Bai_3/output/manifest_snapshots/manifest_2026-08-29.csv
102726057,manifest,duplicate_episode_id,deduplicate_keep_latest_create_time,True,/home/nk/Projects/data-mining/Chapter_4/Bai_3/output/manifest_snapshots/manifest_2026-08-29.csv
102125461,manifest,duplicate_episode_id,deduplicate_keep_latest_create_time,True,/home/nk/Projects/data-mining/Chapter_4/Bai_3/output/manifest_snapshots/manifest_2026-08-29.csv
102728271,manifest,duplicate_episode_id,deduplicate_keep_latest_create_time,True,/home/nk/Projects/data-mining/Chapter_4/Bai_3/output/manifest_snapshots/manifest_2026-08-29.csv
102306309,manifest,duplicate_episode_id,deduplicate_keep_latest_create_time,True,/home/nk/Projects/data-mining/Chapter_4/Bai_3/output/manifest_snapshots/manifest_2026-08-29.csv
102806373,manifest,duplicate_episode_id,deduplicate_keep_latest_create_time,True,/home/nk/Projects/data-mining/Chapter_4/Bai_3/output/manifest_snapshots/manifest_2026-08-29.csv
102815113,manifest,duplicate_episode_id,deduplicate_keep_latest_create_time,True,/home/nk/Projects/data-mining/Chapter_4/Bai_3/output/manifest_snapshots/manifest_2026-08-29.csv
102083134,manifest,duplicate_episode_id,deduplicate_keep_latest_create_time,True,/home/nk/Projects/data-mining/Chapter_4/Bai_3/output/manifest_snapshots/manifest_2026-08-29.csv
102759566,manifest,duplicate_episode_id,deduplicate_keep_latest_create_time,True,/home/nk/Projects/data-mining/Chapter_4/Bai_3/output/manifest_snapshots/manifest_2026-08-29.csv
102632326,manifest,duplicate_episode_id,deduplicate_keep_latest_create_time,True,/home/nk/Projects/data-mining/Chapter_4/Bai_3/output/manifest_snapshots/manifest_2026-08-29.csv
102522770,manifest,duplicate_episode_id,deduplicate_keep_latest_create_time,True,/home/nk/Projects/data-mining/Chapter_4/Bai_3/output/manifest_snapshots/manifest_2026-08-29.csv
102601033,manifest,duplicate_episode_id,deduplicate_keep_latest_create_time,True,/home/nk/Projects/data-mining/Chapter_4/Bai_3/output/manifest_snapshots/manifest_2026-08-29.csv
102326536,manifest,duplicate_episode_id,deduplicate_keep_latest_create_time,True,/home/nk/Projects/data-mining/Chapter_4/Bai_3/output/manifest_snapshots/manifest_2026-08-29.csv
102732732,manifest,duplicate_episode_id,deduplicate_keep_latest_create_time,True,/home/nk/Projects/data-mining/Chapter_4/Bai_3/output/manifest_snapshots/manifest_2026-08-29.csv
102726036,manifest,duplicate_episode_id,deduplicate_keep_latest_create_time,True,/home/nk/Projects/data-mining/Chapter_4/Bai_3/output/manifest_snapshots/manifest_2026-08-29.csv
102132184,manifest,duplicate_episode_id,deduplicate_keep_latest_create_time,True,/home/nk/Projects/data-mining/Chapter_4/Bai_3/output/manifest_snapshots/manifest_2026-08-29.csv
102232763,manifest,duplicate_episode_id,deduplicate_keep_latest_create_time,True,/home/nk/Projects/data-mining/Chapter_4/Bai_3/output/manifest_snapshots/manifest_2026-08-29.csv
102315338,manifest,duplicate_episode_id,deduplicate_keep_latest_create_time,True,/home/nk/Projects/data-mining/Chapter_4/Bai_3/output/manifest_snapshots/manifest_2026-08-29.csv
102292878,manifest,duplicate_episode_id,deduplicate_keep_latest_create_time,True,/home/nk/Projects/data-mining/Chapter_4/Bai_3/output/manifest_snapshots/manifest_2026-08-29.csv
102690299,manifest,duplicate_episode_id,deduplicate_keep_latest_create_time,True,/home/nk/Projects/data-mining/Chapter_4/Bai_3/output/manifest_snapshots/manifest_2026-08-29.csv
102830735,manifest,duplicate_episode_id,deduplicate_keep_latest_create_time,True,/home/nk/Projects/data-mining/Chapter_4/Bai_3/output/manifest_snapshots/manifest_2026-08-29.csv
102694758,manifest,duplicate_episode_id,deduplicate_keep_latest_create_time,True,/home/nk/Projects/data-mining/Chapter_4/Bai_3/output/manifest_snapshots/manifest_2026-08-29.csv
102692586,manifest,duplicate_episode_id,deduplicate_keep_latest_create_time,True,/home/nk/Projects/data-mining/Chapter_4/Bai_3/output/manifest_snapshots/manifest_2026-08-29.csv
102217145,manifest,duplicate_episode_id,deduplicate_keep_latest_create_time,True,/home/nk/Projects/data-mining/Chapter_4/Bai_3/output/manifest_snapshots/manifest_2026-08-29.csv
102705918,manifest,duplicate_episode_id,deduplicate_keep_latest_create_time,True,/home/nk/Projects/data-mining/Chapter_4/Bai_3/output/manifest_snapshots/manifest_2026-08-29.csv
102846339,manifest,duplicate_episode_id,deduplicate_keep_latest_create_time,True,/home/nk/Projects/data-mining/Chapter_4/Bai_3/output/manifest_snapshots/manifest_2026-08-29.csv
102386737,manifest,duplicate_episode_id,deduplicate_keep_latest_create_time,True,/home/nk/Projects/data-mining/Chapter_4/Bai_3/output/manifest_snapshots/manifest_2026-08-29.csv
102743915,manifest,duplicate_episode_id,deduplicate_keep_latest_create_time,True,/home/nk/Projects/data-mining/Chapter_4/Bai_3/output/manifest_snapshots/manifest_2026-08-29.csv
102127706,manifest,duplicate_episode_id,deduplicate_keep_latest_create_time,True,/home/nk/Projects/data-mining/Chapter_4/Bai_3/output/manifest_snapshots/manifest_2026-08-29.csv
102074201,manifest,duplicate_episode_id,deduplicate_keep_latest_create_time,True,/home/nk/Projects/data-mining/Chapter_4/Bai_3/output/manifest_snapshots/manifest_2026-08-29.csv
102721564,manifest,duplicate_episode_id,deduplicate_keep_latest_create_time,True,/home/nk/Projects/data-mining/Chapter_4/Bai_3/output/manifest_snapshots/manifest_2026-08-29.csv
102690358,manifest,duplicate_episode_id,deduplicate_keep_latest_create_time,True,/home/nk/Projects/data-mining/Chapter_4/Bai_3/output/manifest_snapshots/manifest_2026-08-29.csv
102710389,manifest,duplicate_episode_id,deduplicate_keep_latest_create_time,True,/home/nk/Projects/data-mining/Chapter_4/Bai_3/output/manifest_snapshots/manifest_2026-08-29.csv
102609906,manifest,duplicate_episode_id,deduplicate_keep_latest_create_time,True,/home/nk/Projects/data-mining/Chapter_4/Bai_3/output/manifest_snapshots/manifest_2026-08-29.csv
102308540,manifest,duplicate_episode_id,deduplicate_keep_latest_create_time,True,/home/nk/Projects/data-mining/Chapter_4/Bai_3/output/manifest_snapshots/manifest_2026-08-29.csv
102518277,manifest,duplicate_episode_id,deduplicate_keep_latest_create_time,True,/home/nk/Projects/data-mining/Chapter_4/Bai_3/output/manifest_snapshots/manifest_2026-08-29.csv
102418040,manifest,duplicate_episode_id,deduplicate_keep_latest_create_time,True,/home/nk/Projects/data-mining/Chapter_4/Bai_3/output/manifest_snapshots/manifest_2026-08-29.csv
102167964,manifest,duplicate_episode_id,deduplicate_keep_latest_create_time,True,/home/nk/Projects/data-mining/Chapter_4/Bai_3/output/manifest_snapshots/manifest_2026-08-29.csv
102304072,manifest,duplicate_episode_id,deduplicate_keep_latest_create_time,True,/home/nk/Projects/data-mining/Chapter_4/Bai_3/output/manifest_snapshots/manifest_2026-08-29.csv
102755057,manifest,duplicate_episode_id,deduplicate_keep_latest_create_time,True,/home/nk/Projects/data-mining/Chapter_4/Bai_3/output/manifest_snapshots/manifest_2026-08-29.csv
102714879,manifest,duplicate_episode_id,deduplicate_keep_latest_create_time,True,/home/nk/Projects/data-mining/Chapter_4/Bai_3/output/manifest_snapshots/manifest_2026-08-29.csv
102089656,manifest,duplicate_episode_id,deduplicate_keep_latest_create_time,True,/home/nk/Projects/data-mining/Chapter_4/Bai_3/output/manifest_snapshots/manifest_2026-08-29.csv
102344368,manifest,duplicate_episode_id,deduplicate_keep_latest_create_time,True,/home/nk/Projects/data-mining/Chapter_4/Bai_3/output/manifest_snapshots/manifest_2026-08-29.csv
102806196,manifest,duplicate_episode_id,deduplicate_keep_latest_create_time,True,/home/nk/Projects/data-mining/Chapter_4/Bai_3/output/manifest_snapshots/manifest_2026-08-29.csv
102688165,manifest,duplicate_episode_id,deduplicate_keep_latest_create_time,True,/home/nk/Projects/data-mining/Chapter_4/Bai_3/output/manifest_snapshots/manifest_2026-08-29.csv
102741684,manifest,duplicate_episode_id,deduplicate_keep_latest_create_time,True,/home/nk/Projects/data-mining/Chapter_4/Bai_3/output/manifest_snapshots/manifest_2026-08-29.csv
102721568,manifest,duplicate_episode_id,deduplicate_keep_latest_create_time,True,/home/nk/Projects/data-mining/Chapter_4/Bai_3/output/manifest_snapshots/manifest_2026-08-29.csv
102819829,manifest,duplicate_episode_id,deduplicate_keep_latest_create_time,True,/home/nk/Projects/data-mining/Chapter_4/Bai_3/output/manifest_snapshots/manifest_2026-08-29.csv
102625609,manifest,duplicate_episode_id,deduplicate_keep_latest_create_time,True,/home/nk/Projects/data-mining/Chapter_4/Bai_3/output/manifest_snapshots/manifest_2026-08-29.csv
102464917,manifest,duplicate_episode_id,deduplicate_keep_latest_create_time,True,/home/nk/Projects/data-mining/Chapter_4/Bai_3/output/manifest_snapshots/manifest_2026-08-29.csv
102746134,manifest,duplicate_episode_id,deduplicate_keep_latest_create_time,True,/home/nk/Projects/data-mining/Chapter_4/Bai_3/output/manifest_snapshots/manifest_2026-08-29.csv
102730518,manifest,duplicate_episode_id,deduplicate_keep_latest_create_time,True,/home/nk/Projects/data-mining/Chapter_4/Bai_3/output/manifest_snapshots/manifest_2026-08-29.csv
102092148,manifest,duplicate_episode_id,deduplicate_keep_latest_create_time,True,/home/nk/Projects/data-mining/Chapter_4/Bai_3/output/manifest_snapshots/manifest_2026-08-29.csv
102815317,manifest,duplicate_episode_id,deduplicate_keep_latest_create_time,True,/home/nk/Projects/data-mining/Chapter_4/Bai_3/output/manifest_snapshots/manifest_2026-08-29.csv
102612152,manifest,duplicate_episode_id,deduplicate_keep_latest_create_time,True,/home/nk/Projects/data-mining/Chapter_4/Bai_3/output/manifest_snapshots/manifest_2026-08-29.csv
102699217,manifest,duplicate_episode_id,deduplicate_keep_latest_create_time,True,/home/nk/Projects/data-mining/Chapter_4/Bai_3/output/manifest_snapshots/manifest_2026-08-29.csv
102694822,manifest,duplicate_episode_id,deduplicate_keep_latest_create_time,True,/home/nk/Projects/data-mining/Chapter_4/Bai_3/output/manifest_snapshots/manifest_2026-08-29.csv
102699281,manifest,duplicate_episode_id,deduplicate_keep_latest_create_time,True,/home/nk/Projects/data-mining/Chapter_4/Bai_3/output/manifest_snapshots/manifest_2026-08-29.csv
102786279,manifest,duplicate_episode_id,deduplicate_keep_latest_create_time,True,/home/nk/Projects/data-mining/Chapter_4/Bai_3/output/manifest_snapshots/manifest_2026-08-29.csv
102837423,manifest,duplicate_episode_id,deduplicate_keep_latest_create_time,True,/home/nk/Projects/data-mining/Chapter_4/Bai_3/output/manifest_snapshots/manifest_2026-08-29.csv
102701451,manifest,duplicate_episode_id,deduplicate_keep_latest_create_time,True,/home/nk/Projects/data-mining/Chapter_4/Bai_3/output/manifest_snapshots/manifest_2026-08-29.csv
102480563,manifest,duplicate_episode_id,deduplicate_keep_latest_create_time,True,/home/nk/Projects/data-mining/Chapter_4/Bai_3/output/manifest_snapshots/manifest_2026-08-29.csv
102453701,manifest,duplicate_episode_id,deduplicate_keep_latest_create_time,True,/home/nk/Projects/data-mining/Chapter_4/Bai_3/output/manifest_snapshots/manifest_2026-08-29.csv
102630096,manifest,duplicate_episode_id,deduplicate_keep_latest_create_time,True,/home/nk/Projects/data-mining/Chapter_4/Bai_3/output/manifest_snapshots/manifest_2026-08-29.csv
102592085,manifest,duplicate_episode_id,deduplicate_keep_latest_create_time,True,/home/nk/Projects/data-mining/Chapter_4/Bai_3/output/manifest_snapshots/manifest_2026-08-29.csv
102772945,manifest,duplicate_episode_id,deduplicate_keep_latest_create_time,True,/home/nk/Projects/data-mining/Chapter_4/Bai_3/output/manifest_snapshots/manifest_2026-08-29.csv
102732741,manifest,duplicate_episode_id,deduplicate_keep_latest_create_time,True,/home/nk/Projects/data-mining/Chapter_4/Bai_3/output/manifest_snapshots/manifest_2026-08-29.csv
102409112,manifest,duplicate_episode_id,deduplicate_keep_latest_create_time,True,/home/nk/Projects/data-mining/Chapter_4/Bai_3/output/manifest_snapshots/manifest_2026-08-29.csv
102118765,manifest,duplicate_episode_id,deduplicate_keep_latest_create_time,True,/home/nk/Projects/data-mining/Chapter_4/Bai_3/output/manifest_snapshots/manifest_2026-08-29.csv
102696988,manifest,duplicate_episode_id,deduplicate_keep_latest_create_time,True,/home/nk/Projects/data-mining/Chapter_4/Bai_3/output/manifest_snapshots/manifest_2026-08-29.csv
102728293,manifest,duplicate_episode_id,deduplicate_keep_latest_create_time,True,/home/nk/Projects/data-mining/Chapter_4/Bai_3/output/manifest_snapshots/manifest_2026-08-29.csv
102524997,manifest,duplicate_episode_id,deduplicate_keep_latest_create_time,True,/home/nk/Projects/data-mining/Chapter_4/Bai_3/output/manifest_snapshots/manifest_2026-08-29.csv
102183636,manifest,duplicate_episode_id,deduplicate_keep_latest_create_time,True,/home/nk/Projects/data-mining/Chapter_4/Bai_3/output/manifest_snapshots/manifest_2026-08-29.csv
102596558,manifest,duplicate_episode_id,deduplicate_keep_latest_create_time,True,/home/nk/Projects/data-mining/Chapter_4/Bai_3/output/manifest_snapshots/manifest_2026-08-29.csv
102737271,manifest,duplicate_episode_id,deduplicate_keep_latest_create_time,True,/home/nk/Projects/data-mining/Chapter_4/Bai_3/output/manifest_snapshots/manifest_2026-08-29.csv
102170215,manifest,duplicate_episode_id,deduplicate_keep_latest_create_time,True,/home/nk/Projects/data-mining/Chapter_4/Bai_3/output/manifest_snapshots/manifest_2026-08-29.csv
102692525,manifest,duplicate_episode_id,deduplicate_keep_latest_create_time,True,/home/nk/Projects/data-mining/Chapter_4/Bai_3/output/manifest_snapshots/manifest_2026-08-29.csv
102125609,manifest,duplicate_episode_id,deduplicate_keep_latest_create_time,True,/home/nk/Projects/data-mining/Chapter_4/Bai_3/output/manifest_snapshots/manifest_2026-08-29.csv
102540749,manifest,duplicate_episode_id,deduplicate_keep_latest_create_time,True,/home/nk/Projects/data-mining/Chapter_4/Bai_3/output/manifest_snapshots/manifest_2026-08-29.csv
102250622,manifest,duplicate_episode_id,deduplicate_keep_latest_create_time,True,/home/nk/Projects/data-mining/Chapter_4/Bai_3/output/manifest_snapshots/manifest_2026-08-29.csv
102750583,manifest,duplicate_episode_id,deduplicate_keep_latest_create_time,True,/home/nk/Projects/data-mining/Chapter_4/Bai_3/output/manifest_snapshots/manifest_2026-08-29.csv
102480562,manifest,duplicate_episode_id,deduplicate_keep_latest_create_time,True,/home/nk/Projects/data-mining/Chapter_4/Bai_3/output/manifest_snapshots/manifest_2026-08-29.csv
102676934,manifest,duplicate_episode_id,deduplicate_keep_latest_create_time,True,/home/nk/Projects/data-mining/Chapter_4/Bai_3/output/manifest_snapshots/manifest_2026-08-29.csv
102103137,manifest,duplicate_episode_id,deduplicate_keep_latest_create_time,True,/home/nk/Projects/data-mining/Chapter_4/Bai_3/output/manifest_snapshots/manifest_2026-08-29.csv
102812882,manifest,duplicate_episode_id,deduplicate_keep_latest_create_time,True,/home/nk/Projects/data-mining/Chapter_4/Bai_3/output/manifest_snapshots/manifest_2026-08-29.csv
102723894,manifest,duplicate_episode_id,deduplicate_keep_latest_create_time,True,/home/nk/Projects/data-mining/Chapter_4/Bai_3/output/manifest_snapshots/manifest_2026-08-29.csv
102114301,manifest,duplicate_episode_id,deduplicate_keep_latest_create_time,True,/home/nk/Projects/data-mining/Chapter_4/Bai_3/output/manifest_snapshots/manifest_2026-08-29.csv
102426916,manifest,duplicate_episode_id,deduplicate_keep_latest_create_time,True,/home/nk/Projects/data-mining/Chapter_4/Bai_3/output/manifest_snapshots/manifest_2026-08-29.csv
102100900,manifest,duplicate_episode_id,deduplicate_keep_latest_create_time,True,/home/nk/Projects/data-mining/Chapter_4/Bai_3/output/manifest_snapshots/manifest_2026-08-29.csv
102748507,manifest,duplicate_episode_id,deduplicate_keep_latest_create_time,True,/home/nk/Projects/data-mining/Chapter_4/Bai_3/output/manifest_snapshots/manifest_2026-08-29.csv
102846457,manifest,duplicate_episode_id,deduplicate_keep_latest_create_time,True,/home/nk/Projects/data-mining/Chapter_4/Bai_3/output/manifest_snapshots/manifest_2026-08-29.csv
102138878,manifest,duplicate_episode_id,deduplicate_keep_latest_create_time,True,/home/nk/Projects/data-mining/Chapter_4/Bai_3/output/manifest_snapshots/manifest_2026-08-29.csv
102395687,manifest,duplicate_episode_id,deduplicate_keep_latest_create_time,True,/home/nk/Projects/data-mining/Chapter_4/Bai_3/output/manifest_snapshots/manifest_2026-08-29.csv
102337566,manifest,duplicate_episode_id,deduplicate_keep_latest_create_time,True,/home/nk/Projects/data-mining/Chapter_4/Bai_3/output/manifest_snapshots/manifest_2026-08-29.csv
102822012,manifest,duplicate_episode_id,deduplicate_keep_latest_create_time,True,/home/nk/Projects/data-mining/Chapter_4/Bai_3/output/manifest_snapshots/manifest_2026-08-29.csv
102683662,manifest,duplicate_episode_id,deduplicate_keep_latest_create_time,True,/home/nk/Projects/data-mining/Chapter_4/Bai_3/output/manifest_snapshots/manifest_2026-08-29.csv
102641300,manifest,duplicate_episode_id,deduplicate_keep_latest_create_time,True,/home/nk/Projects/data-mining/Chapter_4/Bai_3/output/manifest_snapshots/manifest_2026-08-29.csv
102739463,manifest,duplicate_episode_id,deduplicate_keep_latest_create_time,True,/home/nk/Projects/data-mining/Chapter_4/Bai_3/output/manifest_snapshots/manifest_2026-08-29.csv
102605437,manifest,duplicate_episode_id,deduplicate_keep_latest_create_time,True,/home/nk/Projects/data-mining/Chapter_4/Bai_3/output/manifest_snapshots/manifest_2026-08-29.csv
102697058,manifest,duplicate_episode_id,deduplicate_keep_latest_create_time,True,/home/nk/Projects/data-mining/Chapter_4/Bai_3/output/manifest_snapshots/manifest_2026-08-29.csv
102342025,manifest,duplicate_episode_id,deduplicate_keep_latest_create_time,True,/home/nk/Projects/data-mining/Chapter_4/Bai_3/output/manifest_snapshots/manifest_2026-08-29.csv
102806255,manifest,duplicate_episode_id,deduplicate_keep_latest_create_time,True,/home/nk/Projects/data-mining/Chapter_4/Bai_3/output/manifest_snapshots/manifest_2026-08-29.csv
102723820,manifest,duplicate_episode_id,deduplicate_keep_latest_create_time,True,/home/nk/Projects/data-mining/Chapter_4/Bai_3/output/manifest_snapshots/manifest_2026-08-29.csv
102612227,manifest,duplicate_episode_id,deduplicate_keep_latest_create_time,True,/home/nk/Projects/data-mining/Chapter_4/Bai_3/output/manifest_snapshots/manifest_2026-08-29.csv
102826274,manifest,duplicate_episode_id,deduplicate_keep_latest_create_time,True,/home/nk/Projects/data-mining/Chapter_4/Bai_3/output/manifest_snapshots/manifest_2026-08-29.csv
102085185,manifest,duplicate_episode_id,deduplicate_keep_latest_create_time,True,/home/nk/Projects/data-mining/Chapter_4/Bai_3/output/manifest_snapshots/manifest_2026-08-29.csv
102808424,manifest,duplicate_episode_id,deduplicate_keep_latest_create_time,True,/home/nk/Projects/data-mining/Chapter_4/Bai_3/output/manifest_snapshots/manifest_2026-08-29.csv
102719329,manifest,duplicate_episode_id,deduplicate_keep_latest_create_time,True,/home/nk/Projects/data-mining/Chapter_4/Bai_3/output/manifest_snapshots/manifest_2026-08-29.csv
102391270,manifest,duplicate_episode_id,deduplicate_keep_latest_create_time,True,/home/nk/Projects/data-mining/Chapter_4/Bai_3/output/manifest_snapshots/manifest_2026-08-29.csv
102136647,manifest,duplicate_episode_id,deduplicate_keep_latest_create_time,True,/home/nk/Projects/data-mining/Chapter_4/Bai_3/output/manifest_snapshots/manifest_2026-08-29.csv
102580888,manifest,duplicate_episode_id,deduplicate_keep_latest_create_time,True,/home/nk/Projects/data-mining/Chapter_4/Bai_3/output/manifest_snapshots/manifest_2026-08-29.csv
102616723,manifest,duplicate_episode_id,deduplicate_keep_latest_create_time,True,/home/nk/Projects/data-mining/Chapter_4/Bai_3/output/manifest_snapshots/manifest_2026-08-29.csv
102853219,manifest,duplicate_episode_id,deduplicate_keep_latest_create_time,True,/home/nk/Projects/data-mining/Chapter_4/Bai_3/output/manifest_snapshots/manifest_2026-08-29.csv
102085373,manifest,duplicate_episode_id,deduplicate_keep_latest_create_time,True,/home/nk/Projects/data-mining/Chapter_4/Bai_3/output/manifest_snapshots/manifest_2026-08-29.csv
102279573,manifest,duplicate_episode_id,deduplicate_keep_latest_create_time,True,/home/nk/Projects/data-mining/Chapter_4/Bai_3/output/manifest_snapshots/manifest_2026-08-29.csv
102648020,manifest,duplicate_episode_id,deduplicate_keep_latest_create_time,True,/home/nk/Projects/data-mining/Chapter_4/Bai_3/output/manifest_snapshots/manifest_2026-08-29.csv
102563135,manifest,duplicate_episode_id,deduplicate_keep_latest_create_time,True,/home/nk/Projects/data-mining/Chapter_4/Bai_3/output/manifest_snapshots/manifest_2026-08-29.csv
102067349,manifest,duplicate_episode_id,deduplicate_keep_latest_create_time,True,/home/nk/Projects/data-mining/Chapter_4/Bai_3/output/manifest_snapshots/manifest_2026-08-29.csv
102799574,manifest,duplicate_episode_id,deduplicate_keep_latest_create_time,True,/home/nk/Projects/data-mining/Chapter_4/Bai_3/output/manifest_snapshots/manifest_2026-08-29.csv
102107602,manifest,duplicate_episode_id,deduplicate_keep_latest_create_time,True,/home/nk/Projects/data-mining/Chapter_4/Bai_3/output/manifest_snapshots/manifest_2026-08-29.csv
102453789,manifest,duplicate_episode_id,deduplicate_keep_latest_create_time,True,/home/nk/Projects/data-mining/Chapter_4/Bai_3/output/manifest_snapshots/manifest_2026-08-29.csv
102375637,manifest,duplicate_episode_id,deduplicate_keep_latest_create_time,True,/home/nk/Projects/data-mining/Chapter_4/Bai_3/output/manifest_snapshots/manifest_2026-08-29.csv
102688030,manifest,duplicate_episode_id,deduplicate_keep_latest_create_time,True,/home/nk/Projects/data-mining/Chapter_4/Bai_3/output/manifest_snapshots/manifest_2026-08-29.csv
102129938,manifest,duplicate_episode_id,deduplicate_keep_latest_create_time,True,/home/nk/Projects/data-mining/Chapter_4/Bai_3/output/manifest_snapshots/manifest_2026-08-29.csv
102685821,manifest,duplicate_episode_id,deduplicate_keep_latest_create_time,True,/home/nk/Projects/data-mining/Chapter_4/Bai_3/output/manifest_snapshots/manifest_2026-08-29.csv
102123231,manifest,duplicate_episode_id,deduplicate_keep_latest_create_time,True,/home/nk/Projects/data-mining/Chapter_4/Bai_3/output/manifest_snapshots/manifest_2026-08-29.csv
102801802,manifest,duplicate_episode_id,deduplicate_keep_latest_create_time,True,/home/nk/Projects/data-mining/Chapter_4/Bai_3/output/manifest_snapshots/manifest_2026-08-29.csv
102558605,manifest,duplicate_episode_id,deduplicate_keep_latest_create_time,True,/home/nk/Projects/data-mining/Chapter_4/Bai_3/output/manifest_snapshots/manifest_2026-08-29.csv
102527239,manifest,duplicate_episode_id,deduplicate_keep_latest_create_time,True,/home/nk/Projects/data-mining/Chapter_4/Bai_3/output/manifest_snapshots/manifest_2026-08-29.csv
102509606,manifest,duplicate_episode_id,deduplicate_keep_latest_create_time,True,/home/nk/Projects/data-mining/Chapter_4/Bai_3/output/manifest_snapshots/manifest_2026-08-29.csv
102784078,manifest,duplicate_episode_id,deduplicate_keep_latest_create_time,True,/home/nk/Projects/data-mining/Chapter_4/Bai_3/output/manifest_snapshots/manifest_2026-08-29.csv
102083142,manifest,duplicate_episode_id,deduplicate_keep_latest_create_time,True,/home/nk/Projects/data-mining/Chapter_4/Bai_3/output/manifest_snapshots/manifest_2026-08-29.csv
102824228,manifest,duplicate_episode_id,deduplicate_keep_latest_create_time,True,/home/nk/Projects/data-mining/Chapter_4/Bai_3/output/manifest_snapshots/manifest_2026-08-29.csv
102431396,manifest,duplicate_episode_id,deduplicate_keep_latest_create_time,True,/home/nk/Projects/data-mining/Chapter_4/Bai_3/output/manifest_snapshots/manifest_2026-08-29.csv
102792875,manifest,duplicate_episode_id,deduplicate_keep_latest_create_time,True,/home/nk/Projects/data-mining/Chapter_4/Bai_3/output/manifest_snapshots/manifest_2026-08-29.csv
102661433,manifest,duplicate_episode_id,deduplicate_keep_latest_create_time,True,/home/nk/Projects/data-mining/Chapter_4/Bai_3/output/manifest_snapshots/manifest_2026-08-29.csv
102549711,manifest,duplicate_episode_id,deduplicate_keep_latest_create_time,True,/home/nk/Projects/data-mining/Chapter_4/Bai_3/output/manifest_snapshots/manifest_2026-08-29.csv
102712628,manifest,duplicate_episode_id,deduplicate_keep_latest_create_time,True,/home/nk/Projects/data-mining/Chapter_4/Bai_3/output/manifest_snapshots/manifest_2026-08-29.csv
102781707,manifest,duplicate_episode_id,deduplicate_keep_latest_create_time,True,/home/nk/Projects/data-mining/Chapter_4/Bai_3/output/manifest_snapshots/manifest_2026-08-29.csv
102810655,manifest,duplicate_episode_id,deduplicate_keep_latest_create_time,True,/home/nk/Projects/data-mining/Chapter_4/Bai_3/output/manifest_snapshots/manifest_2026-08-29.csv
102337681,manifest,duplicate_episode_id,deduplicate_keep_latest_create_time,True,/home/nk/Projects/data-mining/Chapter_4/Bai_3/output/manifest_snapshots/manifest_2026-08-29.csv
102616645,manifest,duplicate_episode_id,deduplicate_keep_latest_create_time,True,/home/nk/Projects/data-mining/Chapter_4/Bai_3/output/manifest_snapshots/manifest_2026-08-29.csv
102726201,manifest,duplicate_episode_id,deduplicate_keep_latest_create_time,True,/home/nk/Projects/data-mining/Chapter_4/Bai_3/output/manifest_snapshots/manifest_2026-08-29.csv
102087420,manifest,duplicate_episode_id,deduplicate_keep_latest_create_time,True,/home/nk/Projects/data-mining/Chapter_4/Bai_3/output/manifest_snapshots/manifest_2026-08-29.csv
102819583,manifest,duplicate_episode_id,deduplicate_keep_latest_create_time,True,/home/nk/Projects/data-mining/Chapter_4/Bai_3/output/manifest_snapshots/manifest_2026-08-29.csv
102585385,manifest,duplicate_episode_id,deduplicate_keep_latest_create_time,True,/home/nk/Projects/data-mining/Chapter_4/Bai_3/output/manifest_snapshots/manifest_2026-08-29.csv
102748382,manifest,duplicate_episode_id,deduplicate_keep_latest_create_time,True,/home/nk/Projects/data-mining/Chapter_4/Bai_3/output/manifest_snapshots/manifest_2026-08-29.csv
102346518,manifest,duplicate_episode_id,deduplicate_keep_latest_create_time,True,/home/nk/Projects/data-mining/Chapter_4/Bai_3/output/manifest_snapshots/manifest_2026-08-29.csv
102281687,manifest,duplicate_episode_id,deduplicate_keep_latest_create_time,True,/home/nk/Projects/data-mining/Chapter_4/Bai_3/output/manifest_snapshots/manifest_2026-08-29.csv
102556429,manifest,duplicate_episode_id,deduplicate_keep_latest_create_time,True,/home/nk/Projects/data-mining/Chapter_4/Bai_3/output/manifest_snapshots/manifest_2026-08-29.csv
102679138,manifest,duplicate_episode_id,deduplicate_keep_latest_create_time,True,/home/nk/Projects/data-mining/Chapter_4/Bai_3/output/manifest_snapshots/manifest_2026-08-29.csv
102645778,manifest,duplicate_episode_id,deduplicate_keep_latest_create_time,True,/home/nk/Projects/data-mining/Chapter_4/Bai_3/output/manifest_snapshots/manifest_2026-08-29.csv
102683587,manifest,duplicate_episode_id,deduplicate_keep_latest_create_time,True,/home/nk/Projects/data-mining/Chapter_4/Bai_3/output/manifest_snapshots/manifest_2026-08-29.csv
102359915,manifest,duplicate_episode_id,deduplicate_keep_latest_create_time,True,/home/nk/Projects/data-mining/Chapter_4/Bai_3/output/manifest_snapshots/manifest_2026-08-29.csv
102614389,manifest,duplicate_episode_id,deduplicate_keep_latest_create_time,True,/home/nk/Projects/data-mining/Chapter_4/Bai_3/output/manifest_snapshots/manifest_2026-08-29.csv
102375639,manifest,duplicate_episode_id,deduplicate_keep_latest_create_time,True,/home/nk/Projects/data-mining/Chapter_4/Bai_3/output/manifest_snapshots/manifest_2026-08-29.csv
102174685,manifest,duplicate_episode_id,deduplicate_keep_latest_create_time,True,/home/nk/Projects/data-mining/Chapter_4/Bai_3/output/manifest_snapshots/manifest_2026-08-29.csv
102366622,manifest,duplicate_episode_id,deduplicate_keep_latest_create_time,True,/home/nk/Projects/data-mining/Chapter_4/Bai_3/output/manifest_snapshots/manifest_2026-08-29.csv
102685887,manifest,duplicate_episode_id,deduplicate_keep_latest_create_time,True,/home/nk/Projects/data-mining/Chapter_4/Bai_3/output/manifest_snapshots/manifest_2026-08-29.csv
102643544,manifest,duplicate_episode_id,deduplicate_keep_latest_create_time,True,/home/nk/Projects/data-mining/Chapter_4/Bai_3/output/manifest_snapshots/manifest_2026-08-29.csv
102188127,manifest,duplicate_episode_id,deduplicate_keep_latest_create_time,True,/home/nk/Projects/data-mining/Chapter_4/Bai_3/output/manifest_snapshots/manifest_2026-08-29.csv
102587627,manifest,duplicate_episode_id,deduplicate_keep_latest_create_time,True,/home/nk/Projects/data-mining/Chapter_4/Bai_3/output/manifest_snapshots/manifest_2026-08-29.csv
102078531,manifest,duplicate_episode_id,deduplicate_keep_latest_create_time,True,/home/nk/Projects/data-mining/Chapter_4/Bai_3/output/manifest_snapshots/manifest_2026-08-29.csv
102527305,manifest,duplicate_episode_id,deduplicate_keep_latest_create_time,True,/home/nk/Projects/data-mining/Chapter_4/Bai_3/output/manifest_snapshots/manifest_2026-08-29.csv
102362150,manifest,duplicate_episode_id,deduplicate_keep_latest_create_time,True,/home/nk/Projects/data-mining/Chapter_4/Bai_3/output/manifest_snapshots/manifest_2026-08-29.csv
102792804,manifest,duplicate_episode_id,deduplicate_keep_latest_create_time,True,/home/nk/Projects/data-mining/Chapter_4/Bai_3/output/manifest_snapshots/manifest_2026-08-29.csv
102286171,manifest,duplicate_episode_id,deduplicate_keep_latest_create_time,True,/home/nk/Projects/data-mining/Chapter_4/Bai_3/output/manifest_snapshots/manifest_2026-08-29.csv
102411290,manifest,duplicate_episode_id,deduplicate_keep_latest_create_time,True,/home/nk/Projects/data-mining/Chapter_4/Bai_3/output/manifest_snapshots/manifest_2026-08-29.csv
102578653,manifest,duplicate_episode_id,deduplicate_keep_latest_create_time,True,/home/nk/Projects/data-mining/Chapter_4/Bai_3/output/manifest_snapshots/manifest_2026-08-29.csv
102734962,manifest,duplicate_episode_id,deduplicate_keep_latest_create_time,True,/home/nk/Projects/data-mining/Chapter_4/Bai_3/output/manifest_snapshots/manifest_2026-08-29.csv
102598718,manifest,duplicate_episode_id,deduplicate_keep_latest_create_time,True,/home/nk/Projects/data-mining/Chapter_4/Bai_3/output/manifest_snapshots/manifest_2026-08-29.csv
102174696,manifest,duplicate_episode_id,deduplicate_keep_latest_create_time,True,/home/nk/Projects/data-mining/Chapter_4/Bai_3/output/manifest_snapshots/manifest_2026-08-29.csv
102783948,manifest,duplicate_episode_id,deduplicate_keep_latest_create_time,True,/home/nk/Projects/data-mining/Chapter_4/Bai_3/output/manifest_snapshots/manifest_2026-08-29.csv
102685819,manifest,duplicate_episode_id,deduplicate_keep_latest_create_time,True,/home/nk/Projects/data-mining/Chapter_4/Bai_3/output/manifest_snapshots/manifest_2026-08-29.csv
102790649,manifest,duplicate_episode_id,deduplicate_keep_latest_create_time,True,/home/nk/Projects/data-mining/Chapter_4/Bai_3/output/manifest_snapshots/manifest_2026-08-29.csv
102554192,manifest,duplicate_episode_id,deduplicate_keep_latest_create_time,True,/home/nk/Projects/data-mining/Chapter_4/Bai_3/output/manifest_snapshots/manifest_2026-08-29.csv
102569824,manifest,duplicate_episode_id,deduplicate_keep_latest_create_time,True,/home/nk/Projects/data-mining/Chapter_4/Bai_3/output/manifest_snapshots/manifest_2026-08-29.csv
102449216,manifest,duplicate_episode_id,deduplicate_keep_latest_create_time,True,/home/nk/Projects/data-mining/Chapter_4/Bai_3/output/manifest_snapshots/manifest_2026-08-29.csv
102440331,manifest,duplicate_episode_id,deduplicate_keep_latest_create_time,True,/home/nk/Projects/data-mining/Chapter_4/Bai_3/output/manifest_snapshots/manifest_2026-08-29.csv
102801727,manifest,duplicate_episode_id,deduplicate_keep_latest_create_time,True,/home/nk/Projects/data-mining/Chapter_4/Bai_3/output/manifest_snapshots/manifest_2026-08-29.csv
102853191,manifest,duplicate_episode_id,deduplicate_keep_latest_create_time,True,/home/nk/Projects/data-mining/Chapter_4/Bai_3/output/manifest_snapshots/manifest_2026-08-29.csv
102830836,manifest,duplicate_episode_id,deduplicate_keep_latest_create_time,True,/home/nk/Projects/data-mining/Chapter_4/Bai_3/output/manifest_snapshots/manifest_2026-08-29.csv
102433555,manifest,duplicate_episode_id,deduplicate_keep_latest_create_time,True,/home/nk/Projects/data-mining/Chapter_4/Bai_3/output/manifest_snapshots/manifest_2026-08-29.csv
102560904,manifest,duplicate_episode_id,deduplicate_keep_latest_create_time,True,/home/nk/Projects/data-mining/Chapter_4/Bai_3/output/manifest_snapshots/manifest_2026-08-29.csv
102096426,manifest,duplicate_episode_id,deduplicate_keep_latest_create_time,True,/home/nk/Projects/data-mining/Chapter_4/Bai_3/output/manifest_snapshots/manifest_2026-08-29.csv
102848673,manifest,duplicate_episode_id,deduplicate_keep_latest_create_time,True,/home/nk/Projects/data-mining/Chapter_4/Bai_3/output/manifest_snapshots/manifest_2026-08-29.csv
102748463,manifest,duplicate_episode_id,deduplicate_keep_latest_create_time,True,/home/nk/Projects/data-mining/Chapter_4/Bai_3/output/manifest_snapshots/manifest_2026-08-29.csv
102266215,manifest,duplicate_episode_id,deduplicate_keep_latest_create_time,True,/home/nk/Projects/data-mining/Chapter_4/Bai_3/output/manifest_snapshots/manifest_2026-08-29.csv
102710380,manifest,duplicate_episode_id,deduplicate_keep_latest_create_time,True,/home/nk/Projects/data-mining/Chapter_4/Bai_3/output/manifest_snapshots/manifest_2026-08-29.csv
102839775,manifest,duplicate_episode_id,deduplicate_keep_latest_create_time,True,/home/nk/Projects/data-mining/Chapter_4/Bai_3/output/manifest_snapshots/manifest_2026-08-29.csv
102803960,manifest,duplicate_episode_id,deduplicate_keep_latest_create_time,True,/home/nk/Projects/data-mining/Chapter_4/Bai_3/output/manifest_snapshots/manifest_2026-08-29.csv
102513816,manifest,duplicate_episode_id,deduplicate_keep_latest_create_time,True,/home/nk/Projects/data-mining/Chapter_4/Bai_3/output/manifest_snapshots/manifest_2026-08-29.csv
102639061,manifest,duplicate_episode_id,deduplicate_keep_latest_create_time,True,/home/nk/Projects/data-mining/Chapter_4/Bai_3/output/manifest_snapshots/manifest_2026-08-29.csv
102442511,manifest,duplicate_episode_id,deduplicate_keep_latest_create_time,True,/home/nk/Projects/data-mining/Chapter_4/Bai_3/output/manifest_snapshots/manifest_2026-08-29.csv
102366712,manifest,duplicate_episode_id,deduplicate_keep_latest_create_time,True,/home/nk/Projects/data-mining/Chapter_4/Bai_3/output/manifest_snapshots/manifest_2026-08-29.csv
102391261,manifest,duplicate_episode_id,deduplicate_keep_latest_create_time,True,/home/nk/Projects/data-mining/Chapter_4/Bai_3/output/manifest_snapshots/manifest_2026-08-29.csv
102109835,manifest,duplicate_episode_id,deduplicate_keep_latest_create_time,True,/home/nk/Projects/data-mining/Chapter_4/Bai_3/output/manifest_snapshots/manifest_2026-08-29.csv
102080719,manifest,duplicate_episode_id,deduplicate_keep_latest_create_time,True,/home/nk/Projects/data-mining/Chapter_4/Bai_3/output/manifest_snapshots/manifest_2026-08-29.csv
102114403,manifest,duplicate_episode_id,deduplicate_keep_latest_create_time,True,/home/nk/Projects/data-mining/Chapter_4/Bai_3/output/manifest_snapshots/manifest_2026-08-29.csv
102288403,manifest,duplicate_episode_id,deduplicate_keep_latest_create_time,True,/home/nk/Projects/data-mining/Chapter_4/Bai_3/output/manifest_snapshots/manifest_2026-08-29.csv
102583135,manifest,duplicate_episode_id,deduplicate_keep_latest_create_time,True,/home/nk/Projects/data-mining/Chapter_4/Bai_3/output/manifest_snapshots/manifest_2026-08-29.csv
102797262,manifest,duplicate_episode_id,deduplicate_keep_latest_create_time,True,/home/nk/Projects/data-mining/Chapter_4/Bai_3/output/manifest_snapshots/manifest_2026-08-29.csv
102301827,manifest,duplicate_episode_id,deduplicate_keep_latest_create_time,True,/home/nk/Projects/data-mining/Chapter_4/Bai_3/output/manifest_snapshots/manifest_2026-08-29.csv
102143381,manifest,duplicate_episode_id,deduplicate_keep_latest_create_time,True,/home/nk/Projects/data-mining/Chapter_4/Bai_3/output/manifest_snapshots/manifest_2026-08-29.csv
102297351,manifest,duplicate_episode_id,deduplicate_keep_latest_create_time,True,/home/nk/Projects/data-mining/Chapter_4/Bai_3/output/manifest_snapshots/manifest_2026-08-29.csv
102621118,manifest,duplicate_episode_id,deduplicate_keep_latest_create_time,True,/home/nk/Projects/data-mining/Chapter_4/Bai_3/output/manifest_snapshots/manifest_2026-08-29.csv
102543000,manifest,duplicate_episode_id,deduplicate_keep_latest_create_time,True,/home/nk/Projects/data-mining/Chapter_4/Bai_3/output/manifest_snapshots/manifest_2026-08-29.csv
102440263,manifest,duplicate_episode_id,deduplicate_keep_latest_create_time,True,/home/nk/Projects/data-mining/Chapter_4/Bai_3/output/manifest_snapshots/manifest_2026-08-29.csv
102795116,manifest,duplicate_episode_id,deduplicate_keep_latest_create_time,True,/home/nk/Projects/data-mining/Chapter_4/Bai_3/output/manifest_snapshots/manifest_2026-08-29.csv
102636824,manifest,duplicate_episode_id,deduplicate_keep_latest_create_time,True,/home/nk/Projects/data-mining/Chapter_4/Bai_3/output/manifest_snapshots/manifest_2026-08-29.csv
102116537,manifest,duplicate_episode_id,deduplicate_keep_latest_create_time,True,/home/nk/Projects/data-mining/Chapter_4/Bai_3/output/manifest_snapshots/manifest_2026-08-29.csv
102464773,manifest,duplicate_episode_id,deduplicate_keep_latest_create_time,True,/home/nk/Projects/data-mining/Chapter_4/Bai_3/output/manifest_snapshots/manifest_2026-08-29.csv
102489476,manifest,duplicate_episode_id,deduplicate_keep_latest_create_time,True,/home/nk/Projects/data-mining/Chapter_4/Bai_3/output/manifest_snapshots/manifest_2026-08-29.csv
102502613,manifest,duplicate_episode_id,deduplicate_keep_latest_create_time,True,/home/nk/Projects/data-mining/Chapter_4/Bai_3/output/manifest_snapshots/manifest_2026-08-29.csv
102632359,manifest,duplicate_episode_id,deduplicate_keep_latest_create_time,True,/home/nk/Projects/data-mining/Chapter_4/Bai_3/output/manifest_snapshots/manifest_2026-08-29.csv
102779478,manifest,duplicate_episode_id,deduplicate_keep_latest_create_time,True,/home/nk/Projects/data-mining/Chapter_4/Bai_3/output/manifest_snapshots/manifest_2026-08-29.csv
102082990,manifest,duplicate_episode_id,deduplicate_keep_latest_create_time,True,/home/nk/Projects/data-mining/Chapter_4/Bai_3/output/manifest_snapshots/manifest_2026-08-29.csv
102641401,manifest,duplicate_episode_id,deduplicate_keep_latest_create_time,True,/home/nk/Projects/data-mining/Chapter_4/Bai_3/output/manifest_snapshots/manifest_2026-08-29.csv
102243909,manifest,duplicate_episode_id,deduplicate_keep_latest_create_time,True,/home/nk/Projects/data-mining/Chapter_4/Bai_3/output/manifest_snapshots/manifest_2026-08-29.csv
102337637,manifest,duplicate_episode_id,deduplicate_keep_latest_create_time,True,/home/nk/Projects/data-mining/Chapter_4/Bai_3/output/manifest_snapshots/manifest_2026-08-29.csv
102389026,manifest,duplicate_episode_id,deduplicate_keep_latest_create_time,True,/home/nk/Projects/data-mining/Chapter_4/Bai_3/output/manifest_snapshots/manifest_2026-08-29.csv
102792964,manifest,duplicate_episode_id,deduplicate_keep_latest_create_time,True,/home/nk/Projects/data-mining/Chapter_4/Bai_3/output/manifest_snapshots/manifest_2026-08-29.csv
102574301,manifest,duplicate_episode_id,deduplicate_keep_latest_create_time,True,/home/nk/Projects/data-mining/Chapter_4/Bai_3/output/manifest_snapshots/manifest_2026-08-29.csv
102808547,manifest,duplicate_episode_id,deduplicate_keep_latest_create_time,True,/home/nk/Projects/data-mining/Chapter_4/Bai_3/output/manifest_snapshots/manifest_2026-08-29.csv
102310772,manifest,duplicate_episode_id,deduplicate_keep_latest_create_time,True,/home/nk/Projects/data-mining/Chapter_4/Bai_3/output/manifest_snapshots/manifest_2026-08-29.csv
102150172,manifest,duplicate_episode_id,deduplicate_keep_latest_create_time,True,/home/nk/Projects/data-mining/Chapter_4/Bai_3/output/manifest_snapshots/manifest_2026-08-29.csv
102446982,manifest,duplicate_episode_id,deduplicate_keep_latest_create_time,True,/home/nk/Projects/data-mining/Chapter_4/Bai_3/output/manifest_snapshots/manifest_2026-08-29.csv
102313016,manifest,duplicate_episode_id,deduplicate_keep_latest_create_time,True,/home/nk/Projects/data-mining/Chapter_4/Bai_3/output/manifest_snapshots/manifest_2026-08-29.csv
102603206,manifest,duplicate_episode_id,deduplicate_keep_latest_create_time,True,/home/nk/Projects/data-mining/Chapter_4/Bai_3/output/manifest_snapshots/manifest_2026-08-29.csv
102511575,manifest,duplicate_episode_id,deduplicate_keep_latest_create_time,True,/home/nk/Projects/data-mining/Chapter_4/Bai_3/output/manifest_snapshots/manifest_2026-08-29.csv
102498220,manifest,duplicate_episode_id,deduplicate_keep_latest_create_time,True,/home/nk/Projects/data-mining/Chapter_4/Bai_3/output/manifest_snapshots/manifest_2026-08-29.csv
102674691,manifest,duplicate_episode_id,deduplicate_keep_latest_create_time,True,/home/nk/Projects/data-mining/Chapter_4/Bai_3/output/manifest_snapshots/manifest_2026-08-29.csv
102538503,manifest,duplicate_episode_id,deduplicate_keep_latest_create_time,True,/home/nk/Projects/data-mining/Chapter_4/Bai_3/output/manifest_snapshots/manifest_2026-08-29.csv
102576541,manifest,duplicate_episode_id,deduplicate_keep_latest_create_time,True,/home/nk/Projects/data-mining/Chapter_4/Bai_3/output/manifest_snapshots/manifest_2026-08-29.csv
102283928,manifest,duplicate_episode_id,deduplicate_keep_latest_create_time,True,/home/nk/Projects/data-mining/Chapter_4/Bai_3/output/manifest_snapshots/manifest_2026-08-29.csv
102543110,manifest,duplicate_episode_id,deduplicate_keep_latest_create_time,True,/home/nk/Projects/data-mining/Chapter_4/Bai_3/output/manifest_snapshots/manifest_2026-08-29.csv
102679121,manifest,duplicate_episode_id,deduplicate_keep_latest_create_time,True,/home/nk/Projects/data-mining/Chapter_4/Bai_3/output/manifest_snapshots/manifest_2026-08-29.csv
102181384,manifest,duplicate_episode_id,deduplicate_keep_latest_create_time,True,/home/nk/Projects/data-mining/Chapter_4/Bai_3/output/manifest_snapshots/manifest_2026-08-29.csv
102677146,manifest,duplicate_episode_id,deduplicate_keep_latest_create_time,True,/home/nk/Projects/data-mining/Chapter_4/Bai_3/output/manifest_snapshots/manifest_2026-08-29.csv
102777395,manifest,duplicate_episode_id,deduplicate_keep_latest_create_time,True,/home/nk/Projects/data-mining/Chapter_4/Bai_3/output/manifest_snapshots/manifest_2026-08-29.csv
102335390,manifest,duplicate_episode_id,deduplicate_keep_latest_create_time,True,/home/nk/Projects/data-mining/Chapter_4/Bai_3/output/manifest_snapshots/manifest_2026-08-29.csv
102549659,manifest,duplicate_episode_id,deduplicate_keep_latest_create_time,True,/home/nk/Projects/data-mining/Chapter_4/Bai_3/output/manifest_snapshots/manifest_2026-08-29.csv
102487150,manifest,duplicate_episode_id,deduplicate_keep_latest_create_time,True,/home/nk/Projects/data-mining/Chapter_4/Bai_3/output/manifest_snapshots/manifest_2026-08-29.csv
102085230,manifest,duplicate_episode_id,deduplicate_keep_latest_create_time,True,/home/nk/Projects/data-mining/Chapter_4/Bai_3/output/manifest_snapshots/manifest_2026-08-29.csv
102346485,manifest,duplicate_episode_id,deduplicate_keep_latest_create_time,True,/home/nk/Projects/data-mining/Chapter_4/Bai_3/output/manifest_snapshots/manifest_2026-08-29.csv
102493982,manifest,duplicate_episode_id,deduplicate_keep_latest_create_time,True,/home/nk/Projects/data-mining/Chapter_4/Bai_3/output/manifest_snapshots/manifest_2026-08-29.csv
102496081,manifest,duplicate_episode_id,deduplicate_keep_latest_create_time,True,/home/nk/Projects/data-mining/Chapter_4/Bai_3/output/manifest_snapshots/manifest_2026-08-29.csv
102837653,manifest,duplicate_episode_id,deduplicate_keep_latest_create_time,True,/home/nk/Projects/data-mining/Chapter_4/Bai_3/output/manifest_snapshots/manifest_2026-08-29.csv
102848785,manifest,duplicate_episode_id,deduplicate_keep_latest_create_time,True,/home/nk/Projects/data-mining/Chapter_4/Bai_3/output/manifest_snapshots/manifest_2026-08-29.csv
102078489,manifest,duplicate_episode_id,deduplicate_keep_latest_create_time,True,/home/nk/Projects/data-mining/Chapter_4/Bai_3/output/manifest_snapshots/manifest_2026-08-29.csv
102652483,manifest,duplicate_episode_id,deduplicate_keep_latest_create_time,True,/home/nk/Projects/data-mining/Chapter_4/Bai_3/output/manifest_snapshots/manifest_2026-08-29.csv
102516044,manifest,duplicate_episode_id,deduplicate_keep_latest_create_time,True,/home/nk/Projects/data-mining/Chapter_4/Bai_3/output/manifest_snapshots/manifest_2026-08-29.csv
102335330,manifest,duplicate_episode_id,deduplicate_keep_latest_create_time,True,/home/nk/Projects/data-mining/Chapter_4/Bai_3/output/manifest_snapshots/manifest_2026-08-29.csv
102444750,manifest,duplicate_episode_id,deduplicate_keep_latest_create_time,True,/home/nk/Projects/data-mining/Chapter_4/Bai_3/output/manifest_snapshots/manifest_2026-08-29.csv
102094187,manifest,duplicate_episode_id,deduplicate_keep_latest_create_time,True,/home/nk/Projects/data-mining/Chapter_4/Bai_3/output/manifest_snapshots/manifest_2026-08-29.csv
102339808,manifest,duplicate_episode_id,deduplicate_keep_latest_create_time,True,/home/nk/Projects/data-mining/Chapter_4/Bai_3/output/manifest_snapshots/manifest_2026-08-29.csv
102313119,manifest,duplicate_episode_id,deduplicate_keep_latest_create_time,True,/home/nk/Projects/data-mining/Chapter_4/Bai_3/output/manifest_snapshots/manifest_2026-08-29.csv
102534021,manifest,duplicate_episode_id,deduplicate_keep_latest_create_time,True,/home/nk/Projects/data-mining/Chapter_4/Bai_3/output/manifest_snapshots/manifest_2026-08-29.csv
102190128,manifest,duplicate_episode_id,deduplicate_keep_latest_create_time,True,/home/nk/Projects/data-mining/Chapter_4/Bai_3/output/manifest_snapshots/manifest_2026-08-29.csv
102634589,manifest,duplicate_episode_id,deduplicate_keep_latest_create_time,True,/home/nk/Projects/data-mining/Chapter_4/Bai_3/output/manifest_snapshots/manifest_2026-08-29.csv
102109920,manifest,duplicate_episode_id,deduplicate_keep_latest_create_time,True,/home/nk/Projects/data-mining/Chapter_4/Bai_3/output/manifest_snapshots/manifest_2026-08-29.csv
102592272,manifest,duplicate_episode_id,deduplicate_keep_latest_create_time,True,/home/nk/Projects/data-mining/Chapter_4/Bai_3/output/manifest_snapshots/manifest_2026-08-29.csv
102408936,manifest,duplicate_episode_id,deduplicate_keep_latest_create_time,True,/home/nk/Projects/data-mining/Chapter_4/Bai_3/output/manifest_snapshots/manifest_2026-08-29.csv
102065094,manifest,duplicate_episode_id,deduplicate_keep_latest_create_time,True,/home/nk/Projects/data-mining/Chapter_4/Bai_3/output/manifest_snapshots/manifest_2026-08-29.csv
102279559,manifest,duplicate_episode_id,deduplicate_keep_latest_create_time,True,/home/nk/Projects/data-mining/Chapter_4/Bai_3/output/manifest_snapshots/manifest_2026-08-29.csv
102571934,manifest,duplicate_episode_id,deduplicate_keep_latest_create_time,True,/home/nk/Projects/data-mining/Chapter_4/Bai_3/output/manifest_snapshots/manifest_2026-08-29.csv
102205861,manifest,duplicate_episode_id,deduplicate_keep_latest_create_time,True,/home/nk/Projects/data-mining/Chapter_4/Bai_3/output/manifest_snapshots/manifest_2026-08-29.csv
102681427,manifest,duplicate_episode_id,deduplicate_keep_latest_create_time,True,/home/nk/Projects/data-mining/Chapter_4/Bai_3/output/manifest_snapshots/manifest_2026-08-29.csv
102366678,manifest,duplicate_episode_id,deduplicate_keep_latest_create_time,True,/home/nk/Projects/data-mining/Chapter_4/Bai_3/output/manifest_snapshots/manifest_2026-08-29.csv
102567567,manifest,duplicate_episode_id,deduplicate_keep_latest_create_time,True,/home/nk/Projects/data-mining/Chapter_4/Bai_3/output/manifest_snapshots/manifest_2026-08-29.csv
102681352,manifest,duplicate_episode_id,deduplicate_keep_latest_create_time,True,/home/nk/Projects/data-mining/Chapter_4/Bai_3/output/manifest_snapshots/manifest_2026-08-29.csv
102663732,manifest,duplicate_episode_id,deduplicate_keep_latest_create_time,True,/home/nk/Projects/data-mining/Chapter_4/Bai_3/output/manifest_snapshots/manifest_2026-08-29.csv
102342039,manifest,duplicate_episode_id,deduplicate_keep_latest_create_time,True,/home/nk/Projects/data-mining/Chapter_4/Bai_3/output/manifest_snapshots/manifest_2026-08-29.csv
102551885,manifest,duplicate_episode_id,deduplicate_keep_latest_create_time,True,/home/nk/Projects/data-mining/Chapter_4/Bai_3/output/manifest_snapshots/manifest_2026-08-29.csv
102451456,manifest,duplicate_episode_id,deduplicate_keep_latest_create_time,True,/home/nk/Projects/data-mining/Chapter_4/Bai_3/output/manifest_snapshots/manifest_2026-08-29.csv
102344282,manifest,duplicate_episode_id,deduplicate_keep_latest_create_time,True,/home/nk/Projects/data-mining/Chapter_4/Bai_3/output/manifest_snapshots/manifest_2026-08-29.csv
102717091,manifest,duplicate_episode_id,deduplicate_keep_latest_create_time,True,/home/nk/Projects/data-mining/Chapter_4/Bai_3/output/manifest_snapshots/manifest_2026-08-29.csv
102330847,manifest,duplicate_episode_id,deduplicate_keep_latest_create_time,True,/home/nk/Projects/data-mining/Chapter_4/Bai_3/output/manifest_snapshots/manifest_2026-08-29.csv
102797444,manifest,duplicate_episode_id,deduplicate_keep_latest_create_time,True,/home/nk/Projects/data-mining/Chapter_4/Bai_3/output/manifest_snapshots/manifest_2026-08-29.csv
102804030,manifest,duplicate_episode_id,deduplicate_keep_latest_create_time,True,/home/nk/Projects/data-mining/Chapter_4/Bai_3/output/manifest_snapshots/manifest_2026-08-29.csv
102547420,manifest,duplicate_episode_id,deduplicate_keep_latest_create_time,True,/home/nk/Projects/data-mining/Chapter_4/Bai_3/output/manifest_snapshots/manifest_2026-08-29.csv
102788415,manifest,duplicate_episode_id,deduplicate_keep_latest_create_time,True,/home/nk/Projects/data-mining/Chapter_4/Bai_3/output/manifest_snapshots/manifest_2026-08-29.csv
102656956,manifest,duplicate_episode_id,deduplicate_keep_latest_create_time,True,/home/nk/Projects/data-mining/Chapter_4/Bai_3/output/manifest_snapshots/manifest_2026-08-29.csv
102080767,manifest,duplicate_episode_id,deduplicate_keep_latest_create_time,True,/home/nk/Projects/data-mining/Chapter_4/Bai_3/output/manifest_snapshots/manifest_2026-08-29.csv
102082949,manifest,duplicate_episode_id,deduplicate_keep_latest_create_time,True,/home/nk/Projects/data-mining/Chapter_4/Bai_3/output/manifest_snapshots/manifest_2026-08-29.csv
102083141,manifest,duplicate_episode_id,deduplicate_keep_latest_create_time,True,/home/nk/Projects/data-mining/Chapter_4/Bai_3/output/manifest_snapshots/manifest_2026-08-29.csv
102750665,manifest,duplicate_episode_id,deduplicate_keep_latest_create_time,True,/home/nk/Projects/data-mining/Chapter_4/Bai_3/output/manifest_snapshots/manifest_2026-08-29.csv
102333093,manifest,duplicate_episode_id,deduplicate_keep_latest_create_time,True,/home/nk/Projects/data-mining/Chapter_4/Bai_3/output/manifest_snapshots/manifest_2026-08-29.csv
102650243,manifest,duplicate_episode_id,deduplicate_keep_latest_create_time,True,/home/nk/Projects/data-mining/Chapter_4/Bai_3/output/manifest_snapshots/manifest_2026-08-29.csv
102145645,manifest,duplicate_episode_id,deduplicate_keep_latest_create_time,True,/home/nk/Projects/data-mining/Chapter_4/Bai_3/output/manifest_snapshots/manifest_2026-08-29.csv
102293010,manifest,duplicate_episode_id,deduplicate_keep_latest_create_time,True,/home/nk/Projects/data-mining/Chapter_4/Bai_3/output/manifest_snapshots/manifest_2026-08-29.csv
102574170,manifest,duplicate_episode_id,deduplicate_keep_latest_create_time,True,/home/nk/Projects/data-mining/Chapter_4/Bai_3/output/manifest_snapshots/manifest_2026-08-29.csv
102216977,manifest,duplicate_episode_id,deduplicate_keep_latest_create_time,True,/home/nk/Projects/data-mining/Chapter_4/Bai_3/output/manifest_snapshots/manifest_2026-08-29.csv
102299586,manifest,duplicate_episode_id,deduplicate_keep_latest_create_time,True,/home/nk/Projects/data-mining/Chapter_4/Bai_3/output/manifest_snapshots/manifest_2026-08-29.csv
102509338,manifest,duplicate_episode_id,deduplicate_keep_latest_create_time,True,/home/nk/Projects/data-mining/Chapter_4/Bai_3/output/manifest_snapshots/manifest_2026-08-29.csv
102576404,manifest,duplicate_episode_id,deduplicate_keep_latest_create_time,True,/home/nk/Projects/data-mining/Chapter_4/Bai_3/output/manifest_snapshots/manifest_2026-08-29.csv
102763891,manifest,duplicate_episode_id,deduplicate_keep_latest_create_time,True,/home/nk/Projects/data-mining/Chapter_4/Bai_3/output/manifest_snapshots/manifest_2026-08-29.csv
102824214,manifest,duplicate_episode_id,deduplicate_keep_latest_create_time,True,/home/nk/Projects/data-mining/Chapter_4/Bai_3/output/manifest_snapshots/manifest_2026-08-29.csv
102770570,manifest,duplicate_episode_id,deduplicate_keep_latest_create_time,True,/home/nk/Projects/data-mining/Chapter_4/Bai_3/output/manifest_snapshots/manifest_2026-08-29.csv
102295115,manifest,duplicate_episode_id,deduplicate_keep_latest_create_time,True,/home/nk/Projects/data-mining/Chapter_4/Bai_3/output/manifest_snapshots/manifest_2026-08-29.csv
102795038,manifest,duplicate_episode_id,deduplicate_keep_latest_create_time,True,/home/nk/Projects/data-mining/Chapter_4/Bai_3/output/manifest_snapshots/manifest_2026-08-29.csv
102670205,manifest,duplicate_episode_id,deduplicate_keep_latest_create_time,True,/home/nk/Projects/data-mining/Chapter_4/Bai_3/output/manifest_snapshots/manifest_2026-08-29.csv
102201381,manifest,duplicate_episode_id,deduplicate_keep_latest_create_time,True,/home/nk/Projects/data-mining/Chapter_4/Bai_3/output/manifest_snapshots/manifest_2026-08-29.csv
102112156,manifest,duplicate_episode_id,deduplicate_keep_latest_create_time,True,/home/nk/Projects/data-mining/Chapter_4/Bai_3/output/manifest_snapshots/manifest_2026-08-29.csv
102552024,manifest,duplicate_episode_id,deduplicate_keep_latest_create_time,True,/home/nk/Projects/data-mining/Chapter_4/Bai_3/output/manifest_snapshots/manifest_2026-08-29.csv
102630123,manifest,duplicate_episode_id,deduplicate_keep_latest_create_time,True,/home/nk/Projects/data-mining/Chapter_4/Bai_3/output/manifest_snapshots/manifest_2026-08-29.csv
102797343,manifest,duplicate_episode_id,deduplicate_keep_latest_create_time,True,/home/nk/Projects/data-mining/Chapter_4/Bai_3/output/manifest_snapshots/manifest_2026-08-29.csv
102777414,manifest,duplicate_episode_id,deduplicate_keep_latest_create_time,True,/home/nk/Projects/data-mining/Chapter_4/Bai_3/output/manifest_snapshots/manifest_2026-08-29.csv
102601001,manifest,duplicate_episode_id,deduplicate_keep_latest_create_time,True,/home/nk/Projects/data-mining/Chapter_4/Bai_3/output/manifest_snapshots/manifest_2026-08-29.csv
102076300,manifest,duplicate_episode_id,deduplicate_keep_latest_create_time,True,/home/nk/Projects/data-mining/Chapter_4/Bai_3/output/manifest_snapshots/manifest_2026-08-29.csv
102799490,manifest,duplicate_episode_id,deduplicate_keep_latest_create_time,True,/home/nk/Projects/data-mining/Chapter_4/Bai_3/output/manifest_snapshots/manifest_2026-08-29.csv
102619050,manifest,duplicate_episode_id,deduplicate_keep_latest_create_time,True,/home/nk/Projects/data-mining/Chapter_4/Bai_3/output/manifest_snapshots/manifest_2026-08-29.csv
102339821,manifest,duplicate_episode_id,deduplicate_keep_latest_create_time,True,/home/nk/Projects/data-mining/Chapter_4/Bai_3/output/manifest_snapshots/manifest_2026-08-29.csv
102667976,manifest,duplicate_episode_id,deduplicate_keep_latest_create_time,True,/home/nk/Projects/data-mining/Chapter_4/Bai_3/output/manifest_snapshots/manifest_2026-08-29.csv
102337576,manifest,duplicate_episode_id,deduplicate_keep_latest_create_time,True,/home/nk/Projects/data-mining/Chapter_4/Bai_3/output/manifest_snapshots/manifest_2026-08-29.csv
102826416,manifest,duplicate_episode_id,deduplicate_keep_latest_create_time,True,/home/nk/Projects/data-mining/Chapter_4/Bai_3/output/manifest_snapshots/manifest_2026-08-29.csv
102190210,manifest,duplicate_episode_id,deduplicate_keep_latest_create_time,True,/home/nk/Projects/data-mining/Chapter_4/Bai_3/output/manifest_snapshots/manifest_2026-08-29.csv
102759654,manifest,duplicate_episode_id,deduplicate_keep_latest_create_time,True,/home/nk/Projects/data-mining/Chapter_4/Bai_3/output/manifest_snapshots/manifest_2026-08-29.csv
102208023,manifest,duplicate_episode_id,deduplicate_keep_latest_create_time,True,/home/nk/Projects/data-mining/Chapter_4/Bai_3/output/manifest_snapshots/manifest_2026-08-29.csv
102270520,manifest,duplicate_episode_id,deduplicate_keep_latest_create_time,True,/home/nk/Projects/data-mining/Chapter_4/Bai_3/output/manifest_snapshots/manifest_2026-08-29.csv
102326376,manifest,duplicate_episode_id,deduplicate_keep_latest_create_time,True,/home/nk/Projects/data-mining/Chapter_4/Bai_3/output/manifest_snapshots/manifest_2026-08-29.csv
102529542,manifest,duplicate_episode_id,deduplicate_keep_latest_create_time,True,/home/nk/Projects/data-mining/Chapter_4/Bai_3/output/manifest_snapshots/manifest_2026-08-29.csv
102547476,manifest,duplicate_episode_id,deduplicate_keep_latest_create_time,True,/home/nk/Projects/data-mining/Chapter_4/Bai_3/output/manifest_snapshots/manifest_2026-08-29.csv
102080904,manifest,duplicate_episode_id,deduplicate_keep_latest_create_time,True,/home/nk/Projects/data-mining/Chapter_4/Bai_3/output/manifest_snapshots/manifest_2026-08-29.csv
102342029,manifest,duplicate_episode_id,deduplicate_keep_latest_create_time,True,/home/nk/Projects/data-mining/Chapter_4/Bai_3/output/manifest_snapshots/manifest_2026-08-29.csv
102692510,manifest,duplicate_episode_id,deduplicate_keep_latest_create_time,True,/home/nk/Projects/data-mining/Chapter_4/Bai_3/output/manifest_snapshots/manifest_2026-08-29.csv
102862048,manifest,duplicate_episode_id,deduplicate_keep_latest_create_time,True,/home/nk/Projects/data-mining/Chapter_4/Bai_3/output/manifest_snapshots/manifest_2026-08-29.csv
102520529,manifest,duplicate_episode_id,deduplicate_keep_latest_create_time,True,/home/nk/Projects/data-mining/Chapter_4/Bai_3/output/manifest_snapshots/manifest_2026-08-29.csv
102321903,manifest,duplicate_episode_id,deduplicate_keep_latest_create_time,True,/home/nk/Projects/data-mining/Chapter_4/Bai_3/output/manifest_snapshots/manifest_2026-08-29.csv
102069591,manifest,duplicate_episode_id,deduplicate_keep_latest_create_time,True,/home/nk/Projects/data-mining/Chapter_4/Bai_3/output/manifest_snapshots/manifest_2026-08-29.csv
102252783,manifest,duplicate_episode_id,deduplicate_keep_latest_create_time,True,/home/nk/Projects/data-mining/Chapter_4/Bai_3/output/manifest_snapshots/manifest_2026-08-29.csv
102357672,manifest,duplicate_episode_id,deduplicate_keep_latest_create_time,True,/home/nk/Projects/data-mining/Chapter_4/Bai_3/output/manifest_snapshots/manifest_2026-08-29.csv
102431414,manifest,duplicate_episode_id,deduplicate_keep_latest_create_time,True,/home/nk/Projects/data-mining/Chapter_4/Bai_3/output/manifest_snapshots/manifest_2026-08-29.csv
102364469,manifest,duplicate_episode_id,deduplicate_keep_latest_create_time,True,/home/nk/Projects/data-mining/Chapter_4/Bai_3/output/manifest_snapshots/manifest_2026-08-29.csv
102426833,manifest,duplicate_episode_id,deduplicate_keep_latest_create_time,True,/home/nk/Projects/data-mining/Chapter_4/Bai_3/output/manifest_snapshots/manifest_2026-08-29.csv
102199146,manifest,duplicate_episode_id,deduplicate_keep_latest_create_time,True,/home/nk/Projects/data-mining/Chapter_4/Bai_3/output/manifest_snapshots/manifest_2026-08-29.csv
102625629,manifest,duplicate_episode_id,deduplicate_keep_latest_create_time,True,/home/nk/Projects/data-mining/Chapter_4/Bai_3/output/manifest_snapshots/manifest_2026-08-29.csv
102132232,manifest,duplicate_episode_id,deduplicate_keep_latest_create_time,True,/home/nk/Projects/data-mining/Chapter_4/Bai_3/output/manifest_snapshots/manifest_2026-08-29.csv
102699210,manifest,duplicate_episode_id,deduplicate_keep_latest_create_time,True,/home/nk/Projects/data-mining/Chapter_4/Bai_3/output/manifest_snapshots/manifest_2026-08-29.csv
102752906,manifest,duplicate_episode_id,deduplicate_keep_latest_create_time,True,/home/nk/Projects/data-mining/Chapter_4/Bai_3/output/manifest_snapshots/manifest_2026-08-29.csv
102391046,manifest,duplicate_episode_id,deduplicate_keep_latest_create_time,True,/home/nk/Projects/data-mining/Chapter_4/Bai_3/output/manifest_snapshots/manifest_2026-08-29.csv
102237133,manifest,duplicate_episode_id,deduplicate_keep_latest_create_time,True,/home/nk/Projects/data-mining/Chapter_4/Bai_3/output/manifest_snapshots/manifest_2026-08-29.csv
102786175,manifest,duplicate_episode_id,deduplicate_keep_latest_create_time,True,/home/nk/Projects/data-mining/Chapter_4/Bai_3/output/manifest_snapshots/manifest_2026-08-29.csv
102460289,manifest,duplicate_episode_id,deduplicate_keep_latest_create_time,True,/home/nk/Projects/data-mining/Chapter_4/Bai_3/output/manifest_snapshots/manifest_2026-08-29.csv
102330861,manifest,duplicate_episode_id,deduplicate_keep_latest_create_time,True,/home/nk/Projects/data-mining/Chapter_4/Bai_3/output/manifest_snapshots/manifest_2026-08-29.csv
102859850,manifest,duplicate_episode_id,deduplicate_keep_latest_create_time,True,/home/nk/Projects/data-mining/Chapter_4/Bai_3/output/manifest_snapshots/manifest_2026-08-29.csv
102143389,manifest,duplicate_episode_id,deduplicate_keep_latest_create_time,True,/home/nk/Projects/data-mining/Chapter_4/Bai_3/output/manifest_snapshots/manifest_2026-08-29.csv
102261664,manifest,duplicate_episode_id,deduplicate_keep_latest_create_time,True,/home/nk/Projects/data-mining/Chapter_4/Bai_3/output/manifest_snapshots/manifest_2026-08-29.csv
102118885,manifest,duplicate_episode_id,deduplicate_keep_latest_create_time,True,/home/nk/Projects/data-mining/Chapter_4/Bai_3/output/manifest_snapshots/manifest_2026-08-29.csv
102618896,manifest,duplicate_episode_id,deduplicate_keep_latest_create_time,True,/home/nk/Projects/data-mining/Chapter_4/Bai_3/output/manifest_snapshots/manifest_2026-08-29.csv
102147918,manifest,duplicate_episode_id,deduplicate_keep_latest_create_time,True,/home/nk/Projects/data-mining/Chapter_4/Bai_3/output/manifest_snapshots/manifest_2026-08-29.csv
102355428,manifest,duplicate_episode_id,deduplicate_keep_latest_create_time,True,/home/nk/Projects/data-mining/Chapter_4/Bai_3/output/manifest_snapshots/manifest_2026-08-29.csv
102328615,manifest,duplicate_episode_id,deduplicate_keep_latest_create_time,True,/home/nk/Projects/data-mining/Chapter_4/Bai_3/output/manifest_snapshots/manifest_2026-08-29.csv
102518349,manifest,duplicate_episode_id,deduplicate_keep_latest_create_time,True,/home/nk/Projects/data-mining/Chapter_4/Bai_3/output/manifest_snapshots/manifest_2026-08-29.csv
102558664,manifest,duplicate_episode_id,deduplicate_keep_latest_create_time,True,/home/nk/Projects/data-mining/Chapter_4/Bai_3/output/manifest_snapshots/manifest_2026-08-29.csv
102292975,manifest,duplicate_episode_id,deduplicate_keep_latest_create_time,True,/home/nk/Projects/data-mining/Chapter_4/Bai_3/output/manifest_snapshots/manifest_2026-08-29.csv
